<?xml version="1.0"?>

<gutenprint xmlns="http://gimp-print.sourceforge.net/xsd/gp.xsd-1.0"
xmlns:xsi="http://www.w3.org/2001/XMLSchema-instance"
xsi:schemaLocation="http://gimp-print.sourceforge.net/xsd/gp.xsd-1.0 gutenprint.xsd">
<copyright>
 *   Copyright 2008 Robert Krawitz (rlk@alum.mit.edu)
 *
 *   This program is free software; you can redistribute it and/or modify it
 *   under the terms of the GNU General Public License as published by the Free
 *   Software Foundation; either version 2 of the License, or (at your option)
 *   any later version.
 *
 *   This program is distributed in the hope that it will be useful, but
 *   WITHOUT ANY WARRANTY; without even the implied warranty of MERCHANTABILITY
 *   or FITNESS FOR A PARTICULAR PURPOSE.  See the GNU General Public License
 *   for more details.
 *
 *   You should have received a copy of the GNU General Public License
 *   along with this program; if not, write to the Free Software
 *   Foundation, Inc., 59 Temple Place - Suite 330, Boston, MA 02111-1307, USA.
</copyright>
<escp2:model id="87">
 <media src="escp2/media/b500.xml"/>
 <inputSlots src="escp2/inputslots/b500.xml"/>
 <qualityPresets src="escp2/qualitypresets/standard.xml"/>
 <inkGroup src="escp2/inks/b500.xml"/>
 <mediaSizes src="escp2/mediasizes/standard.xml"/>
 <preinitSequence>\000\000\000\033\001@EJL\0401284.4\012@EJL\040\040\040\040\040\012\033@</preinitSequence>
 <preinitRemoteSequence>SN\001\000\000</preinitRemoteSequence>
 <postinitRemoteSequence>JE\001\000\000</postinitRemoteSequence>
 <commandSet>2000</commandSet>
 <borderless>No</borderless>
 <supportsVariableDropsizes/>
 <hasFastGraymode/>
 <sendZeroAdvance/>
 <supportsD4Mode/>
 <preferredEnvelopeOrientation>Portrait</preferredEnvelopeOrientation>
 <headConfiguration type="default">
  <Nozzles>358</Nozzles>
  <MinNozzles>1</MinNozzles>
  <FirstNozzle>1</FirstNozzle>
  <NozzleSeparation>1</NozzleSeparation>
 </headConfiguration>
 <physicalChannels>4</physicalChannels>
 <baseSeparation>360</baseSeparation>
 <minimumResolution>360 360</minimumResolution>
 <maximumResolution>5760 2880</maximumResolution>
 <extraVerticalFeed>360</extraVerticalFeed>
 <separationRows>1</separationRows>
 <zeroMarginOffset>80</zeroMarginOffset>
 <microLeftMargin>42</microLeftMargin>
 <initialVerticalOffset>-7</initialVerticalOffset>
 <minHorizontalAlignment>1</minHorizontalAlignment>
 <baseHorizontalAlignment>28800</baseHorizontalAlignment>
 <bidirectionalAutoUpperLimit>1036800</bidirectionalAutoUpperLimit>
 <minimumMediaSize>144 144</minimumMediaSize>
 <maximumMediaSize>612 86400</maximumMediaSize>
 <maximumImageableArea>612 86400</maximumImageableArea>
 <margins interleave="soft" media="sheet">9 9 0 0</margins>
 <margins interleave="printer" media="sheet">9 9 0 0</margins>
 <margins interleave="soft" media="roll">9 9 0 0</margins>
 <margins interleave="printer" media="roll">9 9 0 0</margins>
 <margins duplex="duplex">-32768 -32768 27 27</margins>
 <AlignmentChoices>4 15 0 0</AlignmentChoices>
 <ChannelNames>
  <ChannelName translate="name" name="Black"/>
  <ChannelName translate="name" name="Cyan"/>
  <ChannelName translate="name" name="Magenta"/>
  <ChannelName translate="name" name="Yellow"/>
 </ChannelNames>
 <resolutionScale>14400</resolutionScale>
 <resolutions>
  <resolution translate="text" name="360sw" text="360 DPI">
   <physicalResolution>360 360</physicalResolution>
   <parameter type="float" name="escp2_density">3.000000</parameter>
   <parameter type="integer" name="escp2_ink_type">17</parameter>
   <parameter type="integer" name="escp2_base_res">360</parameter>
   <parameter type="integer" name="escp2_bits">2</parameter>
   <parameter type="float" name="DropSize1">0.300000</parameter>
   <parameter type="float" name="DropSize2">0.500000</parameter>
   <parameter type="float" name="DropSize3">1.000000</parameter>
  </resolution>
  <resolution translate="text" name="720x360sw" text="720 x 360 DPI">
   <physicalResolution>720 360</physicalResolution>
   <parameter type="float" name="escp2_density">1.630000</parameter>
   <parameter type="integer" name="escp2_ink_type">17</parameter>
   <parameter type="integer" name="escp2_base_res">720</parameter>
   <parameter type="integer" name="escp2_bits">2</parameter>
   <parameter type="float" name="DropSize1">0.227000</parameter>
   <parameter type="float" name="DropSize2">0.500000</parameter>
   <parameter type="float" name="DropSize3">1.000000</parameter>
  </resolution>
  <resolution translate="text" name="720x360hq" text="720 x 360 DPI Enhanced">
   <physicalResolution>720 360</physicalResolution>
   <verticalPasses>2</verticalPasses>
   <parameter type="float" name="escp2_density">1.630000</parameter>
   <parameter type="integer" name="escp2_ink_type">17</parameter>
   <parameter type="integer" name="escp2_base_res">720</parameter>
   <parameter type="integer" name="escp2_bits">2</parameter>
   <parameter type="float" name="DropSize1">0.227000</parameter>
   <parameter type="float" name="DropSize2">0.500000</parameter>
   <parameter type="float" name="DropSize3">1.000000</parameter>
  </resolution>
  <resolution translate="text" name="720sw" text="720 DPI">
   <physicalResolution>720 720</physicalResolution>
   <parameter type="float" name="escp2_density">0.817000</parameter>
   <parameter type="integer" name="escp2_ink_type">18</parameter>
   <parameter type="integer" name="escp2_base_res">720</parameter>
   <parameter type="integer" name="escp2_bits">2</parameter>
   <parameter type="float" name="DropSize1">0.227000</parameter>
   <parameter type="float" name="DropSize2">0.500000</parameter>
   <parameter type="float" name="DropSize3">1.000000</parameter>
  </resolution>
  <resolution translate="text" name="720hq" text="720 DPI High Quality">
   <physicalResolution>720 720</physicalResolution>
   <verticalPasses>2</verticalPasses>
   <parameter type="float" name="escp2_density">0.817000</parameter>
   <parameter type="integer" name="escp2_ink_type">18</parameter>
   <parameter type="integer" name="escp2_base_res">720</parameter>
   <parameter type="integer" name="escp2_bits">2</parameter>
   <parameter type="float" name="DropSize1">0.227000</parameter>
   <parameter type="float" name="DropSize2">0.500000</parameter>
   <parameter type="float" name="DropSize3">1.000000</parameter>
  </resolution>
  <resolution translate="text" name="1440x720sw" text="1440 x 720 DPI">
   <physicalResolution>1440 720</physicalResolution>
   <parameter type="float" name="escp2_density">1.250000</parameter>
   <parameter type="integer" name="escp2_ink_type">19</parameter>
   <parameter type="integer" name="escp2_base_res">720</parameter>
   <parameter type="integer" name="escp2_bits">2</parameter>
   <parameter type="float" name="DropSize1">0.550000</parameter>
   <parameter type="float" name="DropSize2">0.680000</parameter>
   <parameter type="float" name="DropSize3">1.000000</parameter>
  </resolution>
  <resolution translate="text" name="1440x720hq" text="1440 x 720 DPI High Quality">
   <physicalResolution>1440 720</physicalResolution>
   <verticalPasses>2</verticalPasses>
   <parameter type="float" name="escp2_density">1.250000</parameter>
   <parameter type="integer" name="escp2_ink_type">19</parameter>
   <parameter type="integer" name="escp2_base_res">720</parameter>
   <parameter type="integer" name="escp2_bits">2</parameter>
   <parameter type="float" name="DropSize1">0.550000</parameter>
   <parameter type="float" name="DropSize2">0.680000</parameter>
   <parameter type="float" name="DropSize3">1.000000</parameter>
  </resolution>
  <resolution translate="text" name="1440x1440ov" text="1440 x 1440 DPI">
   <physicalResolution>2880 1440</physicalResolution>
   <printedResolution>1440 1440</printedResolution>
   <parameter type="float" name="escp2_density">0.625000</parameter>
   <parameter type="integer" name="escp2_ink_type">19</parameter>
   <parameter type="integer" name="escp2_base_res">720</parameter>
   <parameter type="integer" name="escp2_bits">2</parameter>
   <parameter type="float" name="DropSize1">0.550000</parameter>
   <parameter type="float" name="DropSize2">0.680000</parameter>
   <parameter type="float" name="DropSize3">1.000000</parameter>
  </resolution>
  <resolution translate="text" name="2880x1440sw" text="2880 x 1440 DPI">
   <physicalResolution>2880 1440</physicalResolution>
   <parameter type="float" name="escp2_density">0.460000</parameter>
   <parameter type="integer" name="escp2_ink_type">19</parameter>
   <parameter type="integer" name="escp2_base_res">720</parameter>
   <parameter type="integer" name="escp2_bits">2</parameter>
   <parameter type="float" name="DropSize1">0.810000</parameter>
   <parameter type="float" name="DropSize2">1.000000</parameter>
  </resolution>
  <resolution translate="text" name="5760x1440sw" text="5760 x 1440 DPI">
   <physicalResolution>5760 1440</physicalResolution>
   <parameter type="float" name="escp2_density">0.284000</parameter>
   <parameter type="integer" name="escp2_ink_type">19</parameter>
   <parameter type="integer" name="escp2_base_res">720</parameter>
   <parameter type="integer" name="escp2_bits">2</parameter>
   <parameter type="float" name="DropSize1">1.000000</parameter>
  </resolution>
  <resolution translate="text" name="2880x2880sw" text="2880 x 2880 DPI">
   <physicalResolution>2880 2880</physicalResolution>
   <parameter type="float" name="escp2_density">0.284000</parameter>
   <parameter type="integer" name="escp2_ink_type">19</parameter>
   <parameter type="integer" name="escp2_base_res">720</parameter>
   <parameter type="integer" name="escp2_bits">2</parameter>
   <parameter type="float" name="DropSize1">1.000000</parameter>
  </resolution>
  <resolution translate="text" name="5760x2880sw" text="5760 x 2880 DPI">
   <physicalResolution>5760 2880</physicalResolution>
   <parameter type="float" name="escp2_density">0.142000</parameter>
   <parameter type="integer" name="escp2_ink_type">19</parameter>
   <parameter type="integer" name="escp2_base_res">720</parameter>
   <parameter type="integer" name="escp2_bits">2</parameter>
   <parameter type="float" name="DropSize1">1.000000</parameter>
  </resolution>
 </resolutions>
</escp2:model>
</gutenprint>
