<?xml version="1.0"?>

<gutenprint xmlns="http://gimp-print.sourceforge.net/xsd/gp.xsd-1.0"
xmlns:xsi="http://www.w3.org/2001/XMLSchema-instance"
xsi:schemaLocation="http://gimp-print.sourceforge.net/xsd/gp.xsd-1.0 gutenprint.xsd">
<copyright>
 *   Copyright 2008 Robert Krawitz (rlk@alum.mit.edu)
 *
 *   This program is free software; you can redistribute it and/or modify it
 *   under the terms of the GNU General Public License as published by the Free
 *   Software Foundation; either version 2 of the License, or (at your option)
 *   any later version.
 *
 *   This program is distributed in the hope that it will be useful, but
 *   WITHOUT ANY WARRANTY; without even the implied warranty of MERCHANTABILITY
 *   or FITNESS FOR A PARTICULAR PURPOSE.  See the GNU General Public License
 *   for more details.
 *
 *   You should have received a copy of the GNU General Public License
 *   along with this program; if not, write to the Free Software
 *   Foundation, Inc., 59 Temple Place - Suite 330, Boston, MA 02111-1307, USA.
</copyright>
<escp2:model id="42">
 <media src="escp2/media/x80.xml"/>
 <inputSlots src="escp2/inputslots/default.xml"/>
 <qualityPresets src="escp2/qualitypresets/standard.xml"/>
 <inkGroup src="escp2/inks/x80.xml"/>
 <preinitSequence>\000\000\000\033\001@EJL\0401284.4\012@EJL\040\040\040\040\040\012\033@</preinitSequence>
 <preinitRemoteSequence>PM\002\000\000\000</preinitRemoteSequence>
 <postinitRemoteSequence>JE\001\000\000</postinitRemoteSequence>
 <commandSet>2000</commandSet>
 <borderless>No</borderless>
 <supportsVariableDropsizes/>
 <hasFastGraymode/>
 <sendZeroAdvance/>
 <supportsInkChange/>
 <supportsD4Mode/>
 <preferredEnvelopeOrientation>Landscape</preferredEnvelopeOrientation>
 <headConfiguration type="default">
  <Nozzles>15</Nozzles>
  <MinNozzles>15</MinNozzles>
  <FirstNozzle>0</FirstNozzle>
  <NozzleSeparation>3</NozzleSeparation>
 </headConfiguration>
 <headConfiguration type="black">
  <Nozzles>48</Nozzles>
  <MinNozzles>48</MinNozzles>
  <FirstNozzle>0</FirstNozzle>
  <NozzleSeparation>3</NozzleSeparation>
 </headConfiguration>
 <headConfiguration type="fast">
  <Nozzles>48</Nozzles>
  <MinNozzles>48</MinNozzles>
  <FirstNozzle>0</FirstNozzle>
  <NozzleSeparation>3</NozzleSeparation>
 </headConfiguration>
 <physicalChannels>4</physicalChannels>
 <baseSeparation>360</baseSeparation>
 <resolutionScale>14400</resolutionScale>
 <minimumResolution>90 90</minimumResolution>
 <maximumResolution>720 720</maximumResolution>
 <separationRows>1</separationRows>
 <initialVerticalOffset>-99</initialVerticalOffset>
 <minHorizontalAlignment>1</minHorizontalAlignment>
 <baseHorizontalAlignment>28800</baseHorizontalAlignment>
 <bidirectionalAutoUpperLimit>518400</bidirectionalAutoUpperLimit>
 <minimumMediaSize>144 144</minimumMediaSize>
 <maximumMediaSize>684 86400</maximumMediaSize>
 <maximumImageableArea>612 86400</maximumImageableArea>
 <margins interleave="soft" media="sheet">9 9 0 9</margins>
 <margins interleave="printer" media="sheet">9 9 9 9</margins>
 <margins interleave="soft" media="roll">9 9 0 0</margins>
 <margins interleave="printer" media="roll">9 9 0 0</margins>
 <AlignmentChoices>3 15 0 0</AlignmentChoices>
 <ChannelNames>
  <ChannelName translate="name" name="Black"/>
  <ChannelName translate="name" name="Cyan"/>
  <ChannelName translate="name" name="Magenta"/>
  <ChannelName translate="name" name="Yellow"/>
 </ChannelNames>
 <resolutions>
  <resolution translate="text" name="360x120sw" text="360 x 120 DPI Economy">
   <physicalResolution>360 120</physicalResolution>
   <parameter type="float" name="escp2_density">2.800000</parameter>
   <parameter type="integer" name="escp2_ink_type">19</parameter>
   <parameter type="integer" name="escp2_base_res">360</parameter>
   <parameter type="integer" name="escp2_bits">2</parameter>
   <parameter type="float" name="DropSize1">0.325000</parameter>
   <parameter type="float" name="DropSize2">0.500000</parameter>
   <parameter type="float" name="DropSize3">1.000000</parameter>
  </resolution>
  <resolution translate="text" name="360x240sw" text="360 x 240 DPI Draft">
   <physicalResolution>360 240</physicalResolution>
   <parameter type="float" name="escp2_density">2.800000</parameter>
   <parameter type="integer" name="escp2_ink_type">19</parameter>
   <parameter type="integer" name="escp2_base_res">360</parameter>
   <parameter type="integer" name="escp2_bits">2</parameter>
   <parameter type="float" name="DropSize1">0.325000</parameter>
   <parameter type="float" name="DropSize2">0.500000</parameter>
   <parameter type="float" name="DropSize3">1.000000</parameter>
  </resolution>
  <resolution translate="text" name="360sw" text="360 DPI">
   <physicalResolution>360 360</physicalResolution>
   <parameter type="float" name="escp2_density">1.400000</parameter>
   <parameter type="integer" name="escp2_ink_type">19</parameter>
   <parameter type="integer" name="escp2_base_res">360</parameter>
   <parameter type="integer" name="escp2_bits">2</parameter>
   <parameter type="float" name="DropSize1">0.325000</parameter>
   <parameter type="float" name="DropSize2">0.500000</parameter>
   <parameter type="float" name="DropSize3">1.000000</parameter>
  </resolution>
  <resolution translate="text" name="720x360sw" text="720 x 360 DPI">
   <physicalResolution>720 360</physicalResolution>
   <parameter type="float" name="escp2_density">0.700000</parameter>
   <parameter type="integer" name="escp2_ink_type">19</parameter>
   <parameter type="integer" name="escp2_base_res">360</parameter>
   <parameter type="integer" name="escp2_bits">2</parameter>
   <parameter type="float" name="DropSize1">0.325000</parameter>
   <parameter type="float" name="DropSize2">0.500000</parameter>
   <parameter type="float" name="DropSize3">1.000000</parameter>
  </resolution>
  <resolution translate="text" name="720sw" text="720 DPI">
   <physicalResolution>720 720</physicalResolution>
   <parameter type="float" name="escp2_density">0.710000</parameter>
   <parameter type="integer" name="escp2_ink_type">16</parameter>
   <parameter type="integer" name="escp2_base_res">360</parameter>
   <parameter type="integer" name="escp2_bits">2</parameter>
   <parameter type="float" name="DropSize1">0.325000</parameter>
   <parameter type="float" name="DropSize2">0.500000</parameter>
   <parameter type="float" name="DropSize3">1.000000</parameter>
  </resolution>
  <resolution translate="text" name="720hq" text="720 DPI High Quality">
   <physicalResolution>720 720</physicalResolution>
   <verticalPasses>2</verticalPasses>
   <parameter type="float" name="escp2_density">0.710000</parameter>
   <parameter type="integer" name="escp2_ink_type">16</parameter>
   <parameter type="integer" name="escp2_base_res">360</parameter>
   <parameter type="integer" name="escp2_bits">2</parameter>
   <parameter type="float" name="DropSize1">0.325000</parameter>
   <parameter type="float" name="DropSize2">0.500000</parameter>
   <parameter type="float" name="DropSize3">1.000000</parameter>
  </resolution>
  <resolution translate="text" name="720hq2" text="720 DPI Highest Quality">
   <physicalResolution>720 720</physicalResolution>
   <verticalPasses>4</verticalPasses>
   <parameter type="float" name="escp2_density">0.710000</parameter>
   <parameter type="integer" name="escp2_ink_type">16</parameter>
   <parameter type="integer" name="escp2_base_res">360</parameter>
   <parameter type="integer" name="escp2_bits">2</parameter>
   <parameter type="float" name="DropSize1">0.325000</parameter>
   <parameter type="float" name="DropSize2">0.500000</parameter>
   <parameter type="float" name="DropSize3">1.000000</parameter>
  </resolution>
 </resolutions>
</escp2:model>
</gutenprint>
