<?xml version="1.0"?>

<gutenprint xmlns="http://gimp-print.sourceforge.net/xsd/gp.xsd-1.0"
xmlns:xsi="http://www.w3.org/2001/XMLSchema-instance"
xsi:schemaLocation="http://gimp-print.sourceforge.net/xsd/gp.xsd-1.0 gutenprint.xsd">
<copyright>
 *   Copyright 2008 Robert Krawitz (rlk@alum.mit.edu)
 *
 *   This program is free software; you can redistribute it and/or modify it
 *   under the terms of the GNU General Public License as published by the Free
 *   Software Foundation; either version 2 of the License, or (at your option)
 *   any later version.
 *
 *   This program is distributed in the hope that it will be useful, but
 *   WITHOUT ANY WARRANTY; without even the implied warranty of MERCHANTABILITY
 *   or FITNESS FOR A PARTICULAR PURPOSE.  See the GNU General Public License
 *   for more details.
 *
 *   You should have received a copy of the GNU General Public License
 *   along with this program; if not, write to the Free Software
 *   Foundation, Inc., 59 Temple Place - Suite 330, Boston, MA 02111-1307, USA.
</copyright>
<escp2:model id="63">
 <media src="escp2/media/photo_gen3.xml"/>
 <inputSlots src="escp2/inputslots/cd_roll_feed.xml"/>
 <qualityPresets src="escp2/qualitypresets/standard.xml"/>
 <inkGroup src="escp2/inks/photo_gen3.xml"/>
 <verticalBorderlessSequence>SNP\000\000\014\027\000\000\000\000\000\000\000\003\000\001\001X\002\320\004G\001G\002\000\000\000\000P\010\204\020\030\025\310\031\340=\240\017\214\0120\005\214\000\012\001,\001\000\000\000\000\017\017\017\017\017\017\017\017\004\012\004\017\017\017\017\017\006\004\017\017\000\000\001\001\000\0010\010</verticalBorderlessSequence>
 <preinitSequence>\000\000\000\033\001@EJL\0401284.4\012@EJL\040\040\040\040\040\012\033@</preinitSequence>
 <preinitRemoteSequence>PM\002\000\000\000</preinitRemoteSequence>
 <postinitRemoteSequence>JE\001\000\000</postinitRemoteSequence>
 <commandSet>2000</commandSet>
 <borderless>Full</borderless>
 <supportsVariableDropsizes/>
 <hasFastGraymode/>
 <sendZeroAdvance/>
 <supportsD4Mode/>
 <preferredEnvelopeOrientation>Portrait</preferredEnvelopeOrientation>
 <headConfiguration type="default">
  <Nozzles>90</Nozzles>
  <MinNozzles>1</MinNozzles>
  <FirstNozzle>0</FirstNozzle>
  <NozzleSeparation>3</NozzleSeparation>
 </headConfiguration>
 <physicalChannels>6</physicalChannels>
 <baseSeparation>360</baseSeparation>
 <resolutionScale>14400</resolutionScale>
 <minimumResolution>360 120</minimumResolution>
 <maximumResolution>2880 1440</maximumResolution>
 <separationRows>1</separationRows>
 <zeroMarginOffset>80</zeroMarginOffset>
 <microLeftMargin>42</microLeftMargin>
 <minHorizontalAlignment>1</minHorizontalAlignment>
 <baseHorizontalAlignment>28800</baseHorizontalAlignment>
 <bidirectionalAutoUpperLimit>2073600</bidirectionalAutoUpperLimit>
 <minimumMediaSize>144 144</minimumMediaSize>
 <maximumMediaSize>612 86400</maximumMediaSize>
 <maximumImageableArea>612 86400</maximumImageableArea>
 <margins interleave="soft" media="sheet">9 9 0 9</margins>
 <margins interleave="printer" media="sheet">9 9 0 9</margins>
 <margins interleave="soft" media="roll">9 9 0 0</margins>
 <margins interleave="printer" media="roll">9 9 0 0</margins>
 <CDOffset>204 191</CDOffset>
 <CDMediaSize>595 842</CDMediaSize>
 <extraBottom>24</extraBottom>
 <AlignmentChoices>4 15 0 0</AlignmentChoices>
 <ChannelNames>
  <ChannelName translate="name" name="Black"/>
  <ChannelName translate="name" name="Cyan"/>
  <ChannelName translate="name" name="Light Cyan"/>
  <ChannelName translate="name" name="Magenta"/>
  <ChannelName translate="name" name="Light Magenta"/>
  <ChannelName translate="name" name="Yellow"/>
 </ChannelNames>
 <resolutions>
  <resolution translate="text" name="360x120sw" text="360 x 120 DPI Economy">
   <physicalResolution>360 120</physicalResolution>
   <parameter type="float" name="escp2_density">4.000000</parameter>
   <parameter type="integer" name="escp2_ink_type">16</parameter>
   <parameter type="integer" name="escp2_base_res">360</parameter>
   <parameter type="integer" name="escp2_bits">2</parameter>
   <parameter type="float" name="DropSize1">0.150000</parameter>
   <parameter type="float" name="DropSize2">0.300000</parameter>
   <parameter type="float" name="DropSize3">1.000000</parameter>
  </resolution>
  <resolution translate="text" name="360x240sw" text="360 x 240 DPI Draft">
   <physicalResolution>360 240</physicalResolution>
   <parameter type="float" name="escp2_density">4.000000</parameter>
   <parameter type="integer" name="escp2_ink_type">16</parameter>
   <parameter type="integer" name="escp2_base_res">360</parameter>
   <parameter type="integer" name="escp2_bits">2</parameter>
   <parameter type="float" name="DropSize1">0.150000</parameter>
   <parameter type="float" name="DropSize2">0.300000</parameter>
   <parameter type="float" name="DropSize3">1.000000</parameter>
  </resolution>
  <resolution translate="text" name="360sw" text="360 DPI">
   <physicalResolution>360 360</physicalResolution>
   <parameter type="float" name="escp2_density">2.000000</parameter>
   <parameter type="integer" name="escp2_ink_type">16</parameter>
   <parameter type="integer" name="escp2_base_res">360</parameter>
   <parameter type="integer" name="escp2_bits">2</parameter>
   <parameter type="float" name="DropSize1">0.150000</parameter>
   <parameter type="float" name="DropSize2">0.300000</parameter>
   <parameter type="float" name="DropSize3">1.000000</parameter>
  </resolution>
  <resolution translate="text" name="720x360sw" text="720 x 360 DPI">
   <physicalResolution>720 360</physicalResolution>
   <parameter type="float" name="escp2_density">1.000000</parameter>
   <parameter type="integer" name="escp2_ink_type">16</parameter>
   <parameter type="integer" name="escp2_base_res">360</parameter>
   <parameter type="integer" name="escp2_bits">2</parameter>
   <parameter type="float" name="DropSize1">0.150000</parameter>
   <parameter type="float" name="DropSize2">0.300000</parameter>
   <parameter type="float" name="DropSize3">1.000000</parameter>
  </resolution>
  <resolution translate="text" name="720sw" text="720 DPI">
   <physicalResolution>720 720</physicalResolution>
   <parameter type="float" name="escp2_density">0.679000</parameter>
   <parameter type="integer" name="escp2_ink_type">17</parameter>
   <parameter type="integer" name="escp2_base_res">360</parameter>
   <parameter type="integer" name="escp2_bits">2</parameter>
   <parameter type="float" name="DropSize1">0.150000</parameter>
   <parameter type="float" name="DropSize2">0.500000</parameter>
   <parameter type="float" name="DropSize3">1.000000</parameter>
  </resolution>
  <resolution translate="text" name="1440x720sw" text="1440 x 720 DPI">
   <physicalResolution>1440 720</physicalResolution>
   <parameter type="float" name="escp2_density">0.657000</parameter>
   <parameter type="integer" name="escp2_ink_type">18</parameter>
   <parameter type="integer" name="escp2_base_res">360</parameter>
   <parameter type="integer" name="escp2_bits">2</parameter>
   <parameter type="float" name="DropSize1">0.290000</parameter>
   <parameter type="float" name="DropSize2">0.480000</parameter>
   <parameter type="float" name="DropSize3">1.000000</parameter>
  </resolution>
  <resolution translate="text" name="1440x1440ov" text="1440 x 1440 DPI">
   <physicalResolution>2880 1440</physicalResolution>
   <printedResolution>1440 1440</printedResolution>
   <parameter type="float" name="escp2_density">0.684000</parameter>
   <parameter type="integer" name="escp2_ink_type">18</parameter>
   <parameter type="integer" name="escp2_base_res">360</parameter>
   <parameter type="integer" name="escp2_bits">2</parameter>
   <parameter type="float" name="DropSize1">0.604000</parameter>
   <parameter type="float" name="DropSize2">1.000000</parameter>
  </resolution>
  <resolution translate="text" name="2880x1440sw" text="2880 x 1440 DPI">
   <physicalResolution>2880 1440</physicalResolution>
   <parameter type="float" name="escp2_density">0.566000</parameter>
   <parameter type="integer" name="escp2_ink_type">18</parameter>
   <parameter type="integer" name="escp2_base_res">360</parameter>
   <parameter type="integer" name="escp2_bits">2</parameter>
   <parameter type="float" name="DropSize1">1.000000</parameter>
  </resolution>
 </resolutions>
</escp2:model>
</gutenprint>
