<?xml version="1.0"?>

<gutenprint xmlns="http://gimp-print.sourceforge.net/xsd/gp.xsd-1.0"
xmlns:xsi="http://www.w3.org/2001/XMLSchema-instance"
xsi:schemaLocation="http://gimp-print.sourceforge.net/xsd/gp.xsd-1.0 gutenprint.xsd">
<copyright>
 *   Copyright 2008 Robert Krawitz (rlk@alum.mit.edu)
 *
 *   This program is free software; you can redistribute it and/or modify it
 *   under the terms of the GNU General Public License as published by the Free
 *   Software Foundation; either version 2 of the License, or (at your option)
 *   any later version.
 *
 *   This program is distributed in the hope that it will be useful, but
 *   WITHOUT ANY WARRANTY; without even the implied warranty of MERCHANTABILITY
 *   or FITNESS FOR A PARTICULAR PURPOSE.  See the GNU General Public License
 *   for more details.
 *
 *   You should have received a copy of the GNU General Public License
 *   along with this program; if not, write to the Free Software
 *   Foundation, Inc., 59 Temple Place - Suite 330, Boston, MA 02111-1307, USA.
</copyright>
<escp2:model id="8">
 <media src="escp2/media/photo_gen0.xml"/>
 <inputSlots src="escp2/inputslots/default.xml"/>
 <qualityPresets src="escp2/qualitypresets/standard.xml"/>
 <inkGroup src="escp2/inks/photo_gen0.xml"/>
 <commandSet>1998</commandSet>
 <borderless>No</borderless>
 <preferredEnvelopeOrientation>Landscape</preferredEnvelopeOrientation>
 <headConfiguration type="default">
  <Nozzles>32</Nozzles>
  <MinNozzles>1</MinNozzles>
  <FirstNozzle>0</FirstNozzle>
  <NozzleSeparation>4</NozzleSeparation>
 </headConfiguration>
 <physicalChannels>6</physicalChannels>
 <baseSeparation>360</baseSeparation>
 <minimumResolution>90 90</minimumResolution>
 <maximumResolution>1440 720</maximumResolution>
 <separationRows>1</separationRows>
 <extra720DPISeparation>8</extra720DPISeparation>
 <minHorizontalAlignment>1</minHorizontalAlignment>
 <baseHorizontalAlignment>28800</baseHorizontalAlignment>
 <bidirectionalAutoUpperLimit>518400</bidirectionalAutoUpperLimit>
 <minimumMediaSize>144 144</minimumMediaSize>
 <maximumMediaSize>849 3168</maximumMediaSize>
 <maximumImageableArea>849 3168</maximumImageableArea>
 <margins interleave="soft" media="sheet">9 9 0 30</margins>
 <margins interleave="printer" media="sheet">9 9 0 30</margins>
 <margins interleave="soft" media="roll">9 9 0 0</margins>
 <margins interleave="printer" media="roll">9 9 0 0</margins>
 <AlignmentChoices>1 7 0 0</AlignmentChoices>
 <ChannelNames>
  <ChannelName translate="name" name="Black"/>
  <ChannelName translate="name" name="Cyan"/>
  <ChannelName translate="name" name="Magenta"/>
  <ChannelName translate="name" name="Yellow"/>
  <ChannelName translate="name" name="Light Cyan"/>
  <ChannelName translate="name" name="Light Magenta"/>
 </ChannelNames>
 <resolutions>
  <resolution translate="text" name="360x90dpi" text="360 x 90 DPI Fast Economy">
   <physicalResolution>360 90</physicalResolution>
   <printerWeave command="\033(i\001\000\000"/>
   <parameter type="float" name="escp2_density">2.600000</parameter>
   <parameter type="integer" name="escp2_ink_type">3</parameter>
   <parameter type="integer" name="escp2_base_res">720</parameter>
   <parameter type="integer" name="escp2_bits">1</parameter>
   <parameter type="float" name="DropSize1">1.000000</parameter>
  </resolution>
  <resolution translate="text" name="180dpi" text="180 DPI Economy">
   <physicalResolution>180 180</physicalResolution>
   <printerWeave command="\033(i\001\000\000"/>
   <parameter type="float" name="escp2_density">2.600000</parameter>
   <parameter type="integer" name="escp2_ink_type">3</parameter>
   <parameter type="integer" name="escp2_base_res">720</parameter>
   <parameter type="integer" name="escp2_bits">1</parameter>
   <parameter type="float" name="DropSize1">1.000000</parameter>
  </resolution>
  <resolution translate="text" name="360x180dpi" text="360 x 180 DPI Draft">
   <physicalResolution>360 180</physicalResolution>
   <printerWeave command="\033(i\001\000\000"/>
   <parameter type="float" name="escp2_density">2.600000</parameter>
   <parameter type="integer" name="escp2_ink_type">3</parameter>
   <parameter type="integer" name="escp2_base_res">720</parameter>
   <parameter type="integer" name="escp2_bits">1</parameter>
   <parameter type="float" name="DropSize1">1.000000</parameter>
  </resolution>
  <resolution translate="text" name="360mw" text="360 DPI High Quality">
   <physicalResolution>360 360</physicalResolution>
   <printerWeave command="\033(i\001\000\001"/>
   <parameter type="float" name="escp2_density">1.300000</parameter>
   <parameter type="integer" name="escp2_ink_type">3</parameter>
   <parameter type="integer" name="escp2_base_res">720</parameter>
   <parameter type="integer" name="escp2_bits">1</parameter>
   <parameter type="float" name="DropSize1">1.000000</parameter>
  </resolution>
  <resolution translate="text" name="360" text="360 DPI">
   <physicalResolution>360 360</physicalResolution>
   <printerWeave command="\033(i\001\000\000"/>
   <parameter type="float" name="escp2_density">1.300000</parameter>
   <parameter type="integer" name="escp2_ink_type">3</parameter>
   <parameter type="integer" name="escp2_base_res">720</parameter>
   <parameter type="integer" name="escp2_bits">1</parameter>
   <parameter type="float" name="DropSize1">1.000000</parameter>
  </resolution>
  <resolution translate="text" name="720x360sw" text="720 x 360 DPI">
   <physicalResolution>720 360</physicalResolution>
   <parameter type="float" name="escp2_density">1.300000</parameter>
   <parameter type="integer" name="escp2_ink_type">2</parameter>
   <parameter type="integer" name="escp2_base_res">720</parameter>
   <parameter type="integer" name="escp2_bits">1</parameter>
   <parameter type="float" name="DropSize1">1.000000</parameter>
  </resolution>
  <resolution translate="text" name="720sw" text="720 DPI">
   <physicalResolution>720 720</physicalResolution>
   <parameter type="float" name="escp2_density">0.775000</parameter>
   <parameter type="integer" name="escp2_ink_type">1</parameter>
   <parameter type="integer" name="escp2_base_res">720</parameter>
   <parameter type="integer" name="escp2_bits">1</parameter>
   <parameter type="float" name="DropSize1">1.000000</parameter>
  </resolution>
  <resolution translate="text" name="720hq" text="720 DPI High Quality">
   <physicalResolution>720 720</physicalResolution>
   <verticalPasses>2</verticalPasses>
   <parameter type="float" name="escp2_density">0.775000</parameter>
   <parameter type="integer" name="escp2_ink_type">1</parameter>
   <parameter type="integer" name="escp2_base_res">720</parameter>
   <parameter type="integer" name="escp2_bits">1</parameter>
   <parameter type="float" name="DropSize1">1.000000</parameter>
  </resolution>
  <resolution translate="text" name="1440x720sw" text="1440 x 720 DPI">
   <physicalResolution>1440 720</physicalResolution>
   <parameter type="float" name="escp2_density">0.550000</parameter>
   <parameter type="integer" name="escp2_ink_type">4</parameter>
   <parameter type="integer" name="escp2_base_res">360</parameter>
   <parameter type="integer" name="escp2_bits">1</parameter>
   <parameter type="float" name="DropSize1">1.000000</parameter>
  </resolution>
  <resolution translate="text" name="1440x720hq2" text="1440 x 720 DPI Highest Quality">
   <physicalResolution>1440 720</physicalResolution>
   <verticalPasses>2</verticalPasses>
   <parameter type="float" name="escp2_density">0.550000</parameter>
   <parameter type="integer" name="escp2_ink_type">4</parameter>
   <parameter type="integer" name="escp2_base_res">360</parameter>
   <parameter type="integer" name="escp2_bits">1</parameter>
   <parameter type="float" name="DropSize1">1.000000</parameter>
  </resolution>
 </resolutions>
</escp2:model>
</gutenprint>
