<?xml version="1.0"?>

<gutenprint xmlns="http://gimp-print.sourceforge.net/xsd/gp.xsd-1.0"
xmlns:xsi="http://www.w3.org/2001/XMLSchema-instance"
xsi:schemaLocation="http://gimp-print.sourceforge.net/xsd/gp.xsd-1.0 gutenprint.xsd">
<copyright>
 *   Copyright 2008 Robert Krawitz (rlk@alum.mit.edu)
 *
 *   This program is free software; you can redistribute it and/or modify it
 *   under the terms of the GNU General Public License as published by the Free
 *   Software Foundation; either version 2 of the License, or (at your option)
 *   any later version.
 *
 *   This program is distributed in the hope that it will be useful, but
 *   WITHOUT ANY WARRANTY; without even the implied warranty of MERCHANTABILITY
 *   or FITNESS FOR A PARTICULAR PURPOSE.  See the GNU General Public License
 *   for more details.
 *
 *   You should have received a copy of the GNU General Public License
 *   along with this program; if not, write to the Free Software
 *   Foundation, Inc., 59 Temple Place - Suite 330, Boston, MA 02111-1307, USA.
</copyright>
<escp2:InputSlots name="artisan">

 <slot translate="text" name="LowerFront" text="Main Tray">
  <Duplex><Tumble/></Duplex>
  <InitSequence>PP\003\000\000\001\001</InitSequence>
 </slot>

 <slot translate="text" name="UpperFront" text="Photo Tray">
  <Duplex><Tumble/></Duplex>
  <InitSequence>PP\003\000\000\001\002</InitSequence>
 </slot>

 <slot translate="text" name="CD" text="Print to CD">
  <CD/>
  <InitSequence>PP\003\000\000\002\001</InitSequence>
 </slot>
</escp2:InputSlots>
</gutenprint>
