<?xml version="1.0"?>

<gutenprint xmlns="http://gimp-print.sourceforge.net/xsd/gp.xsd-1.0"
xmlns:xsi="http://www.w3.org/2001/XMLSchema-instance"
xsi:schemaLocation="http://gimp-print.sourceforge.net/xsd/gp.xsd-1.0 gutenprint.xsd">
<copyright>
 *   Copyright 2008 Robert Krawitz (rlk@alum.mit.edu)
 *
 *   This program is free software; you can redistribute it and/or modify it
 *   under the terms of the GNU General Public License as published by the Free
 *   Software Foundation; either version 2 of the License, or (at your option)
 *   any later version.
 *
 *   This program is distributed in the hope that it will be useful, but
 *   WITHOUT ANY WARRANTY; without even the implied warranty of MERCHANTABILITY
 *   or FITNESS FOR A PARTICULAR PURPOSE.  See the GNU General Public License
 *   for more details.
 *
 *   You should have received a copy of the GNU General Public License
 *   along with this program; if not, write to the Free Software
 *   Foundation, Inc., 59 Temple Place - Suite 330, Boston, MA 02111-1307, USA.
</copyright>
<escp2:papers name="f360_ultrachrome_k3">
<feature name="PlatenGap"/>
<feature name="PaperMedia"/>
<feature name="PrintMethod"/>
<feature name="FeedSequence"/>
<Curves>
 <namedParam name="hue_map">
  <curve wrap="wrap" type="linear" gamma="0" piecewise="false">
   <sequence count="48" lower-bound="-6" upper-bound="6">
	0	0.06	0.1	0.1	0.06	0	-0.06	-0.12
	-0.18	-0.21	-0.22	-0.22	-0.22	-0.22	-0.22	-0.22
	-0.22	-0.28	-0.34	-0.4	-0.5	-0.4	-0.3	-0.2
	-0.12	-0.07	-0.04	-0.02	0	0	0	0
	0	0	-0.03	-0.07	-0.11	-0.15	-0.17	-0.18
	-0.19	-0.2	-0.19	-0.18	-0.16	-0.12	-0.08	-0.04
   </sequence>
  </curve>
 </namedParam>
 <namedParam name="lum_map">
  <curve wrap="wrap" type="linear" gamma="0" piecewise="false">
   <sequence count="48" lower-bound="0" upper-bound="4">
	0.55	0.57	0.61	0.64	0.67	0.69	0.72	0.75
	0.83	0.8	0.76	0.76	0.78	0.79	0.83	0.86
	0.93	0.95	0.97	0.97	0.97	0.97	0.96	0.96
	0.96	0.97	0.97	0.98	0.99	1	1	1
	1	0.98	0.97	0.95	0.93	0.91	0.88	0.83
	0.83	0.71	0.65	0.61	0.58	0.56	0.55	0.55
   </sequence>
  </curve>
 </namedParam>
 <namedParam name="sat_map">
  <curve wrap="wrap" type="linear" gamma="0" piecewise="false">
   <sequence count="48" lower-bound="0" upper-bound="4">
	1	1	1	1.05	1.1	1.15	1.15	1.15
	1.15	1.15	1.15	1.1	1.1	1.05	1.05	1
	1	1	1	1	1	1	1	1
	1	1	1	1	1	1	1	1
	1	1.05	1.15	1.25	1.35	1.45	1.5	1.5
	1.5	1.5	1.5	1.45	1.35	1.25	1.15	1.05
   </sequence>
  </curve>
 </namedParam>
 <namedParam name="premium_hue_map">
  <curve wrap="wrap" type="linear" gamma="0" piecewise="false">
   <sequence count="48" lower-bound="-6" upper-bound="6">
	0	0.06	0.1	0.1	0.06	0	-0.06	-0.12
	-0.18	-0.21	-0.22	-0.22	-0.22	-0.22	-0.22	-0.22
	-0.22	-0.28	-0.34	-0.4	-0.5	-0.4	-0.3	-0.2
	-0.12	-0.07	-0.04	-0.02	0	0	0	0
	0	0	-0.03	-0.07	-0.11	-0.15	-0.19	-0.22
	-0.25	-0.22	-0.19	-0.15	-0.12	-0.1	-0.06	-0.03
   </sequence>
  </curve>
 </namedParam>
 <namedParam name="premium_lum_map">
  <curve wrap="wrap" type="linear" gamma="0" piecewise="false">
   <sequence count="48" lower-bound="0" upper-bound="4">
	0.55	0.57	0.61	0.64	0.67	0.69	0.72	0.75
	0.75	0.71	0.7	0.7	0.72	0.76	0.81	0.87
	0.93	0.95	0.97	0.98	0.98	0.97	0.96	0.96
	0.96	0.97	0.98	0.98	0.99	1	1	1
	1	0.98	0.97	0.96	0.95	0.93	0.9	0.87
	0.83	0.71	0.65	0.61	0.58	0.56	0.55	0.55
   </sequence>
  </curve>
 </namedParam>
 <namedParam name="premium_sat_map">
  <curve wrap="wrap" type="linear" gamma="0" piecewise="false">
   <sequence count="48" lower-bound="0" upper-bound="4">
	1	1	1	1.05	1.1	1.15	1.15	1.15
	1.15	1.15	1.15	1.1	1.1	1.05	1.05	1
	1	1	1	1	1	1	1	1
	1	1	1	1	1	1	1	1
	1	1.05	1.15	1.25	1.35	1.45	1.5	1.5
	1.5	1.5	1.5	1.45	1.35	1.25	1.15	1.05
   </sequence>
  </curve>
 </namedParam>
</Curves>
<paper translate="text" name="Plain" text="Plain Paper" class="plain" PreferredInkset="UltraMatte">
 <parameter type="integer" name="PaperMedia">0</parameter>
 <parameter type="integer" name="PrintMethod">0x21</parameter>

 <resolution name="360x180sw">
  <parameter type="integer" name="PrintMethod">0x21</parameter>
 </resolution>
 <resolution name="360sw">
  <parameter type="integer" name="PrintMethod">0x21</parameter>
 </resolution>
 <resolution name="720x360sw">
  <parameter type="integer" name="PrintMethod">0x21</parameter>
 </resolution>
 <resolution name="720sw">
  <parameter type="integer" name="PrintMethod">0x50</parameter>
 </resolution>
 <resolution name="1440x720sw">
  <parameter type="integer" name="PrintMethod">0x50</parameter>
 </resolution>
 <resolution name="1440x1440ov">
  <parameter type="integer" name="PrintMethod">0x50</parameter>
 </resolution>
 <resolution name="2880x1440sw">
  <parameter type="integer" name="PrintMethod">0x50</parameter>
 </resolution>
 <resolution name="5760x1440sw">
  <parameter type="integer" name="PrintMethod">0x50</parameter>
 </resolution>
 <resolution name="2880x2880sw">
  <parameter type="integer" name="PrintMethod">0x50</parameter>
 </resolution>
 <resolution name="5760x2880sw">
  <parameter type="integer" name="PrintMethod">0x50</parameter>
 </resolution>

 <ink translate="text" name="ultra3photo" text="Photo Black">
  <parameter type="float" name="Density">0.720000</parameter>
  <parameter type="float" name="SubchannelCutoff">0.500000</parameter>
  <parameter type="float" name="BlackTrans">1.000000</parameter>
  <parameter type="float" name="GCRLower">0.000000</parameter>
  <parameter type="float" name="GCRUpper">0.000000</parameter>
  <parameter type="float" name="CyanBalance">0.900000</parameter>
  <parameter type="float" name="MagentaBalance">1.000000</parameter>
  <parameter type="float" name="YellowBalance">1.000000</parameter>
  <parameter type="float" name="BlackDensity">1.000000</parameter>
  <parameter type="float" name="Saturation">1.000000</parameter>
  <parameter type="float" name="Gamma">1.000000</parameter>
  <parameter type="curve" name="HueMap" ref="hue_map"/>
  <parameter type="curve" name="LumMap" ref="lum_map"/>
  <parameter type="curve" name="SatMap" ref="sat_map"/>
 </ink>

 <ink translate="text" name="ultra3matte" text="Matte Black">
  <parameter type="float" name="Density">0.720000</parameter>
  <parameter type="float" name="SubchannelCutoff">0.100000</parameter>
  <parameter type="float" name="BlackTrans">1.000000</parameter>
  <parameter type="float" name="GCRLower">0.000000</parameter>
  <parameter type="float" name="GCRUpper">0.000000</parameter>
  <parameter type="float" name="CyanBalance">0.900000</parameter>
  <parameter type="float" name="MagentaBalance">1.000000</parameter>
  <parameter type="float" name="YellowBalance">1.000000</parameter>
  <parameter type="float" name="BlackDensity">1.000000</parameter>
  <parameter type="float" name="Saturation">1.000000</parameter>
  <parameter type="float" name="Gamma">1.000000</parameter>
  <parameter type="curve" name="HueMap" ref="hue_map"/>
  <parameter type="curve" name="LumMap" ref="lum_map"/>
  <parameter type="curve" name="SatMap" ref="sat_map"/>
 </ink>
</paper>

<paper translate="text" name="Postcard" text="Postcard" class="plain" PreferredInkset="UltraMatte">
 <parameter type="integer" name="PaperMedia">1</parameter>
 <parameter type="integer" name="PrintMethod">0x21</parameter>

 <resolution name="360x180sw">
  <parameter type="integer" name="PrintMethod">0x21</parameter>
 </resolution>
 <resolution name="360sw">
  <parameter type="integer" name="PrintMethod">0x21</parameter>
 </resolution>
 <resolution name="720x360sw">
  <parameter type="integer" name="PrintMethod">0x21</parameter>
 </resolution>
 <resolution name="720sw">
  <parameter type="integer" name="PrintMethod">0x50</parameter>
 </resolution>
 <resolution name="1440x720sw">
  <parameter type="integer" name="PrintMethod">0x50</parameter>
 </resolution>
 <resolution name="1440x1440ov">
  <parameter type="integer" name="PrintMethod">0x50</parameter>
 </resolution>
 <resolution name="2880x1440sw">
  <parameter type="integer" name="PrintMethod">0x50</parameter>
 </resolution>
 <resolution name="5760x1440sw">
  <parameter type="integer" name="PrintMethod">0x50</parameter>
 </resolution>
 <resolution name="2880x2880sw">
  <parameter type="integer" name="PrintMethod">0x50</parameter>
 </resolution>
 <resolution name="5760x2880sw">
  <parameter type="integer" name="PrintMethod">0x50</parameter>
 </resolution>

 <ink translate="text" name="ultra3photo" text="Photo Black">
  <parameter type="float" name="Density">0.720000</parameter>
  <parameter type="float" name="SubchannelCutoff">0.500000</parameter>
  <parameter type="float" name="BlackTrans">1.000000</parameter>
  <parameter type="float" name="GCRLower">0.000000</parameter>
  <parameter type="float" name="GCRUpper">0.000000</parameter>
  <parameter type="float" name="CyanBalance">0.900000</parameter>
  <parameter type="float" name="MagentaBalance">1.000000</parameter>
  <parameter type="float" name="YellowBalance">1.000000</parameter>
  <parameter type="float" name="BlackDensity">1.000000</parameter>
  <parameter type="float" name="Saturation">1.000000</parameter>
  <parameter type="float" name="Gamma">1.000000</parameter>
  <parameter type="curve" name="HueMap" ref="hue_map"/>
  <parameter type="curve" name="LumMap" ref="lum_map"/>
  <parameter type="curve" name="SatMap" ref="sat_map"/>
 </ink>

 <ink translate="text" name="ultra3matte" text="Matte Black">
  <parameter type="float" name="Density">0.720000</parameter>
  <parameter type="float" name="SubchannelCutoff">0.100000</parameter>
  <parameter type="float" name="BlackTrans">1.000000</parameter>
  <parameter type="float" name="GCRLower">0.000000</parameter>
  <parameter type="float" name="GCRUpper">0.000000</parameter>
  <parameter type="float" name="CyanBalance">0.900000</parameter>
  <parameter type="float" name="MagentaBalance">1.000000</parameter>
  <parameter type="float" name="YellowBalance">1.000000</parameter>
  <parameter type="float" name="BlackDensity">1.000000</parameter>
  <parameter type="float" name="Saturation">1.000000</parameter>
  <parameter type="float" name="Gamma">1.000000</parameter>
  <parameter type="curve" name="HueMap" ref="hue_map"/>
  <parameter type="curve" name="LumMap" ref="lum_map"/>
  <parameter type="curve" name="SatMap" ref="sat_map"/>
 </ink>
</paper>

<paper translate="text" name="GlossyFilm" text="Glossy Film" class="photo" PreferredInkset="UltraPhoto">
 <parameter type="integer" name="PaperMedia">7</parameter>
 <parameter type="integer" name="PrintMethod">0x21</parameter>

 <resolution name="360x180sw">
  <parameter type="integer" name="PrintMethod">0x21</parameter>
 </resolution>
 <resolution name="360sw">
  <parameter type="integer" name="PrintMethod">0x21</parameter>
 </resolution>
 <resolution name="720x360sw">
  <parameter type="integer" name="PrintMethod">0x21</parameter>
 </resolution>
 <resolution name="720sw">
  <parameter type="integer" name="PrintMethod">0x50</parameter>
 </resolution>
 <resolution name="1440x720sw">
  <parameter type="integer" name="PrintMethod">0x50</parameter>
 </resolution>
 <resolution name="1440x1440ov">
  <parameter type="integer" name="PrintMethod">0x50</parameter>
 </resolution>
 <resolution name="2880x1440sw">
  <parameter type="integer" name="PrintMethod">0x50</parameter>
 </resolution>
 <resolution name="5760x1440sw">
  <parameter type="integer" name="PrintMethod">0x50</parameter>
 </resolution>
 <resolution name="2880x2880sw">
  <parameter type="integer" name="PrintMethod">0x50</parameter>
 </resolution>
 <resolution name="5760x2880sw">
  <parameter type="integer" name="PrintMethod">0x50</parameter>
 </resolution>

 <ink translate="text" name="ultra3photo" text="Photo Black">
  <parameter type="float" name="Density">0.830000</parameter>
  <parameter type="float" name="SubchannelCutoff">0.500000</parameter>
  <parameter type="float" name="BlackTrans">1.000000</parameter>
  <parameter type="float" name="GCRLower">0.000000</parameter>
  <parameter type="float" name="GCRUpper">0.000000</parameter>
  <parameter type="float" name="CyanBalance">0.900000</parameter>
  <parameter type="float" name="MagentaBalance">1.000000</parameter>
  <parameter type="float" name="YellowBalance">1.000000</parameter>
  <parameter type="float" name="BlackDensity">1.000000</parameter>
  <parameter type="float" name="Saturation">1.000000</parameter>
  <parameter type="float" name="Gamma">1.000000</parameter>
  <parameter type="curve" name="HueMap" ref="hue_map"/>
  <parameter type="curve" name="LumMap" ref="lum_map"/>
  <parameter type="curve" name="SatMap" ref="sat_map"/>
 </ink>

 <ink translate="text" name="ultra3matte" text="Matte Black">
  <parameter type="float" name="Density">0.830000</parameter>
  <parameter type="float" name="SubchannelCutoff">0.500000</parameter>
  <parameter type="float" name="BlackTrans">1.000000</parameter>
  <parameter type="float" name="GCRLower">0.000000</parameter>
  <parameter type="float" name="GCRUpper">0.000000</parameter>
  <parameter type="float" name="CyanBalance">0.900000</parameter>
  <parameter type="float" name="MagentaBalance">1.000000</parameter>
  <parameter type="float" name="YellowBalance">1.000000</parameter>
  <parameter type="float" name="BlackDensity">1.000000</parameter>
  <parameter type="float" name="Saturation">1.000000</parameter>
  <parameter type="float" name="Gamma">1.000000</parameter>
  <parameter type="curve" name="HueMap" ref="hue_map"/>
  <parameter type="curve" name="LumMap" ref="lum_map"/>
  <parameter type="curve" name="SatMap" ref="sat_map"/>
 </ink>
</paper>

<paper translate="text" name="Transparency" text="Transparencies" class="transparency" PreferredInkset="UltraPhoto">
 <parameter type="integer" name="PaperMedia">9</parameter>
 <parameter type="integer" name="PrintMethod">0x50</parameter>

 <resolution name="360x180sw">
  <parameter type="integer" name="PrintMethod">0x20</parameter>
 </resolution>
 <resolution name="360sw">
  <parameter type="integer" name="PrintMethod">0x20</parameter>
 </resolution>
 <resolution name="720x360sw">
  <parameter type="integer" name="PrintMethod">0x50</parameter>
 </resolution>
 <resolution name="720sw">
  <parameter type="integer" name="PrintMethod">0x50</parameter>
 </resolution>
 <resolution name="1440x720sw">
  <parameter type="integer" name="PrintMethod">0x71</parameter>
 </resolution>
 <resolution name="1440x1440ov">
  <parameter type="integer" name="PrintMethod">0x71</parameter>
 </resolution>
 <resolution name="2880x1440sw">
  <parameter type="integer" name="PrintMethod">0x71</parameter>
 </resolution>
 <resolution name="5760x1440sw">
  <parameter type="integer" name="PrintMethod">0x71</parameter>
 </resolution>
 <resolution name="2880x2880sw">
  <parameter type="integer" name="PrintMethod">0x71</parameter>
 </resolution>
 <resolution name="5760x2880sw">
  <parameter type="integer" name="PrintMethod">0x71</parameter>
 </resolution>

 <ink translate="text" name="ultra3photo" text="Photo Black">
  <parameter type="float" name="Density">0.830000</parameter>
  <parameter type="float" name="SubchannelCutoff">0.750000</parameter>
  <parameter type="float" name="BlackTrans">1.000000</parameter>
  <parameter type="float" name="GCRLower">0.000000</parameter>
  <parameter type="float" name="GCRUpper">0.000000</parameter>
  <parameter type="float" name="CyanBalance">0.900000</parameter>
  <parameter type="float" name="MagentaBalance">1.000000</parameter>
  <parameter type="float" name="YellowBalance">1.000000</parameter>
  <parameter type="float" name="BlackDensity">1.000000</parameter>
  <parameter type="float" name="Saturation">1.000000</parameter>
  <parameter type="float" name="Gamma">1.000000</parameter>
  <parameter type="curve" name="HueMap" ref="hue_map"/>
  <parameter type="curve" name="LumMap" ref="lum_map"/>
  <parameter type="curve" name="SatMap" ref="sat_map"/>
 </ink>

 <ink translate="text" name="ultra3matte" text="Matte Black">
  <parameter type="float" name="Density">0.830000</parameter>
  <parameter type="float" name="SubchannelCutoff">0.500000</parameter>
  <parameter type="float" name="BlackTrans">1.000000</parameter>
  <parameter type="float" name="GCRLower">0.000000</parameter>
  <parameter type="float" name="GCRUpper">0.000000</parameter>
  <parameter type="float" name="CyanBalance">0.900000</parameter>
  <parameter type="float" name="MagentaBalance">1.000000</parameter>
  <parameter type="float" name="YellowBalance">1.000000</parameter>
  <parameter type="float" name="BlackDensity">1.000000</parameter>
  <parameter type="float" name="Saturation">1.000000</parameter>
  <parameter type="float" name="Gamma">1.000000</parameter>
  <parameter type="curve" name="HueMap" ref="hue_map"/>
  <parameter type="curve" name="LumMap" ref="lum_map"/>
  <parameter type="curve" name="SatMap" ref="sat_map"/>
 </ink>
</paper>

<paper translate="text" name="Envelope" text="Envelopes" class="plain" PreferredInkset="UltraMatte">
 <parameter type="integer" name="PaperMedia">1</parameter>
 <parameter type="integer" name="PrintMethod">0x21</parameter>

 <resolution name="360x180sw">
  <parameter type="integer" name="PrintMethod">0x21</parameter>
 </resolution>
 <resolution name="360sw">
  <parameter type="integer" name="PrintMethod">0x21</parameter>
 </resolution>
 <resolution name="720x360sw">
  <parameter type="integer" name="PrintMethod">0x21</parameter>
 </resolution>
 <resolution name="720sw">
  <parameter type="integer" name="PrintMethod">0x50</parameter>
 </resolution>
 <resolution name="1440x720sw">
  <parameter type="integer" name="PrintMethod">0x50</parameter>
 </resolution>
 <resolution name="1440x1440ov">
  <parameter type="integer" name="PrintMethod">0x50</parameter>
 </resolution>
 <resolution name="2880x1440sw">
  <parameter type="integer" name="PrintMethod">0x50</parameter>
 </resolution>
 <resolution name="5760x1440sw">
  <parameter type="integer" name="PrintMethod">0x50</parameter>
 </resolution>
 <resolution name="2880x2880sw">
  <parameter type="integer" name="PrintMethod">0x50</parameter>
 </resolution>
 <resolution name="5760x2880sw">
  <parameter type="integer" name="PrintMethod">0x50</parameter>
 </resolution>

 <ink translate="text" name="ultra3photo" text="Photo Black">
  <parameter type="float" name="Density">0.720000</parameter>
  <parameter type="float" name="SubchannelCutoff">0.500000</parameter>
  <parameter type="float" name="BlackTrans">1.000000</parameter>
  <parameter type="float" name="GCRLower">0.000000</parameter>
  <parameter type="float" name="GCRUpper">0.000000</parameter>
  <parameter type="float" name="CyanBalance">0.900000</parameter>
  <parameter type="float" name="MagentaBalance">1.000000</parameter>
  <parameter type="float" name="YellowBalance">1.000000</parameter>
  <parameter type="float" name="BlackDensity">1.000000</parameter>
  <parameter type="float" name="Saturation">1.000000</parameter>
  <parameter type="float" name="Gamma">1.000000</parameter>
  <parameter type="curve" name="HueMap" ref="hue_map"/>
  <parameter type="curve" name="LumMap" ref="lum_map"/>
  <parameter type="curve" name="SatMap" ref="sat_map"/>
 </ink>

 <ink translate="text" name="ultra3matte" text="Matte Black">
  <parameter type="float" name="Density">0.720000</parameter>
  <parameter type="float" name="SubchannelCutoff">0.100000</parameter>
  <parameter type="float" name="BlackTrans">1.000000</parameter>
  <parameter type="float" name="GCRLower">0.000000</parameter>
  <parameter type="float" name="GCRUpper">0.000000</parameter>
  <parameter type="float" name="CyanBalance">0.900000</parameter>
  <parameter type="float" name="MagentaBalance">1.000000</parameter>
  <parameter type="float" name="YellowBalance">1.000000</parameter>
  <parameter type="float" name="BlackDensity">1.000000</parameter>
  <parameter type="float" name="Saturation">1.000000</parameter>
  <parameter type="float" name="Gamma">1.000000</parameter>
  <parameter type="curve" name="HueMap" ref="hue_map"/>
  <parameter type="curve" name="LumMap" ref="lum_map"/>
  <parameter type="curve" name="SatMap" ref="sat_map"/>
 </ink>
</paper>

<paper translate="text" name="BackFilm" text="Back Light Film" class="transparency" PreferredInkset="UltraPhoto">
 <parameter type="integer" name="PaperMedia">10</parameter>
 <parameter type="integer" name="PrintMethod">0x50</parameter>

 <resolution name="360x180sw">
  <parameter type="integer" name="PrintMethod">0x20</parameter>
 </resolution>
 <resolution name="360sw">
  <parameter type="integer" name="PrintMethod">0x20</parameter>
 </resolution>
 <resolution name="720x360sw">
  <parameter type="integer" name="PrintMethod">0x50</parameter>
 </resolution>
 <resolution name="720sw">
  <parameter type="integer" name="PrintMethod">0x50</parameter>
 </resolution>
 <resolution name="1440x720sw">
  <parameter type="integer" name="PrintMethod">0x71</parameter>
 </resolution>
 <resolution name="1440x1440ov">
  <parameter type="integer" name="PrintMethod">0x71</parameter>
 </resolution>
 <resolution name="2880x1440sw">
  <parameter type="integer" name="PrintMethod">0x71</parameter>
 </resolution>
 <resolution name="5760x1440sw">
  <parameter type="integer" name="PrintMethod">0x71</parameter>
 </resolution>
 <resolution name="2880x2880sw">
  <parameter type="integer" name="PrintMethod">0x71</parameter>
 </resolution>
 <resolution name="5760x2880sw">
  <parameter type="integer" name="PrintMethod">0x71</parameter>
 </resolution>

 <ink translate="text" name="ultra3photo" text="Photo Black">
  <parameter type="float" name="Density">0.830000</parameter>
  <parameter type="float" name="SubchannelCutoff">0.750000</parameter>
  <parameter type="float" name="BlackTrans">1.000000</parameter>
  <parameter type="float" name="GCRLower">0.000000</parameter>
  <parameter type="float" name="GCRUpper">0.000000</parameter>
  <parameter type="float" name="CyanBalance">0.900000</parameter>
  <parameter type="float" name="MagentaBalance">1.000000</parameter>
  <parameter type="float" name="YellowBalance">1.000000</parameter>
  <parameter type="float" name="BlackDensity">1.000000</parameter>
  <parameter type="float" name="Saturation">1.000000</parameter>
  <parameter type="float" name="Gamma">1.000000</parameter>
  <parameter type="curve" name="HueMap" ref="hue_map"/>
  <parameter type="curve" name="LumMap" ref="lum_map"/>
  <parameter type="curve" name="SatMap" ref="sat_map"/>
 </ink>

 <ink translate="text" name="ultra3matte" text="Matte Black">
  <parameter type="float" name="Density">0.830000</parameter>
  <parameter type="float" name="SubchannelCutoff">0.500000</parameter>
  <parameter type="float" name="BlackTrans">1.000000</parameter>
  <parameter type="float" name="GCRLower">0.000000</parameter>
  <parameter type="float" name="GCRUpper">0.000000</parameter>
  <parameter type="float" name="CyanBalance">0.900000</parameter>
  <parameter type="float" name="MagentaBalance">1.000000</parameter>
  <parameter type="float" name="YellowBalance">1.000000</parameter>
  <parameter type="float" name="BlackDensity">1.000000</parameter>
  <parameter type="float" name="Saturation">1.000000</parameter>
  <parameter type="float" name="Gamma">1.000000</parameter>
  <parameter type="curve" name="HueMap" ref="hue_map"/>
  <parameter type="curve" name="LumMap" ref="lum_map"/>
  <parameter type="curve" name="SatMap" ref="sat_map"/>
 </ink>
</paper>

<paper translate="text" name="Matte" text="Matte Paper" class="good" PreferredInkset="UltraMatte">
 <parameter type="integer" name="PaperMedia">3</parameter>
 <parameter type="integer" name="PrintMethod">0x73</parameter>

 <resolution name="360x180sw">
  <parameter type="integer" name="PrintMethod">0x73</parameter>
 </resolution>
 <resolution name="360sw">
  <parameter type="integer" name="PrintMethod">0x73</parameter>
 </resolution>
 <resolution name="720x360sw">
  <parameter type="integer" name="PrintMethod">0x73</parameter>
 </resolution>
 <resolution name="720sw">
  <parameter type="integer" name="PrintMethod">0x73</parameter>
 </resolution>
 <resolution name="1440x720sw">
  <parameter type="integer" name="PrintMethod">0x73</parameter>
 </resolution>
 <resolution name="1440x1440ov">
  <parameter type="integer" name="PrintMethod">0x73</parameter>
 </resolution>
 <resolution name="2880x1440sw">
  <parameter type="integer" name="PrintMethod">0x73</parameter>
 </resolution>
 <resolution name="5760x1440sw">
  <parameter type="integer" name="PrintMethod">0x73</parameter>
 </resolution>
 <resolution name="2880x2880sw">
  <parameter type="integer" name="PrintMethod">0x73</parameter>
 </resolution>
 <resolution name="5760x2880sw">
  <parameter type="integer" name="PrintMethod">0x73</parameter>
 </resolution>

 <ink translate="text" name="ultra3photo" text="Photo Black">
  <parameter type="float" name="Density">0.920000</parameter>
  <parameter type="float" name="SubchannelCutoff">0.500000</parameter>
  <parameter type="float" name="BlackTrans">1.000000</parameter>
  <parameter type="float" name="GCRLower">0.000000</parameter>
  <parameter type="float" name="GCRUpper">0.000000</parameter>
  <parameter type="float" name="CyanBalance">0.900000</parameter>
  <parameter type="float" name="MagentaBalance">1.000000</parameter>
  <parameter type="float" name="YellowBalance">1.000000</parameter>
  <parameter type="float" name="BlackDensity">1.000000</parameter>
  <parameter type="float" name="Saturation">1.000000</parameter>
  <parameter type="float" name="Gamma">1.000000</parameter>
  <parameter type="curve" name="HueMap" ref="hue_map"/>
  <parameter type="curve" name="LumMap" ref="lum_map"/>
  <parameter type="curve" name="SatMap" ref="sat_map"/>
 </ink>

 <ink translate="text" name="ultra3matte" text="Matte Black">
  <parameter type="float" name="Density">0.920000</parameter>
  <parameter type="float" name="SubchannelCutoff">0.500000</parameter>
  <parameter type="float" name="BlackTrans">1.000000</parameter>
  <parameter type="float" name="GCRLower">0.000000</parameter>
  <parameter type="float" name="GCRUpper">0.000000</parameter>
  <parameter type="float" name="CyanBalance">0.900000</parameter>
  <parameter type="float" name="MagentaBalance">1.000000</parameter>
  <parameter type="float" name="YellowBalance">1.000000</parameter>
  <parameter type="float" name="BlackDensity">1.000000</parameter>
  <parameter type="float" name="Saturation">1.000000</parameter>
  <parameter type="float" name="Gamma">1.000000</parameter>
  <parameter type="curve" name="HueMap" ref="hue_map"/>
  <parameter type="curve" name="LumMap" ref="lum_map"/>
  <parameter type="curve" name="SatMap" ref="sat_map"/>
 </ink>
</paper>

<paper translate="text" name="MatteHeavy" text="Matte Paper Heavyweight" class="good" PreferredInkset="UltraMatte">
 <parameter type="integer" name="PaperMedia">5</parameter>
 <parameter type="integer" name="PrintMethod">0x50</parameter>

 <resolution name="360x180sw">
  <parameter type="integer" name="PrintMethod">0x50</parameter>
 </resolution>
 <resolution name="360sw">
  <parameter type="integer" name="PrintMethod">0x50</parameter>
 </resolution>
 <resolution name="720x360sw">
  <parameter type="integer" name="PrintMethod">0x50</parameter>
 </resolution>
 <resolution name="720sw">
  <parameter type="integer" name="PrintMethod">0x50</parameter>
 </resolution>
 <resolution name="1440x720sw">
  <parameter type="integer" name="PrintMethod">0x75</parameter>
 </resolution>
 <resolution name="1440x1440ov">
  <parameter type="integer" name="PrintMethod">0x80</parameter>
 </resolution>
 <resolution name="2880x1440sw">
  <parameter type="integer" name="PrintMethod">0xa0</parameter>
 </resolution>
 <resolution name="5760x1440sw">
  <parameter type="integer" name="PrintMethod">0xa0</parameter>
 </resolution>
 <resolution name="2880x2880sw">
  <parameter type="integer" name="PrintMethod">0xa0</parameter>
 </resolution>
 <resolution name="5760x2880sw">
  <parameter type="integer" name="PrintMethod">0xa0</parameter>
 </resolution>

 <ink translate="text" name="ultra3photo" text="Photo Black">
  <parameter type="float" name="Density">0.920000</parameter>
  <parameter type="float" name="SubchannelCutoff">0.500000</parameter>
  <parameter type="float" name="BlackTrans">1.000000</parameter>
  <parameter type="float" name="GCRLower">0.000000</parameter>
  <parameter type="float" name="GCRUpper">0.000000</parameter>
  <parameter type="float" name="CyanBalance">0.900000</parameter>
  <parameter type="float" name="MagentaBalance">1.000000</parameter>
  <parameter type="float" name="YellowBalance">1.000000</parameter>
  <parameter type="float" name="BlackDensity">1.000000</parameter>
  <parameter type="float" name="Saturation">1.000000</parameter>
  <parameter type="float" name="Gamma">1.000000</parameter>
  <parameter type="curve" name="HueMap" ref="hue_map"/>
  <parameter type="curve" name="LumMap" ref="lum_map"/>
  <parameter type="curve" name="SatMap" ref="sat_map"/>
 </ink>

 <ink translate="text" name="ultra3matte" text="Matte Black">
  <parameter type="float" name="Density">0.920000</parameter>
  <parameter type="float" name="SubchannelCutoff">0.500000</parameter>
  <parameter type="float" name="BlackTrans">1.000000</parameter>
  <parameter type="float" name="GCRLower">0.000000</parameter>
  <parameter type="float" name="GCRUpper">0.000000</parameter>
  <parameter type="float" name="CyanBalance">0.900000</parameter>
  <parameter type="float" name="MagentaBalance">1.000000</parameter>
  <parameter type="float" name="YellowBalance">1.000000</parameter>
  <parameter type="float" name="BlackDensity">1.000000</parameter>
  <parameter type="float" name="Saturation">1.000000</parameter>
  <parameter type="float" name="Gamma">1.000000</parameter>
  <parameter type="curve" name="HueMap" ref="hue_map"/>
  <parameter type="curve" name="LumMap" ref="lum_map"/>
  <parameter type="curve" name="SatMap" ref="sat_map"/>
 </ink>
</paper>

<paper translate="text" name="Inkjet" text="Inkjet Paper" class="good" PreferredInkset="UltraMatte">
 <parameter type="integer" name="PaperMedia">1</parameter>
 <parameter type="integer" name="PrintMethod">0x21</parameter>

 <resolution name="360x180sw">
  <parameter type="integer" name="PrintMethod">0x21</parameter>
 </resolution>
 <resolution name="360sw">
  <parameter type="integer" name="PrintMethod">0x21</parameter>
 </resolution>
 <resolution name="720x360sw">
  <parameter type="integer" name="PrintMethod">0x21</parameter>
 </resolution>
 <resolution name="720sw">
  <parameter type="integer" name="PrintMethod">0x50</parameter>
 </resolution>
 <resolution name="1440x720sw">
  <parameter type="integer" name="PrintMethod">0x50</parameter>
 </resolution>
 <resolution name="1440x1440ov">
  <parameter type="integer" name="PrintMethod">0x50</parameter>
 </resolution>
 <resolution name="2880x1440sw">
  <parameter type="integer" name="PrintMethod">0x50</parameter>
 </resolution>
 <resolution name="5760x1440sw">
  <parameter type="integer" name="PrintMethod">0x50</parameter>
 </resolution>
 <resolution name="2880x2880sw">
  <parameter type="integer" name="PrintMethod">0x50</parameter>
 </resolution>
 <resolution name="5760x2880sw">
  <parameter type="integer" name="PrintMethod">0x50</parameter>
 </resolution>

 <ink translate="text" name="ultra3photo" text="Photo Black">
  <parameter type="float" name="Density">0.720000</parameter>
  <parameter type="float" name="SubchannelCutoff">0.500000</parameter>
  <parameter type="float" name="BlackTrans">1.000000</parameter>
  <parameter type="float" name="GCRLower">0.000000</parameter>
  <parameter type="float" name="GCRUpper">0.000000</parameter>
  <parameter type="float" name="CyanBalance">0.900000</parameter>
  <parameter type="float" name="MagentaBalance">1.000000</parameter>
  <parameter type="float" name="YellowBalance">1.000000</parameter>
  <parameter type="float" name="BlackDensity">1.000000</parameter>
  <parameter type="float" name="Saturation">1.000000</parameter>
  <parameter type="float" name="Gamma">1.000000</parameter>
  <parameter type="curve" name="HueMap" ref="hue_map"/>
  <parameter type="curve" name="LumMap" ref="lum_map"/>
  <parameter type="curve" name="SatMap" ref="sat_map"/>
 </ink>

 <ink translate="text" name="ultra3matte" text="Matte Black">
  <parameter type="float" name="Density">0.720000</parameter>
  <parameter type="float" name="SubchannelCutoff">0.300000</parameter>
  <parameter type="float" name="BlackTrans">1.000000</parameter>
  <parameter type="float" name="GCRLower">0.000000</parameter>
  <parameter type="float" name="GCRUpper">0.000000</parameter>
  <parameter type="float" name="CyanBalance">0.900000</parameter>
  <parameter type="float" name="MagentaBalance">1.000000</parameter>
  <parameter type="float" name="YellowBalance">1.000000</parameter>
  <parameter type="float" name="BlackDensity">1.000000</parameter>
  <parameter type="float" name="Saturation">1.000000</parameter>
  <parameter type="float" name="Gamma">1.000000</parameter>
  <parameter type="curve" name="HueMap" ref="hue_map"/>
  <parameter type="curve" name="LumMap" ref="lum_map"/>
  <parameter type="curve" name="SatMap" ref="sat_map"/>
 </ink>
</paper>

<paper translate="text" name="Coated" text="Photo Quality Inkjet Paper" class="good" PreferredInkset="UltraPhoto">
 <parameter type="integer" name="PaperMedia">3</parameter>
 <parameter type="integer" name="PrintMethod">0x21</parameter>

 <resolution name="360x180sw">
  <parameter type="integer" name="PrintMethod">0x21</parameter>
 </resolution>
 <resolution name="360sw">
  <parameter type="integer" name="PrintMethod">0x21</parameter>
 </resolution>
 <resolution name="720x360sw">
  <parameter type="integer" name="PrintMethod">0x21</parameter>
 </resolution>
 <resolution name="720sw">
  <parameter type="integer" name="PrintMethod">0x50</parameter>
 </resolution>
 <resolution name="1440x720sw">
  <parameter type="integer" name="PrintMethod">0x50</parameter>
 </resolution>
 <resolution name="1440x1440ov">
  <parameter type="integer" name="PrintMethod">0x50</parameter>
 </resolution>
 <resolution name="2880x1440sw">
  <parameter type="integer" name="PrintMethod">0x50</parameter>
 </resolution>
 <resolution name="5760x1440sw">
  <parameter type="integer" name="PrintMethod">0x50</parameter>
 </resolution>
 <resolution name="2880x2880sw">
  <parameter type="integer" name="PrintMethod">0x50</parameter>
 </resolution>
 <resolution name="5760x2880sw">
  <parameter type="integer" name="PrintMethod">0x50</parameter>
 </resolution>

 <ink translate="text" name="ultra3photo" text="Photo Black">
  <parameter type="float" name="Density">0.830000</parameter>
  <parameter type="float" name="SubchannelCutoff">0.500000</parameter>
  <parameter type="float" name="BlackTrans">1.000000</parameter>
  <parameter type="float" name="GCRLower">0.000000</parameter>
  <parameter type="float" name="GCRUpper">0.000000</parameter>
  <parameter type="float" name="CyanBalance">0.900000</parameter>
  <parameter type="float" name="MagentaBalance">1.000000</parameter>
  <parameter type="float" name="YellowBalance">1.000000</parameter>
  <parameter type="float" name="BlackDensity">1.000000</parameter>
  <parameter type="float" name="Saturation">1.000000</parameter>
  <parameter type="float" name="Gamma">1.000000</parameter>
  <parameter type="curve" name="HueMap" ref="hue_map"/>
  <parameter type="curve" name="LumMap" ref="lum_map"/>
  <parameter type="curve" name="SatMap" ref="sat_map"/>
 </ink>

 <ink translate="text" name="ultra3matte" text="Matte Black">
  <parameter type="float" name="Density">0.830000</parameter>
  <parameter type="float" name="SubchannelCutoff">0.400000</parameter>
  <parameter type="float" name="BlackTrans">1.000000</parameter>
  <parameter type="float" name="GCRLower">0.000000</parameter>
  <parameter type="float" name="GCRUpper">0.000000</parameter>
  <parameter type="float" name="CyanBalance">0.900000</parameter>
  <parameter type="float" name="MagentaBalance">1.000000</parameter>
  <parameter type="float" name="YellowBalance">1.000000</parameter>
  <parameter type="float" name="BlackDensity">1.000000</parameter>
  <parameter type="float" name="Saturation">1.000000</parameter>
  <parameter type="float" name="Gamma">1.000000</parameter>
  <parameter type="curve" name="HueMap" ref="hue_map"/>
  <parameter type="curve" name="LumMap" ref="lum_map"/>
  <parameter type="curve" name="SatMap" ref="sat_map"/>
 </ink>
</paper>

<paper translate="text" name="Photo" text="Photo Paper" class="photo" PreferredInkset="UltraPhoto">
 <parameter type="integer" name="PaperMedia">6</parameter>
 <parameter type="integer" name="PrintMethod">0x50</parameter>

 <resolution name="360x180sw">
  <parameter type="integer" name="PrintMethod">0x50</parameter>
 </resolution>
 <resolution name="360sw">
  <parameter type="integer" name="PrintMethod">0x50</parameter>
 </resolution>
 <resolution name="720x360sw">
  <parameter type="integer" name="PrintMethod">0x50</parameter>
 </resolution>
 <resolution name="720sw">
  <parameter type="integer" name="PrintMethod">0x50</parameter>
 </resolution>
 <resolution name="1440x720sw">
  <parameter type="integer" name="PrintMethod">0x75</parameter>
 </resolution>
 <resolution name="1440x1440ov">
  <parameter type="integer" name="PrintMethod">0x80</parameter>
 </resolution>
 <resolution name="2880x1440sw">
  <parameter type="integer" name="PrintMethod">0xa0</parameter>
 </resolution>
 <resolution name="5760x1440sw">
  <parameter type="integer" name="PrintMethod">0xa0</parameter>
 </resolution>
 <resolution name="2880x2880sw">
  <parameter type="integer" name="PrintMethod">0xa0</parameter>
 </resolution>
 <resolution name="5760x2880sw">
  <parameter type="integer" name="PrintMethod">0xa0</parameter>
 </resolution>

 <ink translate="text" name="ultra3photo" text="Photo Black">
  <parameter type="float" name="Density">1.000000</parameter>
  <parameter type="float" name="SubchannelCutoff">0.500000</parameter>
  <parameter type="float" name="BlackTrans">1.000000</parameter>
  <parameter type="float" name="GCRLower">0.000000</parameter>
  <parameter type="float" name="GCRUpper">0.000000</parameter>
  <parameter type="float" name="CyanBalance">0.900000</parameter>
  <parameter type="float" name="MagentaBalance">1.000000</parameter>
  <parameter type="float" name="YellowBalance">1.000000</parameter>
  <parameter type="float" name="BlackDensity">1.000000</parameter>
  <parameter type="float" name="Saturation">1.000000</parameter>
  <parameter type="float" name="Gamma">1.000000</parameter>
  <parameter type="curve" name="HueMap" ref="hue_map"/>
  <parameter type="curve" name="LumMap" ref="lum_map"/>
  <parameter type="curve" name="SatMap" ref="sat_map"/>
 </ink>

 <ink translate="text" name="ultra3matte" text="Matte Black">
  <parameter type="float" name="Density">1.000000</parameter>
  <parameter type="float" name="SubchannelCutoff">0.500000</parameter>
  <parameter type="float" name="BlackTrans">1.000000</parameter>
  <parameter type="float" name="GCRLower">0.000000</parameter>
  <parameter type="float" name="GCRUpper">0.000000</parameter>
  <parameter type="float" name="CyanBalance">0.900000</parameter>
  <parameter type="float" name="MagentaBalance">1.000000</parameter>
  <parameter type="float" name="YellowBalance">1.000000</parameter>
  <parameter type="float" name="BlackDensity">1.000000</parameter>
  <parameter type="float" name="Saturation">1.000000</parameter>
  <parameter type="float" name="Gamma">1.000000</parameter>
  <parameter type="curve" name="HueMap" ref="hue_map"/>
  <parameter type="curve" name="LumMap" ref="lum_map"/>
  <parameter type="curve" name="SatMap" ref="sat_map"/>
 </ink>
</paper>

<paper translate="text" name="GlossyPhoto" text="Premium Glossy Photo Paper" class="premium" PreferredInkset="UltraPhoto">
 <parameter type="integer" name="PaperMedia">11</parameter>
 <parameter type="integer" name="PrintMethod">0x50</parameter>

 <resolution name="360x180sw">
  <parameter type="integer" name="PrintMethod">0x50</parameter>
 </resolution>
 <resolution name="360sw">
  <parameter type="integer" name="PrintMethod">0x50</parameter>
 </resolution>
 <resolution name="720x360sw">
  <parameter type="integer" name="PrintMethod">0x50</parameter>
 </resolution>
 <resolution name="720sw">
  <parameter type="integer" name="PrintMethod">0x50</parameter>
 </resolution>
 <resolution name="1440x720sw">
  <parameter type="integer" name="PrintMethod">0x75</parameter>
 </resolution>
 <resolution name="1440x1440ov">
  <parameter type="integer" name="PrintMethod">0x80</parameter>
 </resolution>
 <resolution name="2880x1440sw">
  <parameter type="integer" name="PrintMethod">0xa0</parameter>
 </resolution>
 <resolution name="5760x1440sw">
  <parameter type="integer" name="PrintMethod">0xa0</parameter>
 </resolution>
 <resolution name="2880x2880sw">
  <parameter type="integer" name="PrintMethod">0xa0</parameter>
 </resolution>
 <resolution name="5760x2880sw">
  <parameter type="integer" name="PrintMethod">0xa0</parameter>
 </resolution>

 <ink translate="text" name="ultra3photo" text="Photo Black">
  <parameter type="float" name="Density">0.720000</parameter>
  <parameter type="float" name="SubchannelCutoff">0.500000</parameter>
  <parameter type="float" name="BlackTrans">1.000000</parameter>
  <parameter type="float" name="GCRLower">0.000000</parameter>
  <parameter type="float" name="GCRUpper">0.000000</parameter>
  <parameter type="float" name="CyanBalance">0.900000</parameter>
  <parameter type="float" name="MagentaBalance">1.000000</parameter>
  <parameter type="float" name="YellowBalance">1.000000</parameter>
  <parameter type="float" name="BlackDensity">1.000000</parameter>
  <parameter type="float" name="Saturation">1.000000</parameter>
  <parameter type="float" name="Gamma">0.920000</parameter>
  <parameter type="curve" name="HueMap" ref="premium_hue_map"/>
  <parameter type="curve" name="LumMap" ref="premium_lum_map"/>
  <parameter type="curve" name="SatMap" ref="premium_sat_map"/>
 </ink>

 <ink translate="text" name="ultra3matte" text="Matte Black">
  <parameter type="float" name="Density">0.720000</parameter>
  <parameter type="float" name="SubchannelCutoff">1.000000</parameter>
  <parameter type="float" name="BlackTrans">1.000000</parameter>
  <parameter type="float" name="GCRLower">0.000000</parameter>
  <parameter type="float" name="GCRUpper">0.000000</parameter>
  <parameter type="float" name="CyanBalance">0.900000</parameter>
  <parameter type="float" name="MagentaBalance">1.000000</parameter>
  <parameter type="float" name="YellowBalance">1.000000</parameter>
  <parameter type="float" name="BlackDensity">1.000000</parameter>
  <parameter type="float" name="Saturation">1.000000</parameter>
  <parameter type="float" name="Gamma">0.920000</parameter>
  <parameter type="curve" name="HueMap" ref="premium_hue_map"/>
  <parameter type="curve" name="LumMap" ref="premium_lum_map"/>
  <parameter type="curve" name="SatMap" ref="premium_sat_map"/>
 </ink>
</paper>

<paper translate="text" name="Semigloss" text="Premium Semigloss Photo Paper" class="premium" PreferredInkset="UltraPhoto">
 <parameter type="integer" name="PaperMedia">12</parameter>
 <parameter type="integer" name="PrintMethod">0x50</parameter>

 <resolution name="360x180sw">
  <parameter type="integer" name="PrintMethod">0x50</parameter>
 </resolution>
 <resolution name="360sw">
  <parameter type="integer" name="PrintMethod">0x50</parameter>
 </resolution>
 <resolution name="720x360sw">
  <parameter type="integer" name="PrintMethod">0x50</parameter>
 </resolution>
 <resolution name="720sw">
  <parameter type="integer" name="PrintMethod">0x50</parameter>
 </resolution>
 <resolution name="1440x720sw">
  <parameter type="integer" name="PrintMethod">0x75</parameter>
 </resolution>
 <resolution name="1440x1440ov">
  <parameter type="integer" name="PrintMethod">0x80</parameter>
 </resolution>
 <resolution name="2880x1440sw">
  <parameter type="integer" name="PrintMethod">0xa0</parameter>
 </resolution>
 <resolution name="5760x1440sw">
  <parameter type="integer" name="PrintMethod">0xa0</parameter>
 </resolution>
 <resolution name="2880x2880sw">
  <parameter type="integer" name="PrintMethod">0xa0</parameter>
 </resolution>
 <resolution name="5760x2880sw">
  <parameter type="integer" name="PrintMethod">0xa0</parameter>
 </resolution>

 <ink translate="text" name="ultra3photo" text="Photo Black">
  <parameter type="float" name="Density">0.720000</parameter>
  <parameter type="float" name="SubchannelCutoff">0.500000</parameter>
  <parameter type="float" name="BlackTrans">1.000000</parameter>
  <parameter type="float" name="GCRLower">0.000000</parameter>
  <parameter type="float" name="GCRUpper">0.000000</parameter>
  <parameter type="float" name="CyanBalance">0.900000</parameter>
  <parameter type="float" name="MagentaBalance">1.000000</parameter>
  <parameter type="float" name="YellowBalance">1.000000</parameter>
  <parameter type="float" name="BlackDensity">1.000000</parameter>
  <parameter type="float" name="Saturation">1.000000</parameter>
  <parameter type="float" name="Gamma">0.920000</parameter>
  <parameter type="curve" name="HueMap" ref="premium_hue_map"/>
  <parameter type="curve" name="LumMap" ref="premium_lum_map"/>
  <parameter type="curve" name="SatMap" ref="premium_sat_map"/>
 </ink>

 <ink translate="text" name="ultra3matte" text="Matte Black">
  <parameter type="float" name="Density">0.720000</parameter>
  <parameter type="float" name="SubchannelCutoff">0.800000</parameter>
  <parameter type="float" name="BlackTrans">1.000000</parameter>
  <parameter type="float" name="GCRLower">0.000000</parameter>
  <parameter type="float" name="GCRUpper">0.000000</parameter>
  <parameter type="float" name="CyanBalance">0.900000</parameter>
  <parameter type="float" name="MagentaBalance">1.000000</parameter>
  <parameter type="float" name="YellowBalance">1.000000</parameter>
  <parameter type="float" name="BlackDensity">1.000000</parameter>
  <parameter type="float" name="Saturation">1.000000</parameter>
  <parameter type="float" name="Gamma">0.920000</parameter>
  <parameter type="curve" name="HueMap" ref="premium_hue_map"/>
  <parameter type="curve" name="LumMap" ref="premium_lum_map"/>
  <parameter type="curve" name="SatMap" ref="premium_sat_map"/>
 </ink>
</paper>

<paper translate="text" name="Luster" text="Premium Luster Photo Paper" class="premium" PreferredInkset="UltraPhoto">
 <parameter type="integer" name="PaperMedia">13</parameter>
 <parameter type="integer" name="PrintMethod">0x50</parameter>

 <resolution name="360x180sw">
  <parameter type="integer" name="PrintMethod">0x50</parameter>
 </resolution>
 <resolution name="360sw">
  <parameter type="integer" name="PrintMethod">0x50</parameter>
 </resolution>
 <resolution name="720x360sw">
  <parameter type="integer" name="PrintMethod">0x50</parameter>
 </resolution>
 <resolution name="720sw">
  <parameter type="integer" name="PrintMethod">0x50</parameter>
 </resolution>
 <resolution name="1440x720sw">
  <parameter type="integer" name="PrintMethod">0x75</parameter>
 </resolution>
 <resolution name="1440x1440ov">
  <parameter type="integer" name="PrintMethod">0x80</parameter>
 </resolution>
 <resolution name="2880x1440sw">
  <parameter type="integer" name="PrintMethod">0xa0</parameter>
 </resolution>
 <resolution name="5760x1440sw">
  <parameter type="integer" name="PrintMethod">0xa0</parameter>
 </resolution>
 <resolution name="2880x2880sw">
  <parameter type="integer" name="PrintMethod">0xa0</parameter>
 </resolution>
 <resolution name="5760x2880sw">
  <parameter type="integer" name="PrintMethod">0xa0</parameter>
 </resolution>

 <ink translate="text" name="ultra3photo" text="Photo Black">
  <parameter type="float" name="Density">0.720000</parameter>
  <parameter type="float" name="SubchannelCutoff">0.500000</parameter>
  <parameter type="float" name="BlackTrans">1.000000</parameter>
  <parameter type="float" name="GCRLower">0.000000</parameter>
  <parameter type="float" name="GCRUpper">0.000000</parameter>
  <parameter type="float" name="CyanBalance">0.900000</parameter>
  <parameter type="float" name="MagentaBalance">1.000000</parameter>
  <parameter type="float" name="YellowBalance">1.000000</parameter>
  <parameter type="float" name="BlackDensity">1.000000</parameter>
  <parameter type="float" name="Saturation">1.000000</parameter>
  <parameter type="float" name="Gamma">0.920000</parameter>
  <parameter type="curve" name="HueMap" ref="premium_hue_map"/>
  <parameter type="curve" name="LumMap" ref="premium_lum_map"/>
  <parameter type="curve" name="SatMap" ref="premium_sat_map"/>
 </ink>

 <ink translate="text" name="ultra3matte" text="Matte Black">
  <parameter type="float" name="Density">0.720000</parameter>
  <parameter type="float" name="SubchannelCutoff">0.800000</parameter>
  <parameter type="float" name="BlackTrans">1.000000</parameter>
  <parameter type="float" name="GCRLower">0.000000</parameter>
  <parameter type="float" name="GCRUpper">0.000000</parameter>
  <parameter type="float" name="CyanBalance">0.900000</parameter>
  <parameter type="float" name="MagentaBalance">1.000000</parameter>
  <parameter type="float" name="YellowBalance">1.000000</parameter>
  <parameter type="float" name="BlackDensity">1.000000</parameter>
  <parameter type="float" name="Saturation">1.000000</parameter>
  <parameter type="float" name="Gamma">0.920000</parameter>
  <parameter type="curve" name="HueMap" ref="premium_hue_map"/>
  <parameter type="curve" name="LumMap" ref="premium_lum_map"/>
  <parameter type="curve" name="SatMap" ref="premium_sat_map"/>
 </ink>
</paper>

<paper translate="text" name="ArchivalMatte" text="Archival Matte Paper" class="premium" PreferredInkset="UltraMatte">
 <parameter type="integer" name="PaperMedia">15</parameter>
 <parameter type="integer" name="PrintMethod">0x73</parameter>

 <resolution name="360x180sw">
  <parameter type="integer" name="PrintMethod">0x73</parameter>
 </resolution>
 <resolution name="360sw">
  <parameter type="integer" name="PrintMethod">0x73</parameter>
 </resolution>
 <resolution name="720x360sw">
  <parameter type="integer" name="PrintMethod">0x73</parameter>
 </resolution>
 <resolution name="720sw">
  <parameter type="integer" name="PrintMethod">0x73</parameter>
 </resolution>
 <resolution name="1440x720sw">
  <parameter type="integer" name="PrintMethod">0x73</parameter>
 </resolution>
 <resolution name="1440x1440ov">
  <parameter type="integer" name="PrintMethod">0x73</parameter>
 </resolution>
 <resolution name="2880x1440sw">
  <parameter type="integer" name="PrintMethod">0x73</parameter>
 </resolution>
 <resolution name="5760x1440sw">
  <parameter type="integer" name="PrintMethod">0x73</parameter>
 </resolution>
 <resolution name="2880x2880sw">
  <parameter type="integer" name="PrintMethod">0x73</parameter>
 </resolution>
 <resolution name="5760x2880sw">
  <parameter type="integer" name="PrintMethod">0x73</parameter>
 </resolution>

 <ink translate="text" name="ultra3photo" text="Photo Black">
  <parameter type="float" name="Density">0.920000</parameter>
  <parameter type="float" name="SubchannelCutoff">0.500000</parameter>
  <parameter type="float" name="BlackTrans">1.000000</parameter>
  <parameter type="float" name="GCRLower">0.000000</parameter>
  <parameter type="float" name="GCRUpper">0.000000</parameter>
  <parameter type="float" name="CyanBalance">0.900000</parameter>
  <parameter type="float" name="MagentaBalance">1.000000</parameter>
  <parameter type="float" name="YellowBalance">1.000000</parameter>
  <parameter type="float" name="BlackDensity">1.000000</parameter>
  <parameter type="float" name="Saturation">1.000000</parameter>
  <parameter type="float" name="Gamma">1.000000</parameter>
  <parameter type="curve" name="HueMap" ref="hue_map"/>
  <parameter type="curve" name="LumMap" ref="lum_map"/>
  <parameter type="curve" name="SatMap" ref="sat_map"/>
 </ink>

 <ink translate="text" name="ultra3matte" text="Matte Black">
  <parameter type="float" name="Density">0.920000</parameter>
  <parameter type="float" name="SubchannelCutoff">0.400000</parameter>
  <parameter type="float" name="BlackTrans">1.000000</parameter>
  <parameter type="float" name="GCRLower">0.000000</parameter>
  <parameter type="float" name="GCRUpper">0.000000</parameter>
  <parameter type="float" name="CyanBalance">0.900000</parameter>
  <parameter type="float" name="MagentaBalance">1.000000</parameter>
  <parameter type="float" name="YellowBalance">1.000000</parameter>
  <parameter type="float" name="BlackDensity">0.600000</parameter>
  <parameter type="float" name="Saturation">1.000000</parameter>
  <parameter type="float" name="Gamma">1.000000</parameter>
  <parameter type="curve" name="HueMap" ref="hue_map"/>
  <parameter type="curve" name="LumMap" ref="lum_map"/>
  <parameter type="curve" name="SatMap" ref="sat_map"/>
 </ink>
 </paper>

<paper translate="text" name="WaterColorRadiant" text="Watercolor Paper - Radiant White" class="premium" PreferredInkset="UltraMatte">
 <parameter type="integer" name="PaperMedia">15</parameter>
 <parameter type="integer" name="PrintMethod">0x50</parameter>

 <resolution name="360x180sw">
  <parameter type="integer" name="PrintMethod">0x50</parameter>
 </resolution>
 <resolution name="360sw">
  <parameter type="integer" name="PrintMethod">0x50</parameter>
 </resolution>
 <resolution name="720x360sw">
  <parameter type="integer" name="PrintMethod">0x50</parameter>
 </resolution>
 <resolution name="720sw">
  <parameter type="integer" name="PrintMethod">0x50</parameter>
 </resolution>
 <resolution name="1440x720sw">
  <parameter type="integer" name="PrintMethod">0x75</parameter>
 </resolution>
 <resolution name="1440x1440ov">
  <parameter type="integer" name="PrintMethod">0x80</parameter>
 </resolution>
 <resolution name="2880x1440sw">
  <parameter type="integer" name="PrintMethod">0xa0</parameter>
 </resolution>
 <resolution name="5760x1440sw">
  <parameter type="integer" name="PrintMethod">0xa0</parameter>
 </resolution>
 <resolution name="2880x2880sw">
  <parameter type="integer" name="PrintMethod">0xa0</parameter>
 </resolution>
 <resolution name="5760x2880sw">
  <parameter type="integer" name="PrintMethod">0xa0</parameter>
 </resolution>

 <ink translate="text" name="ultra3photo" text="Photo Black">
  <parameter type="float" name="Density">0.920000</parameter>
  <parameter type="float" name="SubchannelCutoff">0.800000</parameter>
  <parameter type="float" name="BlackTrans">1.000000</parameter>
  <parameter type="float" name="GCRLower">0.000000</parameter>
  <parameter type="float" name="GCRUpper">0.000000</parameter>
  <parameter type="float" name="CyanBalance">0.900000</parameter>
  <parameter type="float" name="MagentaBalance">1.000000</parameter>
  <parameter type="float" name="YellowBalance">1.000000</parameter>
  <parameter type="float" name="BlackDensity">1.000000</parameter>
  <parameter type="float" name="Saturation">1.000000</parameter>
  <parameter type="float" name="Gamma">1.000000</parameter>
  <parameter type="curve" name="HueMap" ref="hue_map"/>
  <parameter type="curve" name="LumMap" ref="lum_map"/>
  <parameter type="curve" name="SatMap" ref="sat_map"/>
 </ink>

 <ink translate="text" name="ultra3matte" text="Matte Black">
  <parameter type="float" name="Density">0.920000</parameter>
  <parameter type="float" name="SubchannelCutoff">0.400000</parameter>
  <parameter type="float" name="BlackTrans">1.000000</parameter>
  <parameter type="float" name="GCRLower">0.000000</parameter>
  <parameter type="float" name="GCRUpper">0.000000</parameter>
  <parameter type="float" name="CyanBalance">0.900000</parameter>
  <parameter type="float" name="MagentaBalance">1.000000</parameter>
  <parameter type="float" name="YellowBalance">1.000000</parameter>
  <parameter type="float" name="BlackDensity">1.000000</parameter>
  <parameter type="float" name="Saturation">1.000000</parameter>
  <parameter type="float" name="Gamma">1.000000</parameter>
  <parameter type="curve" name="HueMap" ref="hue_map"/>
  <parameter type="curve" name="LumMap" ref="lum_map"/>
  <parameter type="curve" name="SatMap" ref="sat_map"/>
 </ink>
</paper>

<paper translate="text" name="GlossyPaper" text="Photo Quality Glossy Paper" class="photo" PreferredInkset="UltraPhoto">
 <parameter type="integer" name="PaperMedia">19</parameter>
 <parameter type="integer" name="PrintMethod">0x50</parameter>

 <resolution name="360x180sw">
  <parameter type="integer" name="PrintMethod">0x50</parameter>
 </resolution>
 <resolution name="360sw">
  <parameter type="integer" name="PrintMethod">0x50</parameter>
 </resolution>
 <resolution name="720x360sw">
  <parameter type="integer" name="PrintMethod">0x50</parameter>
 </resolution>
 <resolution name="720sw">
  <parameter type="integer" name="PrintMethod">0x50</parameter>
 </resolution>
 <resolution name="1440x720sw">
  <parameter type="integer" name="PrintMethod">0x75</parameter>
 </resolution>
 <resolution name="1440x1440ov">
  <parameter type="integer" name="PrintMethod">0x80</parameter>
 </resolution>
 <resolution name="2880x1440sw">
  <parameter type="integer" name="PrintMethod">0xa0</parameter>
 </resolution>
 <resolution name="5760x1440sw">
  <parameter type="integer" name="PrintMethod">0xa0</parameter>
 </resolution>
 <resolution name="2880x2880sw">
  <parameter type="integer" name="PrintMethod">0xa0</parameter>
 </resolution>
 <resolution name="5760x2880sw">
  <parameter type="integer" name="PrintMethod">0xa0</parameter>
 </resolution>

 <ink translate="text" name="ultra3photo" text="Photo Black">
  <parameter type="float" name="Density">0.830000</parameter>
  <parameter type="float" name="SubchannelCutoff">0.500000</parameter>
  <parameter type="float" name="BlackTrans">1.000000</parameter>
  <parameter type="float" name="GCRLower">0.000000</parameter>
  <parameter type="float" name="GCRUpper">0.000000</parameter>
  <parameter type="float" name="CyanBalance">0.900000</parameter>
  <parameter type="float" name="MagentaBalance">1.000000</parameter>
  <parameter type="float" name="YellowBalance">1.000000</parameter>
  <parameter type="float" name="BlackDensity">1.000000</parameter>
  <parameter type="float" name="Saturation">1.000000</parameter>
  <parameter type="float" name="Gamma">1.000000</parameter>
  <parameter type="curve" name="HueMap" ref="hue_map"/>
  <parameter type="curve" name="LumMap" ref="lum_map"/>
  <parameter type="curve" name="SatMap" ref="sat_map"/>
 </ink>

 <ink translate="text" name="ultra3matte" text="Matte Black">
  <parameter type="float" name="Density">0.830000</parameter>
  <parameter type="float" name="SubchannelCutoff">0.500000</parameter>
  <parameter type="float" name="BlackTrans">1.000000</parameter>
  <parameter type="float" name="GCRLower">0.000000</parameter>
  <parameter type="float" name="GCRUpper">0.000000</parameter>
  <parameter type="float" name="CyanBalance">0.900000</parameter>
  <parameter type="float" name="MagentaBalance">1.000000</parameter>
  <parameter type="float" name="YellowBalance">1.000000</parameter>
  <parameter type="float" name="BlackDensity">1.000000</parameter>
  <parameter type="float" name="Saturation">1.000000</parameter>
  <parameter type="float" name="Gamma">1.000000</parameter>
  <parameter type="curve" name="HueMap" ref="hue_map"/>
  <parameter type="curve" name="LumMap" ref="lum_map"/>
  <parameter type="curve" name="SatMap" ref="sat_map"/>
 </ink>
</paper>

<paper translate="text" name="Ilford" text="Ilford Heavy Paper" class="premium" PreferredInkset="UltraMatte">
 <parameter type="integer" name="PaperMedia">15</parameter>
 <parameter type="integer" name="PrintMethod">0x50</parameter>

 <resolution name="360x180sw">
  <parameter type="integer" name="PrintMethod">0x50</parameter>
 </resolution>
 <resolution name="360sw">
  <parameter type="integer" name="PrintMethod">0x50</parameter>
 </resolution>
 <resolution name="720x360sw">
  <parameter type="integer" name="PrintMethod">0x50</parameter>
 </resolution>
 <resolution name="720sw">
  <parameter type="integer" name="PrintMethod">0x50</parameter>
 </resolution>
 <resolution name="1440x720sw">
  <parameter type="integer" name="PrintMethod">0x75</parameter>
 </resolution>
 <resolution name="1440x1440ov">
  <parameter type="integer" name="PrintMethod">0x80</parameter>
 </resolution>
 <resolution name="2880x1440sw">
  <parameter type="integer" name="PrintMethod">0xa0</parameter>
 </resolution>
 <resolution name="5760x1440sw">
  <parameter type="integer" name="PrintMethod">0xa0</parameter>
 </resolution>
 <resolution name="2880x2880sw">
  <parameter type="integer" name="PrintMethod">0xa0</parameter>
 </resolution>
 <resolution name="5760x2880sw">
  <parameter type="integer" name="PrintMethod">0xa0</parameter>
 </resolution>

 <ink translate="text" name="ultra3photo" text="Photo Black">
  <parameter type="float" name="Density">0.830000</parameter>
  <parameter type="float" name="SubchannelCutoff">0.500000</parameter>
  <parameter type="float" name="BlackTrans">1.000000</parameter>
  <parameter type="float" name="GCRLower">0.000000</parameter>
  <parameter type="float" name="GCRUpper">0.000000</parameter>
  <parameter type="float" name="CyanBalance">0.900000</parameter>
  <parameter type="float" name="MagentaBalance">1.000000</parameter>
  <parameter type="float" name="YellowBalance">1.000000</parameter>
  <parameter type="float" name="BlackDensity">1.000000</parameter>
  <parameter type="float" name="Saturation">1.000000</parameter>
  <parameter type="float" name="Gamma">1.000000</parameter>
  <parameter type="curve" name="HueMap" ref="hue_map"/>
  <parameter type="curve" name="LumMap" ref="lum_map"/>
  <parameter type="curve" name="SatMap" ref="sat_map"/>
 </ink>

 <ink translate="text" name="ultra3matte" text="Matte Black">
  <parameter type="float" name="Density">0.830000</parameter>
  <parameter type="float" name="SubchannelCutoff">0.500000</parameter>
  <parameter type="float" name="BlackTrans">1.000000</parameter>
  <parameter type="float" name="GCRLower">0.000000</parameter>
  <parameter type="float" name="GCRUpper">0.000000</parameter>
  <parameter type="float" name="CyanBalance">0.900000</parameter>
  <parameter type="float" name="MagentaBalance">1.000000</parameter>
  <parameter type="float" name="YellowBalance">1.000000</parameter>
  <parameter type="float" name="BlackDensity">1.000000</parameter>
  <parameter type="float" name="Saturation">1.000000</parameter>
  <parameter type="float" name="Gamma">1.000000</parameter>
  <parameter type="curve" name="HueMap" ref="hue_map"/>
  <parameter type="curve" name="LumMap" ref="lum_map"/>
  <parameter type="curve" name="SatMap" ref="sat_map"/>
 </ink>
</paper>

<paper translate="text" name="ColorLife" text="ColorLife Paper" class="premium" PreferredInkset="UltraPhoto">
 <parameter type="integer" name="PaperMedia">23</parameter>
 <parameter type="integer" name="PrintMethod">0x50</parameter>

 <resolution name="360x180sw">
  <parameter type="integer" name="PrintMethod">0x50</parameter>
 </resolution>
 <resolution name="360sw">
  <parameter type="integer" name="PrintMethod">0x50</parameter>
 </resolution>
 <resolution name="720x360sw">
  <parameter type="integer" name="PrintMethod">0x50</parameter>
 </resolution>
 <resolution name="720sw">
  <parameter type="integer" name="PrintMethod">0x50</parameter>
 </resolution>
 <resolution name="1440x720sw">
  <parameter type="integer" name="PrintMethod">0x50</parameter>
 </resolution>
 <resolution name="1440x1440ov">
  <parameter type="integer" name="PrintMethod">0x80</parameter>
 </resolution>
 <resolution name="2880x1440sw">
  <parameter type="integer" name="PrintMethod">0xa0</parameter>
 </resolution>
 <resolution name="5760x1440sw">
  <parameter type="integer" name="PrintMethod">0xa0</parameter>
 </resolution>
 <resolution name="2880x2880sw">
  <parameter type="integer" name="PrintMethod">0xa0</parameter>
 </resolution>
 <resolution name="5760x2880sw">
  <parameter type="integer" name="PrintMethod">0xa0</parameter>
 </resolution>

 <ink translate="text" name="ultra3photo" text="Photo Black">
  <parameter type="float" name="Density">0.830000</parameter>
  <parameter type="float" name="SubchannelCutoff">0.500000</parameter>
  <parameter type="float" name="BlackTrans">1.000000</parameter>
  <parameter type="float" name="GCRLower">0.000000</parameter>
  <parameter type="float" name="GCRUpper">0.000000</parameter>
  <parameter type="float" name="CyanBalance">0.900000</parameter>
  <parameter type="float" name="MagentaBalance">1.000000</parameter>
  <parameter type="float" name="YellowBalance">1.000000</parameter>
  <parameter type="float" name="BlackDensity">1.000000</parameter>
  <parameter type="float" name="Saturation">1.000000</parameter>
  <parameter type="float" name="Gamma">1.000000</parameter>
  <parameter type="curve" name="HueMap" ref="hue_map"/>
  <parameter type="curve" name="LumMap" ref="lum_map"/>
  <parameter type="curve" name="SatMap" ref="sat_map"/>
 </ink>

 <ink translate="text" name="ultra3matte" text="Matte Black">
  <parameter type="float" name="Density">0.830000</parameter>
  <parameter type="float" name="SubchannelCutoff">0.500000</parameter>
  <parameter type="float" name="BlackTrans">1.000000</parameter>
  <parameter type="float" name="GCRLower">0.000000</parameter>
  <parameter type="float" name="GCRUpper">0.000000</parameter>
  <parameter type="float" name="CyanBalance">0.900000</parameter>
  <parameter type="float" name="MagentaBalance">1.000000</parameter>
  <parameter type="float" name="YellowBalance">1.000000</parameter>
  <parameter type="float" name="BlackDensity">1.000000</parameter>
  <parameter type="float" name="Saturation">1.000000</parameter>
  <parameter type="float" name="Gamma">1.000000</parameter>
  <parameter type="curve" name="HueMap" ref="hue_map"/>
  <parameter type="curve" name="LumMap" ref="lum_map"/>
  <parameter type="curve" name="SatMap" ref="sat_map"/>
 </ink>
</paper>

<paper translate="text" name="Other" text="Other" class="plain" PreferredInkset="UltraMatte">
 <ink translate="text" name="ultra3photo" text="Photo Black">
  <parameter type="float" name="Density">0.720000</parameter>
  <parameter type="float" name="SubchannelCutoff">0.500000</parameter>
  <parameter type="float" name="BlackTrans">1.000000</parameter>
  <parameter type="float" name="GCRLower">0.000000</parameter>
  <parameter type="float" name="GCRUpper">0.000000</parameter>
  <parameter type="float" name="CyanBalance">0.900000</parameter>
  <parameter type="float" name="MagentaBalance">1.000000</parameter>
  <parameter type="float" name="YellowBalance">1.000000</parameter>
  <parameter type="float" name="BlackDensity">1.000000</parameter>
  <parameter type="float" name="Saturation">1.000000</parameter>
  <parameter type="float" name="Gamma">1.000000</parameter>
  <parameter type="curve" name="HueMap" ref="hue_map"/>
  <parameter type="curve" name="LumMap" ref="lum_map"/>
  <parameter type="curve" name="SatMap" ref="sat_map"/>
 </ink>

 <ink translate="text" name="ultra3matte" text="Matte Black">
  <parameter type="float" name="Density">0.720000</parameter>
  <parameter type="float" name="SubchannelCutoff">0.100000</parameter>
  <parameter type="float" name="BlackTrans">0.400000</parameter>
  <parameter type="float" name="GCRLower">0.000000</parameter>
  <parameter type="float" name="GCRUpper">0.000000</parameter>
  <parameter type="float" name="CyanBalance">0.900000</parameter>
  <parameter type="float" name="MagentaBalance">1.000000</parameter>
  <parameter type="float" name="YellowBalance">1.000000</parameter>
  <parameter type="float" name="BlackDensity">1.000000</parameter>
  <parameter type="float" name="Saturation">1.000000</parameter>
  <parameter type="float" name="Gamma">1.000000</parameter>
  <parameter type="curve" name="HueMap" ref="hue_map"/>
  <parameter type="curve" name="LumMap" ref="lum_map"/>
  <parameter type="curve" name="SatMap" ref="sat_map"/>
 </ink>
</paper>
</escp2:papers>
</gutenprint>
