<?xml version="1.0"?>

<gutenprint xmlns="http://gimp-print.sourceforge.net/xsd/gp.xsd-1.0"
xmlns:xsi="http://www.w3.org/2001/XMLSchema-instance"
xsi:schemaLocation="http://gimp-print.sourceforge.net/xsd/gp.xsd-1.0 gutenprint.xsd">
<copyright>
 *   Copyright 2008 Robert Krawitz (rlk@alum.mit.edu)
 *
 *   This program is free software; you can redistribute it and/or modify it
 *   under the terms of the GNU General Public License as published by the Free
 *   Software Foundation; either version 2 of the License, or (at your option)
 *   any later version.
 *
 *   This program is distributed in the hope that it will be useful, but
 *   WITHOUT ANY WARRANTY; without even the implied warranty of MERCHANTABILITY
 *   or FITNESS FOR A PARTICULAR PURPOSE.  See the GNU General Public License
 *   for more details.
 *
 *   You should have received a copy of the GNU General Public License
 *   along with this program; if not, write to the Free Software
 *   Foundation, Inc., 59 Temple Place - Suite 330, Boston, MA 02111-1307, USA.
</copyright>
<escp2:papers name="picturemate_4">
<feature name="FeedSequence"/>
<Curves>
 <namedParam name="hue_map">
  <curve wrap="wrap" type="linear" gamma="0" piecewise="false">
   <sequence count="48" lower-bound="-6" upper-bound="6">
	0	-0.07	-0.1	-0.15	-0.19	-0.25	-0.3	-0.35
	-0.38	-0.38	-0.3	-0.2	-0.1	0	0	0
	0	0	0	0	0	0	0	0
	0	0	0	0	0	0	0	0
	0	0.02	0.05	0.09	0.13	0.15	0.16	0.17
	0.17	0.17	0.16	0.15	0.13	0.09	0.05	0.02
   </sequence>
  </curve>
 </namedParam>
 <namedParam name="lum_map">
  <curve wrap="wrap" type="linear" gamma="0" piecewise="false">
   <sequence count="48" lower-bound="0" upper-bound="4">
	0.75	0.75	0.75	0.75	0.76	0.8	0.85	0.9
	0.9	0.88	0.82	0.85	0.87	0.89	0.91	0.95
	0.98	0.98	0.97	0.97	0.96	0.96	0.96	0.96
	0.96	0.97	0.98	0.98	0.99	1	1	1
	1	1	1	0.99	0.98	0.97	0.96	0.93
	0.88	0.87	0.86	0.85	0.82	0.79	0.76	0.75
   </sequence>
  </curve>
 </namedParam>
 <namedParam name="sat_map">
  <curve wrap="wrap" type="linear" gamma="0" piecewise="false">
   <sequence count="48" lower-bound="0" upper-bound="4">
	1	1	1	1	1	1	1	1
	1	1	1	1	1	1	1	1
	1	1	1	1	1	1	1	1
	1	1	1	1	1	1	1	1
	1	1.03	1.06	1.09	1.12	1.15	1.18	1.2
	1.2	1.15	1.1	1.05	1	1	1	1
   </sequence>
  </curve>
 </namedParam>
</Curves>
<paper translate="text" name="GlossyPhoto" text="Premium Glossy Photo Paper"
class="premium" PreferredInkset="picturematePhoto">
 <parameter type="integer" name="FeedSequence">8</parameter>

 <ink translate="text" name="picturemate_4" text="Standard">
  <parameter type="float" name="Density">1.000000</parameter>
  <parameter type="float" name="SubchannelCutoff">1.000000</parameter>
  <parameter type="float" name="BlackTrans">1.000000</parameter>
  <parameter type="float" name="GCRLower">0.020000</parameter>
  <parameter type="float" name="GCRUpper">2.000000</parameter>
  <parameter type="float" name="CyanBalance">0.882000</parameter>
  <parameter type="float" name="MagentaBalance">1.000000</parameter>
  <parameter type="float" name="YellowBalance">0.250000</parameter>
  <parameter type="float" name="BlackDensity">1.000000</parameter>
  <parameter type="float" name="Saturation">1.000000</parameter>
  <parameter type="float" name="Gamma">0.920000</parameter>
  <parameter type="curve" name="HueMap" ref="hue_map"/>
  <parameter type="curve" name="LumMap" ref="lum_map"/>
  <parameter type="curve" name="SatMap" ref="sat_map"/>
 </ink>
</paper>

<paper translate="text" name="Other" text="Other" class="plain"
PreferredInkset="picturemateMatte">
 <parameter type="integer" name="FeedSequence">0</parameter>

 <ink translate="text" name="picturemate_4" text="Standard">
  <parameter type="float" name="Density">0.878000</parameter>
  <parameter type="float" name="SubchannelCutoff">0.100000</parameter>
  <parameter type="float" name="BlackTrans">1.000000</parameter>
  <parameter type="float" name="GCRLower">0.020000</parameter>
  <parameter type="float" name="GCRUpper">2.000000</parameter>
  <parameter type="float" name="CyanBalance">0.882000</parameter>
  <parameter type="float" name="MagentaBalance">1.000000</parameter>
  <parameter type="float" name="YellowBalance">0.250000</parameter>
  <parameter type="float" name="BlackDensity">1.000000</parameter>
  <parameter type="float" name="Saturation">1.000000</parameter>
  <parameter type="float" name="Gamma">1.000000</parameter>
  <parameter type="curve" name="HueMap" ref="hue_map"/>
  <parameter type="curve" name="LumMap" ref="lum_map"/>
  <parameter type="curve" name="SatMap" ref="sat_map"/>
 </ink>
</paper>
</escp2:papers>
</gutenprint>
