<?xml version="1.0"?>

<gutenprint xmlns="http://gimp-print.sourceforge.net/xsd/gp.xsd-1.0"
xmlns:xsi="http://www.w3.org/2001/XMLSchema-instance"
xsi:schemaLocation="http://gimp-print.sourceforge.net/xsd/gp.xsd-1.0 gutenprint.xsd">
<copyright>
 *   Copyright 2008 Robert Krawitz (rlk@alum.mit.edu)
 *
 *   This program is free software; you can redistribute it and/or modify it
 *   under the terms of the GNU General Public License as published by the Free
 *   Software Foundation; either version 2 of the License, or (at your option)
 *   any later version.
 *
 *   This program is distributed in the hope that it will be useful, but
 *   WITHOUT ANY WARRANTY; without even the implied warranty of MERCHANTABILITY
 *   or FITNESS FOR A PARTICULAR PURPOSE.  See the GNU General Public License
 *   for more details.
 *
 *   You should have received a copy of the GNU General Public License
 *   along with this program; if not, write to the Free Software
 *   Foundation, Inc., 59 Temple Place - Suite 330, Boston, MA 02111-1307, USA.
</copyright>
<escp2:papers name="pro_ultrachrome">
<Curves>
 <namedParam name="hue_map">
  <curve wrap="wrap" type="linear" gamma="0" piecewise="false">
   <sequence count="48" lower-bound="-6" upper-bound="6">
	0	0.06	0.1	0.1	0.06	0	-0.06	-0.12
	-0.18	-0.21	-0.22	-0.22	-0.22	-0.22	-0.22	-0.22
	-0.22	-0.28	-0.34	-0.4	-0.5	-0.4	-0.3	-0.2
	-0.12	-0.07	-0.04	-0.02	0	0	0	0
	0	0	-0.03	-0.07	-0.11	-0.15	-0.19	-0.22
	-0.25	-0.22	-0.19	-0.15	-0.12	-0.1	-0.06	-0.03
   </sequence>
  </curve>
 </namedParam>
 <namedParam name="lum_map">
  <curve wrap="wrap" type="linear" gamma="0" piecewise="false">
   <sequence count="48" lower-bound="0" upper-bound="4">
	0.49	0.51	0.55	0.61	0.67	0.71	0.76	0.79
	0.83	0.8	0.76	0.76	0.78	0.79	0.83	0.86
	0.93	0.95	0.97	0.97	0.97	0.97	0.96	0.96
	0.96	0.97	0.97	0.98	0.99	1	1	1
	1	0.98	0.97	0.95	0.94	0.93	0.9	0.86
	0.82	0.69	0.6	0.54	0.52	0.51	0.5	0.49
   </sequence>
  </curve>
 </namedParam>
 <namedParam name="sat_map">
  <curve wrap="wrap" type="linear" gamma="0" piecewise="false">
   <sequence count="48" lower-bound="0" upper-bound="4">
	1	1	1	1.05	1.1	1.15	1.15	1.15
	1.15	1.15	1.15	1.1	1.1	1.05	1.05	1
	1	1	1	1	1	1	1	1
	1	1	1	1	1	1	1	1
	1	1.05	1.15	1.25	1.35	1.45	1.5	1.5
	1.5	1.5	1.5	1.45	1.35	1.25	1.15	1.05
   </sequence>
  </curve>
 </namedParam>
 <namedParam name="premium_hue_map">
  <curve wrap="wrap" type="linear" gamma="0" piecewise="false">
   <sequence count="48" lower-bound="-6" upper-bound="6">
	0	0.06	0.1	0.1	0.06	0	-0.06	-0.12
	-0.18	-0.21	-0.22	-0.22	-0.22	-0.22	-0.22	-0.22
	-0.22	-0.28	-0.34	-0.4	-0.5	-0.4	-0.3	-0.2
	-0.12	-0.07	-0.04	-0.02	0	0	0	0
	0	0	-0.03	-0.07	-0.11	-0.15	-0.19	-0.22
	-0.25	-0.22	-0.19	-0.15	-0.12	-0.1	-0.06	-0.03
   </sequence>
  </curve>
 </namedParam>
 <namedParam name="premium_lum_map">
  <curve wrap="wrap" type="linear" gamma="0" piecewise="false">
   <sequence count="48" lower-bound="0" upper-bound="4">
	0.49	0.53	0.6	0.64	0.69	0.73	0.77	0.8
	0.84	0.81	0.77	0.77	0.78	0.8	0.84	0.87
	0.93	0.95	0.97	0.98	0.98	0.97	0.96	0.96
	0.96	0.97	0.98	0.98	0.99	1	1	1
	1	0.98	0.97	0.96	0.95	0.93	0.9	0.87
	0.83	0.69	0.61	0.55	0.53	0.52	0.5	0.49
   </sequence>
  </curve>
 </namedParam>
 <namedParam name="premium_sat_map">
  <curve wrap="wrap" type="linear" gamma="0" piecewise="false">
   <sequence count="48" lower-bound="0" upper-bound="4">
	1	1	1	1.05	1.1	1.15	1.15	1.15
	1.15	1.15	1.15	1.1	1.1	1.05	1.05	1
	1	1	1	1	1	1	1	1
	1	1	1	1	1	1	1	1
	1	1.05	1.15	1.25	1.35	1.45	1.5	1.5
	1.5	1.5	1.5	1.45	1.35	1.25	1.15	1.05
   </sequence>
  </curve>
 </namedParam>
</Curves>
<feature name="PaperThickness"/><feature name="VacuumIntensity"/><feature
name="FeedAdjustment"/>
<paper translate="text" name="Plain" text="Plain Paper" class="plain" PreferredInkset="Ultramatte">
 <parameter type="integer" name="PaperThickness">1</parameter>
 <parameter type="integer" name="VacuumIntensity">26</parameter>
 <parameter type="integer" name="FeedAdjustment">107</parameter>

 <ink translate="text" name="ultraphoto" text="UltraChrome Photo Black">
  <parameter type="float" name="Density">0.720000</parameter>
  <parameter type="float" name="SubchannelCutoff">0.100000</parameter>
  <parameter type="float" name="BlackTrans">1.000000</parameter>
  <parameter type="float" name="GCRLower">0.010000</parameter>
  <parameter type="float" name="GCRUpper">1.500000</parameter>
  <parameter type="float" name="CyanBalance">1.000000</parameter>
  <parameter type="float" name="MagentaBalance">1.000000</parameter>
  <parameter type="float" name="YellowBalance">1.000000</parameter>
  <parameter type="float" name="BlackDensity">1.000000</parameter>
  <parameter type="float" name="Saturation">1.000000</parameter>
  <parameter type="float" name="Gamma">1.000000</parameter>
  <parameter type="curve" name="HueMap" ref="hue_map"/>
  <parameter type="curve" name="LumMap" ref="lum_map"/>
  <parameter type="curve" name="SatMap" ref="sat_map"/>
 </ink>

 <ink translate="text" name="ultramatte" text="UltraChrome Matte Black">
  <parameter type="float" name="Density">0.720000</parameter>
  <parameter type="float" name="SubchannelCutoff">0.100000</parameter>
  <parameter type="float" name="BlackTrans">1.000000</parameter>
  <parameter type="float" name="GCRLower">0.000000</parameter>
  <parameter type="float" name="GCRUpper">0.500000</parameter>
  <parameter type="float" name="CyanBalance">1.000000</parameter>
  <parameter type="float" name="MagentaBalance">1.000000</parameter>
  <parameter type="float" name="YellowBalance">1.000000</parameter>
  <parameter type="float" name="BlackDensity">0.600000</parameter>
  <parameter type="float" name="Saturation">1.000000</parameter>
  <parameter type="float" name="Gamma">1.000000</parameter>
  <parameter type="curve" name="HueMap" ref="hue_map"/>
  <parameter type="curve" name="LumMap" ref="lum_map"/>
  <parameter type="curve" name="SatMap" ref="sat_map"/>
 </ink>
</paper>

<paper translate="text" name="PlainFast" text="Plain Paper Fast Load" class="plain"
PreferredInkset="Ultramatte">
 <parameter type="integer" name="PaperThickness">1</parameter>
 <parameter type="integer" name="VacuumIntensity">26</parameter>
 <parameter type="integer" name="FeedAdjustment">107</parameter>

 <ink translate="text" name="ultraphoto" text="UltraChrome Photo Black">
  <parameter type="float" name="Density">0.720000</parameter>
  <parameter type="float" name="SubchannelCutoff">0.100000</parameter>
  <parameter type="float" name="BlackTrans">1.000000</parameter>
  <parameter type="float" name="GCRLower">0.010000</parameter>
  <parameter type="float" name="GCRUpper">1.500000</parameter>
  <parameter type="float" name="CyanBalance">1.000000</parameter>
  <parameter type="float" name="MagentaBalance">1.000000</parameter>
  <parameter type="float" name="YellowBalance">1.000000</parameter>
  <parameter type="float" name="BlackDensity">1.000000</parameter>
  <parameter type="float" name="Saturation">1.000000</parameter>
  <parameter type="float" name="Gamma">1.000000</parameter>
  <parameter type="curve" name="HueMap" ref="hue_map"/>
  <parameter type="curve" name="LumMap" ref="lum_map"/>
  <parameter type="curve" name="SatMap" ref="sat_map"/>
 </ink>

 <ink translate="text" name="ultramatte" text="UltraChrome Matte Black">
  <parameter type="float" name="Density">0.720000</parameter>
  <parameter type="float" name="SubchannelCutoff">0.100000</parameter>
  <parameter type="float" name="BlackTrans">1.000000</parameter>
  <parameter type="float" name="GCRLower">0.000000</parameter>
  <parameter type="float" name="GCRUpper">0.500000</parameter>
  <parameter type="float" name="CyanBalance">1.000000</parameter>
  <parameter type="float" name="MagentaBalance">1.000000</parameter>
  <parameter type="float" name="YellowBalance">1.000000</parameter>
  <parameter type="float" name="BlackDensity">0.600000</parameter>
  <parameter type="float" name="Saturation">1.000000</parameter>
  <parameter type="float" name="Gamma">1.000000</parameter>
  <parameter type="curve" name="HueMap" ref="hue_map"/>
  <parameter type="curve" name="LumMap" ref="lum_map"/>
  <parameter type="curve" name="SatMap" ref="sat_map"/>
 </ink>
</paper>

<paper translate="text" name="Postcard" text="Postcard" class="plain" PreferredInkset="Ultramatte">
 <parameter type="integer" name="PaperThickness">2</parameter>
 <parameter type="integer" name="VacuumIntensity">0</parameter>
 <parameter type="integer" name="FeedAdjustment">0</parameter>

 <ink translate="text" name="ultraphoto" text="UltraChrome Photo Black">
  <parameter type="float" name="Density">0.720000</parameter>
  <parameter type="float" name="SubchannelCutoff">0.100000</parameter>
  <parameter type="float" name="BlackTrans">1.000000</parameter>
  <parameter type="float" name="GCRLower">0.010000</parameter>
  <parameter type="float" name="GCRUpper">1.500000</parameter>
  <parameter type="float" name="CyanBalance">1.000000</parameter>
  <parameter type="float" name="MagentaBalance">1.000000</parameter>
  <parameter type="float" name="YellowBalance">1.000000</parameter>
  <parameter type="float" name="BlackDensity">1.000000</parameter>
  <parameter type="float" name="Saturation">1.000000</parameter>
  <parameter type="float" name="Gamma">1.000000</parameter>
  <parameter type="curve" name="HueMap" ref="hue_map"/>
  <parameter type="curve" name="LumMap" ref="lum_map"/>
  <parameter type="curve" name="SatMap" ref="sat_map"/>
 </ink>

 <ink translate="text" name="ultramatte" text="UltraChrome Matte Black">
  <parameter type="float" name="Density">0.720000</parameter>
  <parameter type="float" name="SubchannelCutoff">0.100000</parameter>
  <parameter type="float" name="BlackTrans">1.000000</parameter>
  <parameter type="float" name="GCRLower">0.000000</parameter>
  <parameter type="float" name="GCRUpper">0.500000</parameter>
  <parameter type="float" name="CyanBalance">1.000000</parameter>
  <parameter type="float" name="MagentaBalance">1.000000</parameter>
  <parameter type="float" name="YellowBalance">1.000000</parameter>
  <parameter type="float" name="BlackDensity">0.600000</parameter>
  <parameter type="float" name="Saturation">1.000000</parameter>
  <parameter type="float" name="Gamma">1.000000</parameter>
  <parameter type="curve" name="HueMap" ref="hue_map"/>
  <parameter type="curve" name="LumMap" ref="lum_map"/>
  <parameter type="curve" name="SatMap" ref="sat_map"/>
 </ink>
</paper>

<paper translate="text" name="GlossyFilm" text="Glossy Film" class="photo" PreferredInkset="Ultraphoto">
 <parameter type="integer" name="PaperThickness">1</parameter>
 <parameter type="integer" name="VacuumIntensity">0</parameter>
 <parameter type="integer" name="FeedAdjustment">109</parameter>

 <ink translate="text" name="ultraphoto" text="UltraChrome Photo Black">
  <parameter type="float" name="Density">0.830000</parameter>
  <parameter type="float" name="SubchannelCutoff">1.000000</parameter>
  <parameter type="float" name="BlackTrans">1.000000</parameter>
  <parameter type="float" name="GCRLower">0.010000</parameter>
  <parameter type="float" name="GCRUpper">1.500000</parameter>
  <parameter type="float" name="CyanBalance">1.000000</parameter>
  <parameter type="float" name="MagentaBalance">1.000000</parameter>
  <parameter type="float" name="YellowBalance">1.000000</parameter>
  <parameter type="float" name="BlackDensity">1.000000</parameter>
  <parameter type="float" name="Saturation">1.000000</parameter>
  <parameter type="float" name="Gamma">1.000000</parameter>
  <parameter type="curve" name="HueMap" ref="hue_map"/>
  <parameter type="curve" name="LumMap" ref="lum_map"/>
  <parameter type="curve" name="SatMap" ref="sat_map"/>
 </ink>

 <ink translate="text" name="ultramatte" text="UltraChrome Matte Black">
  <parameter type="float" name="Density">0.830000</parameter>
  <parameter type="float" name="SubchannelCutoff">0.500000</parameter>
  <parameter type="float" name="BlackTrans">1.000000</parameter>
  <parameter type="float" name="GCRLower">0.010000</parameter>
  <parameter type="float" name="GCRUpper">0.500000</parameter>
  <parameter type="float" name="CyanBalance">1.000000</parameter>
  <parameter type="float" name="MagentaBalance">1.000000</parameter>
  <parameter type="float" name="YellowBalance">1.000000</parameter>
  <parameter type="float" name="BlackDensity">0.600000</parameter>
  <parameter type="float" name="Saturation">1.000000</parameter>
  <parameter type="float" name="Gamma">1.000000</parameter>
  <parameter type="curve" name="HueMap" ref="hue_map"/>
  <parameter type="curve" name="LumMap" ref="lum_map"/>
  <parameter type="curve" name="SatMap" ref="sat_map"/>
 </ink>
</paper>

<paper translate="text" name="Transparency" text="Transparencies" class="transparency" PreferredInkset="Ultraphoto">
 <parameter type="integer" name="PaperThickness">2</parameter>
 <parameter type="integer" name="VacuumIntensity">0</parameter>
 <parameter type="integer" name="FeedAdjustment">109</parameter>

 <ink translate="text" name="ultraphoto" text="UltraChrome Photo Black">
  <parameter type="float" name="Density">0.830000</parameter>
  <parameter type="float" name="SubchannelCutoff">0.750000</parameter>
  <parameter type="float" name="BlackTrans">1.000000</parameter>
  <parameter type="float" name="GCRLower">0.010000</parameter>
  <parameter type="float" name="GCRUpper">1.500000</parameter>
  <parameter type="float" name="CyanBalance">1.000000</parameter>
  <parameter type="float" name="MagentaBalance">1.000000</parameter>
  <parameter type="float" name="YellowBalance">1.000000</parameter>
  <parameter type="float" name="BlackDensity">1.000000</parameter>
  <parameter type="float" name="Saturation">1.000000</parameter>
  <parameter type="float" name="Gamma">1.000000</parameter>
  <parameter type="curve" name="HueMap" ref="hue_map"/>
  <parameter type="curve" name="LumMap" ref="lum_map"/>
  <parameter type="curve" name="SatMap" ref="sat_map"/>
 </ink>

 <ink translate="text" name="ultramatte" text="UltraChrome Matte Black">
  <parameter type="float" name="Density">0.830000</parameter>
  <parameter type="float" name="SubchannelCutoff">0.500000</parameter>
  <parameter type="float" name="BlackTrans">1.000000</parameter>
  <parameter type="float" name="GCRLower">0.010000</parameter>
  <parameter type="float" name="GCRUpper">0.500000</parameter>
  <parameter type="float" name="CyanBalance">1.000000</parameter>
  <parameter type="float" name="MagentaBalance">1.000000</parameter>
  <parameter type="float" name="YellowBalance">1.000000</parameter>
  <parameter type="float" name="BlackDensity">0.600000</parameter>
  <parameter type="float" name="Saturation">1.000000</parameter>
  <parameter type="float" name="Gamma">1.000000</parameter>
  <parameter type="curve" name="HueMap" ref="hue_map"/>
  <parameter type="curve" name="LumMap" ref="lum_map"/>
  <parameter type="curve" name="SatMap" ref="sat_map"/>
 </ink>
</paper>

<paper translate="text" name="Envelope" text="Envelopes" class="plain" PreferredInkset="Ultramatte">
 <parameter type="integer" name="PaperThickness">1</parameter>
 <parameter type="integer" name="VacuumIntensity">26</parameter>
 <parameter type="integer" name="FeedAdjustment">107</parameter>

 <ink translate="text" name="ultraphoto" text="UltraChrome Photo Black">
  <parameter type="float" name="Density">0.720000</parameter>
  <parameter type="float" name="SubchannelCutoff">0.100000</parameter>
  <parameter type="float" name="BlackTrans">1.000000</parameter>
  <parameter type="float" name="GCRLower">0.010000</parameter>
  <parameter type="float" name="GCRUpper">1.500000</parameter>
  <parameter type="float" name="CyanBalance">1.000000</parameter>
  <parameter type="float" name="MagentaBalance">1.000000</parameter>
  <parameter type="float" name="YellowBalance">1.000000</parameter>
  <parameter type="float" name="BlackDensity">1.000000</parameter>
  <parameter type="float" name="Saturation">1.000000</parameter>
  <parameter type="float" name="Gamma">1.000000</parameter>
  <parameter type="curve" name="HueMap" ref="hue_map"/>
  <parameter type="curve" name="LumMap" ref="lum_map"/>
  <parameter type="curve" name="SatMap" ref="sat_map"/>
 </ink>

 <ink translate="text" name="ultramatte" text="UltraChrome Matte Black">
  <parameter type="float" name="Density">0.720000</parameter>
  <parameter type="float" name="SubchannelCutoff">0.100000</parameter>
  <parameter type="float" name="BlackTrans">1.000000</parameter>
  <parameter type="float" name="GCRLower">0.000000</parameter>
  <parameter type="float" name="GCRUpper">0.500000</parameter>
  <parameter type="float" name="CyanBalance">1.000000</parameter>
  <parameter type="float" name="MagentaBalance">1.000000</parameter>
  <parameter type="float" name="YellowBalance">1.000000</parameter>
  <parameter type="float" name="BlackDensity">0.600000</parameter>
  <parameter type="float" name="Saturation">1.000000</parameter>
  <parameter type="float" name="Gamma">1.000000</parameter>
  <parameter type="curve" name="HueMap" ref="hue_map"/>
  <parameter type="curve" name="LumMap" ref="lum_map"/>
  <parameter type="curve" name="SatMap" ref="sat_map"/>
 </ink>
</paper>

<paper translate="text" name="BackFilm" text="Back Light Film" class="transparency" PreferredInkset="Ultraphoto">
 <parameter type="integer" name="PaperThickness">1</parameter>
 <parameter type="integer" name="VacuumIntensity">0</parameter>
 <parameter type="integer" name="FeedAdjustment">109</parameter>

 <ink translate="text" name="ultraphoto" text="UltraChrome Photo Black">
  <parameter type="float" name="Density">0.830000</parameter>
  <parameter type="float" name="SubchannelCutoff">0.750000</parameter>
  <parameter type="float" name="BlackTrans">1.000000</parameter>
  <parameter type="float" name="GCRLower">0.010000</parameter>
  <parameter type="float" name="GCRUpper">1.500000</parameter>
  <parameter type="float" name="CyanBalance">1.000000</parameter>
  <parameter type="float" name="MagentaBalance">1.000000</parameter>
  <parameter type="float" name="YellowBalance">1.000000</parameter>
  <parameter type="float" name="BlackDensity">1.000000</parameter>
  <parameter type="float" name="Saturation">1.000000</parameter>
  <parameter type="float" name="Gamma">1.000000</parameter>
  <parameter type="curve" name="HueMap" ref="hue_map"/>
  <parameter type="curve" name="LumMap" ref="lum_map"/>
  <parameter type="curve" name="SatMap" ref="sat_map"/>
 </ink>

 <ink translate="text" name="ultramatte" text="UltraChrome Matte Black">
  <parameter type="float" name="Density">0.830000</parameter>
  <parameter type="float" name="SubchannelCutoff">0.500000</parameter>
  <parameter type="float" name="BlackTrans">1.000000</parameter>
  <parameter type="float" name="GCRLower">0.010000</parameter>
  <parameter type="float" name="GCRUpper">0.500000</parameter>
  <parameter type="float" name="CyanBalance">1.000000</parameter>
  <parameter type="float" name="MagentaBalance">1.000000</parameter>
  <parameter type="float" name="YellowBalance">1.000000</parameter>
  <parameter type="float" name="BlackDensity">0.600000</parameter>
  <parameter type="float" name="Saturation">1.000000</parameter>
  <parameter type="float" name="Gamma">1.000000</parameter>
  <parameter type="curve" name="HueMap" ref="hue_map"/>
  <parameter type="curve" name="LumMap" ref="lum_map"/>
  <parameter type="curve" name="SatMap" ref="sat_map"/>
 </ink>
</paper>

<paper translate="text" name="Matte" text="Matte Paper" class="good" PreferredInkset="Ultramatte">
 <parameter type="integer" name="PaperThickness">2</parameter>
 <parameter type="integer" name="VacuumIntensity">0</parameter>
 <parameter type="integer" name="FeedAdjustment">0</parameter>

 <ink translate="text" name="ultraphoto" text="UltraChrome Photo Black">
  <parameter type="float" name="Density">0.920000</parameter>
  <parameter type="float" name="SubchannelCutoff">0.400000</parameter>
  <parameter type="float" name="BlackTrans">1.000000</parameter>
  <parameter type="float" name="GCRLower">0.010000</parameter>
  <parameter type="float" name="GCRUpper">1.500000</parameter>
  <parameter type="float" name="CyanBalance">1.000000</parameter>
  <parameter type="float" name="MagentaBalance">1.000000</parameter>
  <parameter type="float" name="YellowBalance">1.000000</parameter>
  <parameter type="float" name="BlackDensity">1.000000</parameter>
  <parameter type="float" name="Saturation">1.000000</parameter>
  <parameter type="float" name="Gamma">1.000000</parameter>
  <parameter type="curve" name="HueMap" ref="hue_map"/>
  <parameter type="curve" name="LumMap" ref="lum_map"/>
  <parameter type="curve" name="SatMap" ref="sat_map"/>
 </ink>

 <ink translate="text" name="ultramatte" text="UltraChrome Matte Black">
  <parameter type="float" name="Density">0.920000</parameter>
  <parameter type="float" name="SubchannelCutoff">0.400000</parameter>
  <parameter type="float" name="BlackTrans">1.000000</parameter>
  <parameter type="float" name="GCRLower">0.000000</parameter>
  <parameter type="float" name="GCRUpper">1.250000</parameter>
  <parameter type="float" name="CyanBalance">1.000000</parameter>
  <parameter type="float" name="MagentaBalance">1.000000</parameter>
  <parameter type="float" name="YellowBalance">1.000000</parameter>
  <parameter type="float" name="BlackDensity">0.600000</parameter>
  <parameter type="float" name="Saturation">1.000000</parameter>
  <parameter type="float" name="Gamma">1.000000</parameter>
  <parameter type="curve" name="HueMap" ref="hue_map"/>
  <parameter type="curve" name="LumMap" ref="lum_map"/>
  <parameter type="curve" name="SatMap" ref="sat_map"/>
 </ink>
</paper>

<paper translate="text" name="MatteHeavy" text="Matte Paper Heavyweight" class="good" PreferredInkset="Ultramatte">
 <parameter type="integer" name="PaperThickness">2</parameter>
 <parameter type="integer" name="VacuumIntensity">0</parameter>
 <parameter type="integer" name="FeedAdjustment">0</parameter>

 <ink translate="text" name="ultraphoto" text="UltraChrome Photo Black">
  <parameter type="float" name="Density">0.920000</parameter>
  <parameter type="float" name="SubchannelCutoff">0.400000</parameter>
  <parameter type="float" name="BlackTrans">1.000000</parameter>
  <parameter type="float" name="GCRLower">0.010000</parameter>
  <parameter type="float" name="GCRUpper">1.500000</parameter>
  <parameter type="float" name="CyanBalance">1.000000</parameter>
  <parameter type="float" name="MagentaBalance">1.000000</parameter>
  <parameter type="float" name="YellowBalance">1.000000</parameter>
  <parameter type="float" name="BlackDensity">1.000000</parameter>
  <parameter type="float" name="Saturation">1.000000</parameter>
  <parameter type="float" name="Gamma">1.000000</parameter>
  <parameter type="curve" name="HueMap" ref="hue_map"/>
  <parameter type="curve" name="LumMap" ref="lum_map"/>
  <parameter type="curve" name="SatMap" ref="sat_map"/>
 </ink>

 <ink translate="text" name="ultramatte" text="UltraChrome Matte Black">
  <parameter type="float" name="Density">0.920000</parameter>
  <parameter type="float" name="SubchannelCutoff">0.400000</parameter>
  <parameter type="float" name="BlackTrans">0.400000</parameter>
  <parameter type="float" name="GCRLower">0.010000</parameter>
  <parameter type="float" name="GCRUpper">0.500000</parameter>
  <parameter type="float" name="CyanBalance">1.000000</parameter>
  <parameter type="float" name="MagentaBalance">1.000000</parameter>
  <parameter type="float" name="YellowBalance">1.000000</parameter>
  <parameter type="float" name="BlackDensity">0.600000</parameter>
  <parameter type="float" name="Saturation">1.000000</parameter>
  <parameter type="float" name="Gamma">1.000000</parameter>
  <parameter type="curve" name="HueMap" ref="hue_map"/>
  <parameter type="curve" name="LumMap" ref="lum_map"/>
  <parameter type="curve" name="SatMap" ref="sat_map"/>
 </ink>
</paper>

<paper translate="text" name="Inkjet" text="Inkjet Paper" class="good" PreferredInkset="Ultramatte">
 <parameter type="integer" name="PaperThickness">1</parameter>
 <parameter type="integer" name="VacuumIntensity">26</parameter>
 <parameter type="integer" name="FeedAdjustment">107</parameter>

 <ink translate="text" name="ultraphoto" text="UltraChrome Photo Black">
  <parameter type="float" name="Density">0.720000</parameter>
  <parameter type="float" name="SubchannelCutoff">0.500000</parameter>
  <parameter type="float" name="BlackTrans">1.000000</parameter>
  <parameter type="float" name="GCRLower">0.010000</parameter>
  <parameter type="float" name="GCRUpper">1.500000</parameter>
  <parameter type="float" name="CyanBalance">1.000000</parameter>
  <parameter type="float" name="MagentaBalance">1.000000</parameter>
  <parameter type="float" name="YellowBalance">1.000000</parameter>
  <parameter type="float" name="BlackDensity">1.000000</parameter>
  <parameter type="float" name="Saturation">1.000000</parameter>
  <parameter type="float" name="Gamma">1.000000</parameter>
  <parameter type="curve" name="HueMap" ref="hue_map"/>
  <parameter type="curve" name="LumMap" ref="lum_map"/>
  <parameter type="curve" name="SatMap" ref="sat_map"/>
 </ink>

 <ink translate="text" name="ultramatte" text="UltraChrome Matte Black">
  <parameter type="float" name="Density">0.720000</parameter>
  <parameter type="float" name="SubchannelCutoff">0.300000</parameter>
  <parameter type="float" name="BlackTrans">1.000000</parameter>
  <parameter type="float" name="GCRLower">0.010000</parameter>
  <parameter type="float" name="GCRUpper">0.500000</parameter>
  <parameter type="float" name="CyanBalance">1.000000</parameter>
  <parameter type="float" name="MagentaBalance">1.000000</parameter>
  <parameter type="float" name="YellowBalance">1.000000</parameter>
  <parameter type="float" name="BlackDensity">0.600000</parameter>
  <parameter type="float" name="Saturation">1.000000</parameter>
  <parameter type="float" name="Gamma">1.000000</parameter>
  <parameter type="curve" name="HueMap" ref="hue_map"/>
  <parameter type="curve" name="LumMap" ref="lum_map"/>
  <parameter type="curve" name="SatMap" ref="sat_map"/>
 </ink>
</paper>

<paper translate="text" name="Coated" text="Photo Quality Inkjet Paper" class="good" PreferredInkset="Ultraphoto">
 <parameter type="integer" name="PaperThickness">1</parameter>
 <parameter type="integer" name="VacuumIntensity">26</parameter>
 <parameter type="integer" name="FeedAdjustment">107</parameter>

 <ink translate="text" name="ultraphoto" text="UltraChrome Photo Black">
  <parameter type="float" name="Density">0.830000</parameter>
  <parameter type="float" name="SubchannelCutoff">0.500000</parameter>
  <parameter type="float" name="BlackTrans">1.000000</parameter>
  <parameter type="float" name="GCRLower">0.010000</parameter>
  <parameter type="float" name="GCRUpper">1.500000</parameter>
  <parameter type="float" name="CyanBalance">1.000000</parameter>
  <parameter type="float" name="MagentaBalance">1.000000</parameter>
  <parameter type="float" name="YellowBalance">1.000000</parameter>
  <parameter type="float" name="BlackDensity">1.000000</parameter>
  <parameter type="float" name="Saturation">1.000000</parameter>
  <parameter type="float" name="Gamma">1.000000</parameter>
  <parameter type="curve" name="HueMap" ref="hue_map"/>
  <parameter type="curve" name="LumMap" ref="lum_map"/>
  <parameter type="curve" name="SatMap" ref="sat_map"/>
 </ink>

 <ink translate="text" name="ultramatte" text="UltraChrome Matte Black">
  <parameter type="float" name="Density">0.830000</parameter>
  <parameter type="float" name="SubchannelCutoff">0.400000</parameter>
  <parameter type="float" name="BlackTrans">1.000000</parameter>
  <parameter type="float" name="GCRLower">0.010000</parameter>
  <parameter type="float" name="GCRUpper">0.500000</parameter>
  <parameter type="float" name="CyanBalance">1.000000</parameter>
  <parameter type="float" name="MagentaBalance">1.000000</parameter>
  <parameter type="float" name="YellowBalance">1.000000</parameter>
  <parameter type="float" name="BlackDensity">0.600000</parameter>
  <parameter type="float" name="Saturation">1.000000</parameter>
  <parameter type="float" name="Gamma">1.000000</parameter>
  <parameter type="curve" name="HueMap" ref="hue_map"/>
  <parameter type="curve" name="LumMap" ref="lum_map"/>
  <parameter type="curve" name="SatMap" ref="sat_map"/>
 </ink>
</paper>

<paper translate="text" name="Photo" text="Photo Paper" class="photo" PreferredInkset="Ultraphoto">
 <parameter type="integer" name="PaperThickness">2</parameter>
 <parameter type="integer" name="VacuumIntensity">0</parameter>
 <parameter type="integer" name="FeedAdjustment">103</parameter>

 <ink translate="text" name="ultraphoto" text="UltraChrome Photo Black">
  <parameter type="float" name="Density">1.000000</parameter>
  <parameter type="float" name="SubchannelCutoff">0.750000</parameter>
  <parameter type="float" name="BlackTrans">1.000000</parameter>
  <parameter type="float" name="GCRLower">0.010000</parameter>
  <parameter type="float" name="GCRUpper">1.500000</parameter>
  <parameter type="float" name="CyanBalance">1.000000</parameter>
  <parameter type="float" name="MagentaBalance">1.000000</parameter>
  <parameter type="float" name="YellowBalance">1.000000</parameter>
  <parameter type="float" name="BlackDensity">1.000000</parameter>
  <parameter type="float" name="Saturation">1.000000</parameter>
  <parameter type="float" name="Gamma">1.000000</parameter>
  <parameter type="curve" name="HueMap" ref="hue_map"/>
  <parameter type="curve" name="LumMap" ref="lum_map"/>
  <parameter type="curve" name="SatMap" ref="sat_map"/>
 </ink>

 <ink translate="text" name="ultramatte" text="UltraChrome Matte Black">
  <parameter type="float" name="Density">1.000000</parameter>
  <parameter type="float" name="SubchannelCutoff">0.500000</parameter>
  <parameter type="float" name="BlackTrans">1.000000</parameter>
  <parameter type="float" name="GCRLower">0.010000</parameter>
  <parameter type="float" name="GCRUpper">0.500000</parameter>
  <parameter type="float" name="CyanBalance">1.000000</parameter>
  <parameter type="float" name="MagentaBalance">1.000000</parameter>
  <parameter type="float" name="YellowBalance">1.000000</parameter>
  <parameter type="float" name="BlackDensity">0.600000</parameter>
  <parameter type="float" name="Saturation">1.000000</parameter>
  <parameter type="float" name="Gamma">1.000000</parameter>
  <parameter type="curve" name="HueMap" ref="hue_map"/>
  <parameter type="curve" name="LumMap" ref="lum_map"/>
  <parameter type="curve" name="SatMap" ref="sat_map"/>
 </ink>
</paper>

<paper translate="text" name="GlossyPhoto" text="Premium Glossy Photo Paper" class="premium" PreferredInkset="Ultraphoto">
 <parameter type="integer" name="PaperThickness">2</parameter>
 <parameter type="integer" name="VacuumIntensity">0</parameter>
 <parameter type="integer" name="FeedAdjustment">128</parameter>

 <ink translate="text" name="ultraphoto" text="UltraChrome Photo Black">
  <parameter type="float" name="Density">0.720000</parameter>
  <parameter type="float" name="SubchannelCutoff">1.000000</parameter>
  <parameter type="float" name="BlackTrans">1.000000</parameter>
  <parameter type="float" name="GCRLower">0.010000</parameter>
  <parameter type="float" name="GCRUpper">1.800000</parameter>
  <parameter type="float" name="CyanBalance">1.000000</parameter>
  <parameter type="float" name="MagentaBalance">1.000000</parameter>
  <parameter type="float" name="YellowBalance">1.000000</parameter>
  <parameter type="float" name="BlackDensity">1.000000</parameter>
  <parameter type="float" name="Saturation">1.000000</parameter>
  <parameter type="float" name="Gamma">0.920000</parameter>
  <parameter type="curve" name="HueMap" ref="premium_hue_map"/>
  <parameter type="curve" name="LumMap" ref="premium_lum_map"/>
  <parameter type="curve" name="SatMap" ref="premium_sat_map"/>
 </ink>

 <ink translate="text" name="ultramatte" text="UltraChrome Matte Black">
  <parameter type="float" name="Density">0.720000</parameter>
  <parameter type="float" name="SubchannelCutoff">1.000000</parameter>
  <parameter type="float" name="BlackTrans">1.000000</parameter>
  <parameter type="float" name="GCRLower">0.010000</parameter>
  <parameter type="float" name="GCRUpper">0.500000</parameter>
  <parameter type="float" name="CyanBalance">1.000000</parameter>
  <parameter type="float" name="MagentaBalance">1.000000</parameter>
  <parameter type="float" name="YellowBalance">1.000000</parameter>
  <parameter type="float" name="BlackDensity">0.600000</parameter>
  <parameter type="float" name="Saturation">1.000000</parameter>
  <parameter type="float" name="Gamma">0.920000</parameter>
  <parameter type="curve" name="HueMap" ref="premium_hue_map"/>
  <parameter type="curve" name="LumMap" ref="premium_lum_map"/>
  <parameter type="curve" name="SatMap" ref="premium_sat_map"/>
 </ink>
</paper>

<paper translate="text" name="Semigloss" text="Premium Semigloss Photo Paper" class="premium" PreferredInkset="Ultraphoto">
 <parameter type="integer" name="PaperThickness">2</parameter>
 <parameter type="integer" name="VacuumIntensity">0</parameter>
 <parameter type="integer" name="FeedAdjustment">128</parameter>

 <ink translate="text" name="ultraphoto" text="UltraChrome Photo Black">
  <parameter type="float" name="Density">0.720000</parameter>
  <parameter type="float" name="SubchannelCutoff">0.800000</parameter>
  <parameter type="float" name="BlackTrans">1.000000</parameter>
  <parameter type="float" name="GCRLower">0.010000</parameter>
  <parameter type="float" name="GCRUpper">1.800000</parameter>
  <parameter type="float" name="CyanBalance">1.000000</parameter>
  <parameter type="float" name="MagentaBalance">1.000000</parameter>
  <parameter type="float" name="YellowBalance">1.000000</parameter>
  <parameter type="float" name="BlackDensity">1.000000</parameter>
  <parameter type="float" name="Saturation">1.000000</parameter>
  <parameter type="float" name="Gamma">0.920000</parameter>
  <parameter type="curve" name="HueMap" ref="premium_hue_map"/>
  <parameter type="curve" name="LumMap" ref="premium_lum_map"/>
  <parameter type="curve" name="SatMap" ref="premium_sat_map"/>
 </ink>

 <ink translate="text" name="ultramatte" text="UltraChrome Matte Black">
  <parameter type="float" name="Density">0.720000</parameter>
  <parameter type="float" name="SubchannelCutoff">0.800000</parameter>
  <parameter type="float" name="BlackTrans">1.000000</parameter>
  <parameter type="float" name="GCRLower">0.010000</parameter>
  <parameter type="float" name="GCRUpper">0.500000</parameter>
  <parameter type="float" name="CyanBalance">1.000000</parameter>
  <parameter type="float" name="MagentaBalance">1.000000</parameter>
  <parameter type="float" name="YellowBalance">1.000000</parameter>
  <parameter type="float" name="BlackDensity">0.600000</parameter>
  <parameter type="float" name="Saturation">1.000000</parameter>
  <parameter type="float" name="Gamma">0.920000</parameter>
  <parameter type="curve" name="HueMap" ref="premium_hue_map"/>
  <parameter type="curve" name="LumMap" ref="premium_lum_map"/>
  <parameter type="curve" name="SatMap" ref="premium_sat_map"/>
 </ink>
</paper>

<paper translate="text" name="Luster" text="Premium Luster Photo Paper" class="premium" PreferredInkset="Ultraphoto">
 <parameter type="integer" name="PaperThickness">2</parameter>
 <parameter type="integer" name="VacuumIntensity">0</parameter>
 <parameter type="integer" name="FeedAdjustment">128</parameter>

 <ink translate="text" name="ultraphoto" text="UltraChrome Photo Black">
  <parameter type="float" name="Density">0.720000</parameter>
  <parameter type="float" name="SubchannelCutoff">0.800000</parameter>
  <parameter type="float" name="BlackTrans">1.000000</parameter>
  <parameter type="float" name="GCRLower">0.010000</parameter>
  <parameter type="float" name="GCRUpper">1.800000</parameter>
  <parameter type="float" name="CyanBalance">1.000000</parameter>
  <parameter type="float" name="MagentaBalance">1.000000</parameter>
  <parameter type="float" name="YellowBalance">1.000000</parameter>
  <parameter type="float" name="BlackDensity">1.000000</parameter>
  <parameter type="float" name="Saturation">1.000000</parameter>
  <parameter type="float" name="Gamma">0.920000</parameter>
  <parameter type="curve" name="HueMap" ref="premium_hue_map"/>
  <parameter type="curve" name="LumMap" ref="premium_lum_map"/>
  <parameter type="curve" name="SatMap" ref="premium_sat_map"/>
 </ink>

 <ink translate="text" name="ultramatte" text="UltraChrome Matte Black">
  <parameter type="float" name="Density">0.720000</parameter>
  <parameter type="float" name="SubchannelCutoff">0.800000</parameter>
  <parameter type="float" name="BlackTrans">1.000000</parameter>
  <parameter type="float" name="GCRLower">0.010000</parameter>
  <parameter type="float" name="GCRUpper">0.500000</parameter>
  <parameter type="float" name="CyanBalance">1.000000</parameter>
  <parameter type="float" name="MagentaBalance">1.000000</parameter>
  <parameter type="float" name="YellowBalance">1.000000</parameter>
  <parameter type="float" name="BlackDensity">1.000000</parameter>
  <parameter type="float" name="Saturation">1.000000</parameter>
  <parameter type="float" name="Gamma">0.920000</parameter>
  <parameter type="curve" name="HueMap" ref="premium_hue_map"/>
  <parameter type="curve" name="LumMap" ref="premium_lum_map"/>
  <parameter type="curve" name="SatMap" ref="premium_sat_map"/>
 </ink>
</paper>

<paper translate="text" name="ArchivalMatte" text="Archival Matte Paper" class="premium" PreferredInkset="Ultramatte">
 <parameter type="integer" name="PaperThickness">2</parameter>
 <parameter type="integer" name="VacuumIntensity">0</parameter>
 <parameter type="integer" name="FeedAdjustment">0</parameter>

 <ink translate="text" name="ultraphoto" text="UltraChrome Photo Black">
  <parameter type="float" name="Density">0.920000</parameter>
  <parameter type="float" name="SubchannelCutoff">0.400000</parameter>
  <parameter type="float" name="BlackTrans">1.000000</parameter>
  <parameter type="float" name="GCRLower">0.010000</parameter>
  <parameter type="float" name="GCRUpper">1.500000</parameter>
  <parameter type="float" name="CyanBalance">1.000000</parameter>
  <parameter type="float" name="MagentaBalance">1.000000</parameter>
  <parameter type="float" name="YellowBalance">1.000000</parameter>
  <parameter type="float" name="BlackDensity">1.000000</parameter>
  <parameter type="float" name="Saturation">1.000000</parameter>
  <parameter type="float" name="Gamma">1.000000</parameter>
  <parameter type="curve" name="HueMap" ref="hue_map"/>
  <parameter type="curve" name="LumMap" ref="lum_map"/>
  <parameter type="curve" name="SatMap" ref="sat_map"/>
 </ink>

 <ink translate="text" name="ultramatte" text="UltraChrome Matte Black">
  <parameter type="float" name="Density">0.920000</parameter>
  <parameter type="float" name="SubchannelCutoff">0.400000</parameter>
  <parameter type="float" name="BlackTrans">1.000000</parameter>
  <parameter type="float" name="GCRLower">0.010000</parameter>
  <parameter type="float" name="GCRUpper">0.500000</parameter>
  <parameter type="float" name="CyanBalance">1.000000</parameter>
  <parameter type="float" name="MagentaBalance">1.000000</parameter>
  <parameter type="float" name="YellowBalance">1.000000</parameter>
  <parameter type="float" name="BlackDensity">0.600000</parameter>
  <parameter type="float" name="Saturation">1.000000</parameter>
  <parameter type="float" name="Gamma">1.000000</parameter>
  <parameter type="curve" name="HueMap" ref="hue_map"/>
  <parameter type="curve" name="LumMap" ref="lum_map"/>
  <parameter type="curve" name="SatMap" ref="sat_map"/>
 </ink>
 </paper>

 <paper translate="text" name="WaterColorRadiant" text="Watercolor Paper - Radiant White" class="premium" PreferredInkset="Ultramatte">
  <parameter type="integer" name="PaperThickness">2</parameter>
  <parameter type="integer" name="VacuumIntensity">0</parameter>
  <parameter type="integer" name="FeedAdjustment">0</parameter>

 <ink translate="text" name="ultraphoto" text="UltraChrome Photo Black">
  <parameter type="float" name="Density">0.920000</parameter>
  <parameter type="float" name="SubchannelCutoff">0.400000</parameter>
  <parameter type="float" name="BlackTrans">1.000000</parameter>
  <parameter type="float" name="GCRLower">0.010000</parameter>
  <parameter type="float" name="GCRUpper">1.500000</parameter>
  <parameter type="float" name="CyanBalance">1.000000</parameter>
  <parameter type="float" name="MagentaBalance">1.000000</parameter>
  <parameter type="float" name="YellowBalance">1.000000</parameter>
  <parameter type="float" name="BlackDensity">1.000000</parameter>
  <parameter type="float" name="Saturation">1.000000</parameter>
  <parameter type="float" name="Gamma">1.000000</parameter>
  <parameter type="curve" name="HueMap" ref="hue_map"/>
  <parameter type="curve" name="LumMap" ref="lum_map"/>
  <parameter type="curve" name="SatMap" ref="sat_map"/>
 </ink>

 <ink translate="text" name="ultramatte" text="UltraChrome Matte Black">
  <parameter type="float" name="Density">0.920000</parameter>
  <parameter type="float" name="SubchannelCutoff">0.400000</parameter>
  <parameter type="float" name="BlackTrans">1.000000</parameter>
  <parameter type="float" name="GCRLower">0.010000</parameter>
  <parameter type="float" name="GCRUpper">0.500000</parameter>
  <parameter type="float" name="CyanBalance">1.000000</parameter>
  <parameter type="float" name="MagentaBalance">1.000000</parameter>
  <parameter type="float" name="YellowBalance">1.000000</parameter>
  <parameter type="float" name="BlackDensity">0.600000</parameter>
  <parameter type="float" name="Saturation">1.000000</parameter>
  <parameter type="float" name="Gamma">1.000000</parameter>
  <parameter type="curve" name="HueMap" ref="hue_map"/>
  <parameter type="curve" name="LumMap" ref="lum_map"/>
  <parameter type="curve" name="SatMap" ref="sat_map"/>
 </ink>
</paper>

<paper translate="text" name="GlossyPaper" text="Photo Quality Glossy Paper" class="photo" PreferredInkset="Ultraphoto">
 <parameter type="integer" name="PaperThickness">1</parameter>
 <parameter type="integer" name="VacuumIntensity">26</parameter>
 <parameter type="integer" name="FeedAdjustment">107</parameter>

 <ink translate="text" name="ultraphoto" text="UltraChrome Photo Black">
  <parameter type="float" name="Density">0.830000</parameter>
  <parameter type="float" name="SubchannelCutoff">1.000000</parameter>
  <parameter type="float" name="BlackTrans">1.000000</parameter>
  <parameter type="float" name="GCRLower">0.010000</parameter>
  <parameter type="float" name="GCRUpper">1.500000</parameter>
  <parameter type="float" name="CyanBalance">1.000000</parameter>
  <parameter type="float" name="MagentaBalance">1.000000</parameter>
  <parameter type="float" name="YellowBalance">1.000000</parameter>
  <parameter type="float" name="BlackDensity">1.000000</parameter>
  <parameter type="float" name="Saturation">1.000000</parameter>
  <parameter type="float" name="Gamma">1.000000</parameter>
  <parameter type="curve" name="HueMap" ref="hue_map"/>
  <parameter type="curve" name="LumMap" ref="lum_map"/>
  <parameter type="curve" name="SatMap" ref="sat_map"/>
 </ink>

 <ink translate="text" name="ultramatte" text="UltraChrome Matte Black">
  <parameter type="float" name="Density">0.830000</parameter>
  <parameter type="float" name="SubchannelCutoff">0.500000</parameter>
  <parameter type="float" name="BlackTrans">1.000000</parameter>
  <parameter type="float" name="GCRLower">0.010000</parameter>
  <parameter type="float" name="GCRUpper">0.500000</parameter>
  <parameter type="float" name="CyanBalance">1.000000</parameter>
  <parameter type="float" name="MagentaBalance">1.000000</parameter>
  <parameter type="float" name="YellowBalance">1.000000</parameter>
  <parameter type="float" name="BlackDensity">0.600000</parameter>
  <parameter type="float" name="Saturation">1.000000</parameter>
  <parameter type="float" name="Gamma">1.000000</parameter>
  <parameter type="curve" name="HueMap" ref="hue_map"/>
  <parameter type="curve" name="LumMap" ref="lum_map"/>
  <parameter type="curve" name="SatMap" ref="sat_map"/>
 </ink>
</paper>

<paper translate="text" name="Ilford" text="Ilford Heavy Paper" class="premium" PreferredInkset="Ultramatte">
 <parameter type="integer" name="PaperThickness">2</parameter>
 <parameter type="integer" name="VacuumIntensity">0</parameter>
 <parameter type="integer" name="FeedAdjustment">128</parameter>

 <ink translate="text" name="ultraphoto" text="UltraChrome Photo Black">
  <parameter type="float" name="Density">0.830000</parameter>
  <parameter type="float" name="SubchannelCutoff">1.000000</parameter>
  <parameter type="float" name="BlackTrans">1.000000</parameter>
  <parameter type="float" name="GCRLower">0.010000</parameter>
  <parameter type="float" name="GCRUpper">1.500000</parameter>
  <parameter type="float" name="CyanBalance">1.000000</parameter>
  <parameter type="float" name="MagentaBalance">1.000000</parameter>
  <parameter type="float" name="YellowBalance">1.000000</parameter>
  <parameter type="float" name="BlackDensity">1.000000</parameter>
  <parameter type="float" name="Saturation">1.000000</parameter>
  <parameter type="float" name="Gamma">1.000000</parameter>
  <parameter type="curve" name="HueMap" ref="hue_map"/>
  <parameter type="curve" name="LumMap" ref="lum_map"/>
  <parameter type="curve" name="SatMap" ref="sat_map"/>
 </ink>

 <ink translate="text" name="ultramatte" text="UltraChrome Matte Black">
  <parameter type="float" name="Density">0.830000</parameter>
  <parameter type="float" name="SubchannelCutoff">0.500000</parameter>
  <parameter type="float" name="BlackTrans">1.000000</parameter>
  <parameter type="float" name="GCRLower">0.010000</parameter>
  <parameter type="float" name="GCRUpper">0.500000</parameter>
  <parameter type="float" name="CyanBalance">1.000000</parameter>
  <parameter type="float" name="MagentaBalance">1.000000</parameter>
  <parameter type="float" name="YellowBalance">1.000000</parameter>
  <parameter type="float" name="BlackDensity">0.600000</parameter>
  <parameter type="float" name="Saturation">1.000000</parameter>
  <parameter type="float" name="Gamma">1.000000</parameter>
  <parameter type="curve" name="HueMap" ref="hue_map"/>
  <parameter type="curve" name="LumMap" ref="lum_map"/>
  <parameter type="curve" name="SatMap" ref="sat_map"/>
 </ink>
</paper>

<paper translate="text" name="ColorLife" text="ColorLife Paper" class="premium" PreferredInkset="Ultraphoto">
 <parameter type="integer" name="PaperThickness">2</parameter>
 <parameter type="integer" name="VacuumIntensity">0</parameter>
 <parameter type="integer" name="FeedAdjustment">103</parameter>

 <ink translate="text" name="ultraphoto" text="UltraChrome Photo Black">
  <parameter type="float" name="Density">0.830000</parameter>
  <parameter type="float" name="SubchannelCutoff">1.000000</parameter>
  <parameter type="float" name="BlackTrans">1.000000</parameter>
  <parameter type="float" name="GCRLower">0.010000</parameter>
  <parameter type="float" name="GCRUpper">1.500000</parameter>
  <parameter type="float" name="CyanBalance">1.000000</parameter>
  <parameter type="float" name="MagentaBalance">1.000000</parameter>
  <parameter type="float" name="YellowBalance">1.000000</parameter>
  <parameter type="float" name="BlackDensity">1.000000</parameter>
  <parameter type="float" name="Saturation">1.000000</parameter>
  <parameter type="float" name="Gamma">1.000000</parameter>
  <parameter type="curve" name="HueMap" ref="hue_map"/>
  <parameter type="curve" name="LumMap" ref="lum_map"/>
  <parameter type="curve" name="SatMap" ref="sat_map"/>
 </ink>

 <ink translate="text" name="ultramatte" text="UltraChrome Matte Black">
  <parameter type="float" name="Density">0.830000</parameter>
  <parameter type="float" name="SubchannelCutoff">0.500000</parameter>
  <parameter type="float" name="BlackTrans">1.000000</parameter>
  <parameter type="float" name="GCRLower">0.010000</parameter>
  <parameter type="float" name="GCRUpper">0.500000</parameter>
  <parameter type="float" name="CyanBalance">1.000000</parameter>
  <parameter type="float" name="MagentaBalance">1.000000</parameter>
  <parameter type="float" name="YellowBalance">1.000000</parameter>
  <parameter type="float" name="BlackDensity">0.600000</parameter>
  <parameter type="float" name="Saturation">1.000000</parameter>
  <parameter type="float" name="Gamma">1.000000</parameter>
  <parameter type="curve" name="HueMap" ref="hue_map"/>
  <parameter type="curve" name="LumMap" ref="lum_map"/>
  <parameter type="curve" name="SatMap" ref="sat_map"/>
 </ink>
</paper>

<paper translate="text" name="Other" text="Other" class="plain" PreferredInkset="Ultramatte">
 <parameter type="integer" name="PaperThickness">1</parameter>
 <parameter type="integer" name="VacuumIntensity">26</parameter>
 <parameter type="integer" name="FeedAdjustment">107</parameter>

 <ink translate="text" name="ultraphoto" text="UltraChrome Photo Black">
  <parameter type="float" name="Density">0.720000</parameter>
  <parameter type="float" name="SubchannelCutoff">0.100000</parameter>
  <parameter type="float" name="BlackTrans">1.000000</parameter>
  <parameter type="float" name="GCRLower">0.010000</parameter>
  <parameter type="float" name="GCRUpper">1.500000</parameter>
  <parameter type="float" name="CyanBalance">1.000000</parameter>
  <parameter type="float" name="MagentaBalance">1.000000</parameter>
  <parameter type="float" name="YellowBalance">1.000000</parameter>
  <parameter type="float" name="BlackDensity">1.000000</parameter>
  <parameter type="float" name="Saturation">1.000000</parameter>
  <parameter type="float" name="Gamma">1.000000</parameter>
  <parameter type="curve" name="HueMap" ref="hue_map"/>
  <parameter type="curve" name="LumMap" ref="lum_map"/>
  <parameter type="curve" name="SatMap" ref="sat_map"/>
 </ink>

 <ink translate="text" name="ultramatte" text="UltraChrome Matte Black">
  <parameter type="float" name="Density">0.720000</parameter>
  <parameter type="float" name="SubchannelCutoff">0.100000</parameter>
  <parameter type="float" name="BlackTrans">0.400000</parameter>
  <parameter type="float" name="GCRLower">0.000000</parameter>
  <parameter type="float" name="GCRUpper">0.500000</parameter>
  <parameter type="float" name="CyanBalance">1.000000</parameter>
  <parameter type="float" name="MagentaBalance">1.000000</parameter>
  <parameter type="float" name="YellowBalance">1.000000</parameter>
  <parameter type="float" name="BlackDensity">0.600000</parameter>
  <parameter type="float" name="Saturation">1.000000</parameter>
  <parameter type="float" name="Gamma">1.000000</parameter>
  <parameter type="curve" name="HueMap" ref="hue_map"/>
  <parameter type="curve" name="LumMap" ref="lum_map"/>
  <parameter type="curve" name="SatMap" ref="sat_map"/>
 </ink>
</paper>
</escp2:papers>
</gutenprint>
