<?xml version="1.0" encoding="utf-8"?>
<!DOCTYPE ui SYSTEM "gtkuimanager.dtd">

<ui>
  <popup action="gradients-popup">
    <menuitem action="gradients-edit" />
    <separator />
    <menuitem action="gradients-new" />
    <menuitem action="gradients-duplicate" />
    <menuitem action="gradients-save-as-pov" />
    <menuitem action="gradients-copy-location" />
    <menuitem action="gradients-delete" />
    <separator />
    <menuitem action="gradients-refresh" />
    <separator />
  </popup>
</ui>
