<?xml version="1.0" encoding="utf-8"?>
<!DOCTYPE ui SYSTEM "gtkuimanager.dtd">

<ui>
  <popup action="palettes-popup">
    <menuitem action="palettes-edit" />
    <separator />
    <menuitem action="palettes-new" />
    <menuitem action="palettes-import" />
    <menuitem action="palettes-duplicate" />
    <menuitem action="palettes-merge" />
    <menuitem action="palettes-copy-location" />
    <menuitem action="palettes-delete" />
    <separator />
    <menuitem action="palettes-refresh" />
    <separator />
  </popup>
</ui>
