<?xml version="1.0" encoding="utf-8"?>
<!DOCTYPE ui SYSTEM "gtkuimanager.dtd">

<ui>
  <popup action="tool-options-popup">
    <menu action="tool-options-save-menu" name="Save">
      <menuitem action="tool-options-save-new" />
      <separator />
    </menu>
    <menu action="tool-options-restore-menu" name="Restore" />
    <menu action="tool-options-rename-menu" name="Rename" />
    <menu action="tool-options-delete-menu" name="Delete" />
    <separator />
    <menuitem action="tool-options-reset" />
    <menuitem action="tool-options-reset-all" />
  </popup>
</ui>
