<?xml version="1.0" encoding="utf-8"?>
<!DOCTYPE ui SYSTEM "gtkuimanager.dtd">

<ui>
  <popup action="vectors-popup">
    <menuitem action="vectors-path-tool" />
    <menuitem action="vectors-edit-attributes" />
    <separator />
    <menuitem action="vectors-new" />
    <menuitem action="vectors-raise" />
    <menuitem action="vectors-lower" />
    <menuitem action="vectors-duplicate" />
    <menuitem action="vectors-delete" />
    <menuitem action="vectors-merge-visible" />
    <separator />
    <menuitem action="vectors-selection-replace" />
    <menuitem action="vectors-selection-add" />
    <menuitem action="vectors-selection-subtract" />
    <menuitem action="vectors-selection-intersect" />
    <menuitem action="vectors-selection-to-vectors" />
    <menuitem action="vectors-stroke" />
    <separator />
    <menuitem action="vectors-copy" />
    <menuitem action="vectors-paste" />
    <menuitem action="vectors-export" />
    <menuitem action="vectors-import" />
    <separator />
  </popup>
</ui>
