<?xml version="1.0"?>

<gutenprint xmlns="http://gimp-print.sourceforge.net/xsd/gp.xsd-1.0"
xmlns:xsi="http://www.w3.org/2001/XMLSchema-instance"
xsi:schemaLocation="http://gimp-print.sourceforge.net/xsd/gp.xsd-1.0 gutenprint.xsd">
<copyright>
 *   Copyright 2008 Robert Krawitz (rlk@alum.mit.edu)
 *
 *   This program is free software; you can redistribute it and/or modify it
 *   under the terms of the GNU General Public License as published by the Free
 *   Software Foundation; either version 2 of the License, or (at your option)
 *   any later version.
 *
 *   This program is distributed in the hope that it will be useful, but
 *   WITHOUT ANY WARRANTY; without even the implied warranty of MERCHANTABILITY
 *   or FITNESS FOR A PARTICULAR PURPOSE.  See the GNU General Public License
 *   for more details.
 *
 *   You should have received a copy of the GNU General Public License
 *   along with this program; if not, write to the Free Software
 *   Foundation, Inc., 59 Temple Place - Suite 330, Boston, MA 02111-1307, USA.
</copyright>
<escp2:InkGroup name="f360_ultrachrome_k3v">
<InkList translate="text" name="ultra3photo" text="Photo Black">
 <Shades>
  <shade count="3">1.000000 0.480000 0.160000</shade>
  <shade count="2">1.000000 0.340000</shade>
  <shade count="2">1.000000 0.250000</shade>
  <shade count="1">1.000000</shade>
  <shade count="1">1.000000</shade>
  <shade count="1">1.000000</shade>
  <shade count="1">1.000000</shade>
  <shade count="1">1.000000</shade>
 </Shades>

 <InkName translate="text" name="PhotoCMYK8" text="Eight Color Photo" InkID="CcMmYKk">
  <Channels>
   <channel name="f360_photo3_black" index="0">
    <subchannel color="0" subchannel="0" headOffset="1" name="Black" text="Black" translate="text">
     <ChannelDensityParam name="BlackDensity"/>
     <SubchannelTransitionParam name="DarkGrayTrans"/>
    </subchannel>
    <subchannel color="0" subchannel="1" name="LightBlack" text="Light Black" translate="text">
     <ChannelDensityParam name="BlackDensity"/>
     <SubchannelTransitionParam name="DarkGrayTrans"/>
     <SubchannelValueParam name="DarkGrayValue"/>
     <SubchannelScaleParam name="DarkGrayScale"/>
    </subchannel>
    <subchannel color="0" subchannel="3" headOffset="1" name="LightLightBlack" text="Light Light Black" translate="text">
     <ChannelDensityParam name="BlackDensity"/>
     <SubchannelTransitionParam name="LightGrayTrans"/>
     <SubchannelValueParam name="LightGrayValue"/>
     <SubchannelScaleParam name="LightGrayScale"/>
    </subchannel>
   </channel>
   <channel name="f360x_photo_cyan" index="1">
    <HueCurveParam name="CyanHueCurve"/>
    <subchannel color="2" subchannel="0" name="Cyan" text="Cyan" translate="text">
     <ChannelDensityParam name="CyanDensity"/>
     <SubchannelTransitionParam name="LightCyanTrans"/>
    </subchannel>
    <subchannel color="2" subchannel="1" headOffset="1" name="LightCyan" text="Light Cyan" translate="text">
     <ChannelDensityParam name="CyanDensity"/>
     <SubchannelTransitionParam name="LightCyanTrans"/>
     <SubchannelValueParam name="LightCyanValue"/>
     <SubchannelScaleParam name="LightCyanScale"/>
    </subchannel>
   </channel>
   <channel name="f360_photo_magenta" index="2">
    <HueCurveParam name="MagentaHueCurve"/>
    <subchannel color="1" subchannel="0" headOffset="1" name="Magenta" text="Magenta" translate="text">
     <ChannelDensityParam name="MagentaDensity"/>
     <SubchannelTransitionParam name="LightMagentaTrans"/>
    </subchannel>
    <subchannel color="1" subchannel="1" name="LightMagenta" text="Light Magenta" translate="text">
     <ChannelDensityParam name="MagentaDensity"/>
     <SubchannelTransitionParam name="LightMagentaTrans"/>
     <SubchannelValueParam name="LightMagentaValue"/>
     <SubchannelScaleParam name="LightMagentaScale"/>
    </subchannel>
   </channel>
   <channel name="standard_yellow" index="3">
    <HueCurveParam name="YellowHueCurve"/>
    <subchannel color="4" name="Yellow" text="Yellow" translate="text">
     <ChannelDensityParam name="YellowDensity"/>
    </subchannel>
   </channel>
  </Channels>
 </InkName>

 <InkName translate="text" name="PhotoCMYK7" text="Seven Color Photo" InkID="CcMmYKk">
  <Channels>
   <channel name="f360_photo2_black" index="0">
    <subchannel color="0" subchannel="0" headOffset="1" name="Black" text="Black" translate="text">
     <ChannelDensityParam name="BlackDensity"/>
     <SubchannelTransitionParam name="GrayTrans"/>
    </subchannel>
    <subchannel color="0" subchannel="1" name="LightBlack" text="Light Black" translate="text">
     <ChannelDensityParam name="BlackDensity"/>
     <SubchannelTransitionParam name="GrayTrans"/>
     <SubchannelValueParam name="GrayValue"/>
     <SubchannelScaleParam name="GrayScale"/>
    </subchannel>
   </channel>
   <channel name="f360x_photo_cyan" index="1">
    <HueCurveParam name="CyanHueCurve"/>
    <subchannel color="2" subchannel="0" name="Cyan" text="Cyan" translate="text">
     <ChannelDensityParam name="CyanDensity"/>
     <SubchannelTransitionParam name="LightCyanTrans"/>
    </subchannel>
    <subchannel color="2" subchannel="1" headOffset="1" name="LightCyan" text="Light Cyan" translate="text">
     <ChannelDensityParam name="CyanDensity"/>
     <SubchannelTransitionParam name="LightCyanTrans"/>
     <SubchannelValueParam name="LightCyanValue"/>
     <SubchannelScaleParam name="LightCyanScale"/>
    </subchannel>
   </channel>
   <channel name="f360_photo_magenta" index="2">
    <HueCurveParam name="MagentaHueCurve"/>
    <subchannel color="1" subchannel="0" headOffset="1" name="Magenta" text="Magenta" translate="text">
     <ChannelDensityParam name="MagentaDensity"/>
     <SubchannelTransitionParam name="LightMagentaTrans"/>
    </subchannel>
    <subchannel color="1" subchannel="1" name="LightMagenta" text="Light Magenta" translate="text">
     <ChannelDensityParam name="MagentaDensity"/>
     <SubchannelTransitionParam name="LightMagentaTrans"/>
     <SubchannelValueParam name="LightMagentaValue"/>
     <SubchannelScaleParam name="LightMagentaScale"/>
    </subchannel>
   </channel>
   <channel name="standard_yellow" index="3">
    <HueCurveParam name="YellowHueCurve"/>
    <subchannel color="4" name="Yellow" text="Yellow" translate="text">
     <ChannelDensityParam name="YellowDensity"/>
    </subchannel>
   </channel>
  </Channels>
 </InkName>

 <InkName translate="text" name="PhotoCMYK" text="Six Color Photo" InkID="CcMmYK">
  <Channels>
   <channel name="f360_black" index="0">
    <subchannel color="0" subchannel="0" headOffset="1" name="Black" text="Black" translate="text">
     <ChannelDensityParam name="BlackDensity"/>
    </subchannel>
   </channel>
   <channel name="f360x_photo_cyan" index="1">
    <HueCurveParam name="CyanHueCurve"/>
    <subchannel color="2" subchannel="0" name="Cyan" text="Cyan" translate="text">
     <ChannelDensityParam name="CyanDensity"/>
     <SubchannelTransitionParam name="LightCyanTrans"/>
    </subchannel>
    <subchannel color="2" subchannel="1" headOffset="1" name="LightCyan" text="Light Cyan" translate="text">
     <ChannelDensityParam name="CyanDensity"/>
     <SubchannelTransitionParam name="LightCyanTrans"/>
     <SubchannelValueParam name="LightCyanValue"/>
     <SubchannelScaleParam name="LightCyanScale"/>
    </subchannel>
   </channel>
   <channel name="f360_photo_magenta" index="2">
    <HueCurveParam name="MagentaHueCurve"/>
    <subchannel color="1" subchannel="0" headOffset="1" name="Magenta" text="Magenta" translate="text">
     <ChannelDensityParam name="MagentaDensity"/>
     <SubchannelTransitionParam name="LightMagentaTrans"/>
    </subchannel>
    <subchannel color="1" subchannel="1" name="LightMagenta" text="Light Magenta" translate="text">
     <ChannelDensityParam name="MagentaDensity"/>
     <SubchannelTransitionParam name="LightMagentaTrans"/>
     <SubchannelValueParam name="LightMagentaValue"/>
     <SubchannelScaleParam name="LightMagentaScale"/>
    </subchannel>
   </channel>
   <channel name="standard_yellow" index="3">
    <HueCurveParam name="YellowHueCurve"/>
    <subchannel color="4" name="Yellow" text="Yellow" translate="text">
     <ChannelDensityParam name="YellowDensity"/>
    </subchannel>
   </channel>
  </Channels>
 </InkName>

 <InkName translate="text" name="PhotoCMY" text="Five Color Photo Composite" InkID="CcMmYK">
  <Channels>
   <channel name="f360x_photo_cyan" index="1">
    <HueCurveParam name="CyanHueCurve"/>
    <subchannel color="2" subchannel="0" name="Cyan" text="Cyan" translate="text">
     <ChannelDensityParam name="CyanDensity"/>
     <SubchannelTransitionParam name="LightCyanTrans"/>
    </subchannel>
    <subchannel color="2" subchannel="1" headOffset="1" name="LightCyan" text="Light Cyan" translate="text">
     <ChannelDensityParam name="CyanDensity"/>
     <SubchannelTransitionParam name="LightCyanTrans"/>
     <SubchannelValueParam name="LightCyanValue"/>
     <SubchannelScaleParam name="LightCyanScale"/>
    </subchannel>
   </channel>
   <channel name="f360_photo_magenta" index="2">
    <HueCurveParam name="MagentaHueCurve"/>
    <subchannel color="1" subchannel="0" headOffset="1" name="Magenta" text="Magenta" translate="text">
     <ChannelDensityParam name="MagentaDensity"/>
     <SubchannelTransitionParam name="LightMagentaTrans"/>
    </subchannel>
    <subchannel color="1" subchannel="1" name="LightMagenta" text="Light Magenta" translate="text">
     <ChannelDensityParam name="MagentaDensity"/>
     <SubchannelTransitionParam name="LightMagentaTrans"/>
     <SubchannelValueParam name="LightMagentaValue"/>
     <SubchannelScaleParam name="LightMagentaScale"/>
    </subchannel>
   </channel>
   <channel name="standard_yellow" index="3">
    <HueCurveParam name="YellowHueCurve"/>
    <subchannel color="4" name="Yellow" text="Yellow" translate="text">
     <ChannelDensityParam name="YellowDensity"/>
    </subchannel>
   </channel>
  </Channels>
 </InkName>

 <InkName translate="text" name="CMYK" text="Four Color Standard" InkID="CMYK">
  <Channels>
   <channel name="f360_black" index="0">
    <subchannel color="0" subchannel="0" headOffset="1" name="Black" text="Black" translate="text">
     <ChannelDensityParam name="BlackDensity"/>
    </subchannel>
   </channel>
   <channel name="standard_cyan" index="1">
    <HueCurveParam name="CyanHueCurve"/>
    <subchannel color="2" name="Cyan" text="Cyan" translate="text">
     <ChannelDensityParam name="CyanDensity"/>
    </subchannel>
   </channel>
   <channel name="f360_standard_magenta" index="2">
    <HueCurveParam name="MagentaHueCurve"/>
    <subchannel color="1" headOffset="1" name="Magenta" text="Magenta" translate="text">
     <ChannelDensityParam name="MagentaDensity"/>
    </subchannel>
   </channel>
   <channel name="standard_yellow" index="3">
    <HueCurveParam name="YellowHueCurve"/>
    <subchannel color="4" name="Yellow" text="Yellow" translate="text">
     <ChannelDensityParam name="YellowDensity"/>
    </subchannel>
   </channel>
  </Channels>
 </InkName>

 <InkName translate="text" name="CMY" text="Three Color Composite" InkID="CMYK">
  <Channels>
   <channel name="standard_cyan" index="1">
    <HueCurveParam name="CyanHueCurve"/>
    <subchannel color="2" name="Cyan" text="Cyan" translate="text">
     <ChannelDensityParam name="CyanDensity"/>
    </subchannel>
   </channel>
   <channel name="f360_standard_magenta" index="2">
    <HueCurveParam name="MagentaHueCurve"/>
    <subchannel color="1" headOffset="1" name="Magenta" text="Magenta" translate="text">
     <ChannelDensityParam name="MagentaDensity"/>
    </subchannel>
   </channel>
   <channel name="standard_yellow" index="3">
    <HueCurveParam name="YellowHueCurve"/>
    <subchannel color="4" name="Yellow" text="Yellow" translate="text">
     <ChannelDensityParam name="YellowDensity"/>
    </subchannel>
   </channel>
  </Channels>
 </InkName>

 <InkName translate="text" name="PhysicalCMYKkk" text="Eight Color Raw" InkID="Extended">
  <Channels>
   <channel name="f360_black" index="0">
    <subchannel color="0" subchannel="0" headOffset="1" name="Black" text="Black" translate="text">
     <ChannelDensityParam name="BlackDensity"/>
    </subchannel>
   </channel>
   <channel name="extended_black" index="1">
    <subchannel color="0" subchannel="1" name="LightBlack" text="Light Black" translate="text">
     <ChannelDensityParam name="BlackDensity"/>
    </subchannel>
   </channel>
   <channel name="f360_extended_photo3_black" index="2">
    <subchannel color="0" subchannel="3" headOffset="1" name="LightLightBlack" text="Light Light Black" translate="text">
     <ChannelDensityParam name="BlackDensity"/>
    </subchannel>
   </channel>
   <channel name="standard_cyan" index="3">
    <subchannel color="2" name="Cyan" text="Cyan" translate="text">
     <ChannelDensityParam name="CyanDensity"/>
    </subchannel>
   </channel>
   <channel name="f360_extended_cyan" index="4">
    <subchannel color="2" subchannel="1" headOffset="1" name="LightCyan" text="Light Cyan" translate="text">
     <ChannelDensityParam name="CyanDensity"/>
    </subchannel>
   </channel>
   <channel name="f360_standard_magenta" index="5">
    <subchannel color="1" headOffset="1" name="Magenta" text="Magenta" translate="text">
     <ChannelDensityParam name="MagentaDensity"/>
    </subchannel>
   </channel>
   <channel name="extended_magenta" index="6">
    <subchannel color="1" subchannel="1" name="LightMagenta" text="Light Magenta" translate="text">
     <ChannelDensityParam name="MagentaDensity"/>
    </subchannel>
   </channel>
   <channel name="standard_yellow" index="7">
    <subchannel color="4" name="Yellow" text="Yellow" translate="text">
     <ChannelDensityParam name="YellowDensity"/>
    </subchannel>
   </channel>
  </Channels>
 </InkName>
</InkList>

<InkList translate="text" name="ultra3matte" text="Matte Black">
 <Shades>
  <shade count="3">1.000000 0.278000 0.093000</shade>
  <shade count="2">1.000000 0.340000</shade>
  <shade count="2">1.000000 0.250000</shade>
  <shade count="1">1.000000</shade>
  <shade count="1">1.000000</shade>
  <shade count="1">1.000000</shade>
  <shade count="1">1.000000</shade>
  <shade count="1">1.000000</shade>
 </Shades>

 <InkName translate="text" name="PhotoCMYK8" text="Eight Color Photo" InkID="CcMmYKk">
  <Channels>
   <channel name="f360_photo3_black" index="0">
    <subchannel color="0" subchannel="0" headOffset="1" name="Black" text="Black" translate="text">
     <ChannelDensityParam name="BlackDensity"/>
     <SubchannelTransitionParam name="DarkGrayTrans"/>
    </subchannel>
    <subchannel color="0" subchannel="1" name="LightBlack" text="Light Black" translate="text">
     <ChannelDensityParam name="BlackDensity"/>
     <SubchannelTransitionParam name="DarkGrayTrans"/>
     <SubchannelValueParam name="DarkGrayValue"/>
     <SubchannelScaleParam name="DarkGrayScale"/>
    </subchannel>
    <subchannel color="0" subchannel="3" headOffset="1" name="LightLightBlack" text="Light Light Black" translate="text">
     <ChannelDensityParam name="BlackDensity"/>
     <SubchannelTransitionParam name="LightGrayTrans"/>
     <SubchannelValueParam name="LightGrayValue"/>
     <SubchannelScaleParam name="LightGrayScale"/>
    </subchannel>
   </channel>
   <channel name="f360x_photo_cyan" index="1">
    <HueCurveParam name="CyanHueCurve"/>
    <subchannel color="2" subchannel="0" name="Cyan" text="Cyan" translate="text">
     <ChannelDensityParam name="CyanDensity"/>
     <SubchannelTransitionParam name="LightCyanTrans"/>
    </subchannel>
    <subchannel color="2" subchannel="1" headOffset="1" name="LightCyan" text="Light Cyan" translate="text">
     <ChannelDensityParam name="CyanDensity"/>
     <SubchannelTransitionParam name="LightCyanTrans"/>
     <SubchannelValueParam name="LightCyanValue"/>
     <SubchannelScaleParam name="LightCyanScale"/>
    </subchannel>
   </channel>
   <channel name="f360_photo_magenta" index="2">
    <HueCurveParam name="MagentaHueCurve"/>
    <subchannel color="1" subchannel="0" headOffset="1" name="Magenta" text="Magenta" translate="text">
     <ChannelDensityParam name="MagentaDensity"/>
     <SubchannelTransitionParam name="LightMagentaTrans"/>
    </subchannel>
    <subchannel color="1" subchannel="1" name="LightMagenta" text="Light Magenta" translate="text">
     <ChannelDensityParam name="MagentaDensity"/>
     <SubchannelTransitionParam name="LightMagentaTrans"/>
     <SubchannelValueParam name="LightMagentaValue"/>
     <SubchannelScaleParam name="LightMagentaScale"/>
    </subchannel>
   </channel>
   <channel name="standard_yellow" index="3">
    <HueCurveParam name="YellowHueCurve"/>
    <subchannel color="4" name="Yellow" text="Yellow" translate="text">
     <ChannelDensityParam name="YellowDensity"/>
    </subchannel>
   </channel>
  </Channels>
 </InkName>

 <InkName translate="text" name="PhotoCMYK7" text="Seven Color Photo" InkID="CcMmYKk">
  <Channels>
   <channel name="f360_photo2_black" index="0">
    <subchannel color="0" subchannel="0" headOffset="1" name="Black" text="Black" translate="text">
     <ChannelDensityParam name="BlackDensity"/>
     <SubchannelTransitionParam name="GrayTrans"/>
    </subchannel>
    <subchannel color="0" subchannel="1" name="LightBlack" text="Light Black" translate="text">
     <ChannelDensityParam name="BlackDensity"/>
     <SubchannelTransitionParam name="GrayTrans"/>
     <SubchannelValueParam name="GrayValue"/>
     <SubchannelScaleParam name="GrayScale"/>
    </subchannel>
   </channel>
   <channel name="f360x_photo_cyan" index="1">
    <HueCurveParam name="CyanHueCurve"/>
    <subchannel color="2" subchannel="0" name="Cyan" text="Cyan" translate="text">
     <ChannelDensityParam name="CyanDensity"/>
     <SubchannelTransitionParam name="LightCyanTrans"/>
    </subchannel>
    <subchannel color="2" subchannel="1" headOffset="1" name="LightCyan" text="Light Cyan" translate="text">
     <ChannelDensityParam name="CyanDensity"/>
     <SubchannelTransitionParam name="LightCyanTrans"/>
     <SubchannelValueParam name="LightCyanValue"/>
     <SubchannelScaleParam name="LightCyanScale"/>
    </subchannel>
   </channel>
   <channel name="f360_photo_magenta" index="2">
    <HueCurveParam name="MagentaHueCurve"/>
    <subchannel color="1" subchannel="0" headOffset="1" name="Magenta" text="Magenta" translate="text">
     <ChannelDensityParam name="MagentaDensity"/>
     <SubchannelTransitionParam name="LightMagentaTrans"/>
    </subchannel>
    <subchannel color="1" subchannel="1" name="LightMagenta" text="Light Magenta" translate="text">
     <ChannelDensityParam name="MagentaDensity"/>
     <SubchannelTransitionParam name="LightMagentaTrans"/>
     <SubchannelValueParam name="LightMagentaValue"/>
     <SubchannelScaleParam name="LightMagentaScale"/>
    </subchannel>
   </channel>
   <channel name="standard_yellow" index="3">
    <HueCurveParam name="YellowHueCurve"/>
    <subchannel color="4" name="Yellow" text="Yellow" translate="text">
     <ChannelDensityParam name="YellowDensity"/>
    </subchannel>
   </channel>
  </Channels>
 </InkName>

 <InkName translate="text" name="PhotoCMYK" text="Six Color Photo" InkID="CcMmYK">
  <Channels>
   <channel name="f360_black" index="0">
    <subchannel color="0" subchannel="0" headOffset="1" name="Black" text="Black" translate="text">
     <ChannelDensityParam name="BlackDensity"/>
    </subchannel>
   </channel>
   <channel name="f360x_photo_cyan" index="1">
    <HueCurveParam name="CyanHueCurve"/>
    <subchannel color="2" subchannel="0" name="Cyan" text="Cyan" translate="text">
     <ChannelDensityParam name="CyanDensity"/>
     <SubchannelTransitionParam name="LightCyanTrans"/>
    </subchannel>
    <subchannel color="2" subchannel="1" headOffset="1" name="LightCyan" text="Light Cyan" translate="text">
     <ChannelDensityParam name="CyanDensity"/>
     <SubchannelTransitionParam name="LightCyanTrans"/>
     <SubchannelValueParam name="LightCyanValue"/>
     <SubchannelScaleParam name="LightCyanScale"/>
    </subchannel>
   </channel>
   <channel name="f360_photo_magenta" index="2">
    <HueCurveParam name="MagentaHueCurve"/>
    <subchannel color="1" subchannel="0" headOffset="1" name="Magenta" text="Magenta" translate="text">
     <ChannelDensityParam name="MagentaDensity"/>
     <SubchannelTransitionParam name="LightMagentaTrans"/>
    </subchannel>
    <subchannel color="1" subchannel="1" name="LightMagenta" text="Light Magenta" translate="text">
     <ChannelDensityParam name="MagentaDensity"/>
     <SubchannelTransitionParam name="LightMagentaTrans"/>
     <SubchannelValueParam name="LightMagentaValue"/>
     <SubchannelScaleParam name="LightMagentaScale"/>
    </subchannel>
   </channel>
   <channel name="standard_yellow" index="3">
    <HueCurveParam name="YellowHueCurve"/>
    <subchannel color="4" name="Yellow" text="Yellow" translate="text">
     <ChannelDensityParam name="YellowDensity"/>
    </subchannel>
   </channel>
  </Channels>
 </InkName>

 <InkName translate="text" name="PhotoCMY" text="Five Color Photo Composite" InkID="CcMmYK">
  <Channels>
   <channel name="f360x_photo_cyan" index="1">
    <HueCurveParam name="CyanHueCurve"/>
    <subchannel color="2" subchannel="0" name="Cyan" text="Cyan" translate="text">
     <ChannelDensityParam name="CyanDensity"/>
     <SubchannelTransitionParam name="LightCyanTrans"/>
    </subchannel>
    <subchannel color="2" subchannel="1" headOffset="1" name="LightCyan" text="Light Cyan" translate="text">
     <ChannelDensityParam name="CyanDensity"/>
     <SubchannelTransitionParam name="LightCyanTrans"/>
     <SubchannelValueParam name="LightCyanValue"/>
     <SubchannelScaleParam name="LightCyanScale"/>
    </subchannel>
   </channel>
   <channel name="f360_photo_magenta" index="2">
    <HueCurveParam name="MagentaHueCurve"/>
    <subchannel color="1" subchannel="0" headOffset="1" name="Magenta" text="Magenta" translate="text">
     <ChannelDensityParam name="MagentaDensity"/>
     <SubchannelTransitionParam name="LightMagentaTrans"/>
    </subchannel>
    <subchannel color="1" subchannel="1" name="LightMagenta" text="Light Magenta" translate="text">
     <ChannelDensityParam name="MagentaDensity"/>
     <SubchannelTransitionParam name="LightMagentaTrans"/>
     <SubchannelValueParam name="LightMagentaValue"/>
     <SubchannelScaleParam name="LightMagentaScale"/>
    </subchannel>
   </channel>
   <channel name="standard_yellow" index="3">
    <HueCurveParam name="YellowHueCurve"/>
    <subchannel color="4" name="Yellow" text="Yellow" translate="text">
     <ChannelDensityParam name="YellowDensity"/>
    </subchannel>
   </channel>
  </Channels>
 </InkName>

 <InkName translate="text" name="CMYK" text="Four Color Standard" InkID="CMYK">
  <Channels>
   <channel name="f360_black" index="0">
    <subchannel color="0" subchannel="0" headOffset="1" name="Black" text="Black" translate="text">
     <ChannelDensityParam name="BlackDensity"/>
    </subchannel>
   </channel>
   <channel name="standard_cyan" index="1">
    <HueCurveParam name="CyanHueCurve"/>
    <subchannel color="2" name="Cyan" text="Cyan" translate="text">
     <ChannelDensityParam name="CyanDensity"/>
    </subchannel>
   </channel>
   <channel name="f360_standard_magenta" index="2">
    <HueCurveParam name="MagentaHueCurve"/>
    <subchannel color="1" headOffset="1" name="Magenta" text="Magenta" translate="text">
     <ChannelDensityParam name="MagentaDensity"/>
    </subchannel>
   </channel>
   <channel name="standard_yellow" index="3">
    <HueCurveParam name="YellowHueCurve"/>
    <subchannel color="4" name="Yellow" text="Yellow" translate="text">
     <ChannelDensityParam name="YellowDensity"/>
    </subchannel>
   </channel>
  </Channels>
 </InkName>

 <InkName translate="text" name="CMY" text="Three Color Composite" InkID="CMYK">
  <Channels>
   <channel name="standard_cyan" index="1">
    <HueCurveParam name="CyanHueCurve"/>
    <subchannel color="2" name="Cyan" text="Cyan" translate="text">
     <ChannelDensityParam name="CyanDensity"/>
    </subchannel>
   </channel>
   <channel name="f360_standard_magenta" index="2">
    <HueCurveParam name="MagentaHueCurve"/>
    <subchannel color="1" headOffset="1" name="Magenta" text="Magenta" translate="text">
     <ChannelDensityParam name="MagentaDensity"/>
    </subchannel>
   </channel>
   <channel name="standard_yellow" index="3">
    <HueCurveParam name="YellowHueCurve"/>
    <subchannel color="4" name="Yellow" text="Yellow" translate="text">
     <ChannelDensityParam name="YellowDensity"/>
    </subchannel>
   </channel>
  </Channels>
 </InkName>

 <InkName translate="text" name="PhysicalCMYKkk" text="Eight Color Raw" InkID="Extended">
  <Channels>
   <channel name="f360_black" index="0">
    <subchannel color="0" subchannel="0" headOffset="1" name="Black" text="Black" translate="text">
     <ChannelDensityParam name="BlackDensity"/>
    </subchannel>
   </channel>
   <channel name="extended_black" index="1">
    <subchannel color="0" subchannel="1" name="LightBlack" text="Light Black" translate="text">
     <ChannelDensityParam name="BlackDensity"/>
    </subchannel>
   </channel>
   <channel name="f360_extended_photo3_black" index="2">
    <subchannel color="0" subchannel="3" headOffset="1" name="LightLightBlack" text="Light Light Black" translate="text">
     <ChannelDensityParam name="BlackDensity"/>
    </subchannel>
   </channel>
   <channel name="standard_cyan" index="3">
    <subchannel color="2" name="Cyan" text="Cyan" translate="text">
     <ChannelDensityParam name="CyanDensity"/>
    </subchannel>
   </channel>
   <channel name="f360_extended_cyan" index="4">
    <subchannel color="2" subchannel="1" headOffset="1" name="LightCyan" text="Light Cyan" translate="text">
     <ChannelDensityParam name="CyanDensity"/>
    </subchannel>
   </channel>
   <channel name="f360_standard_magenta" index="5">
    <subchannel color="1" headOffset="1" name="Magenta" text="Magenta" translate="text">
     <ChannelDensityParam name="MagentaDensity"/>
    </subchannel>
   </channel>
   <channel name="extended_magenta" index="6">
    <subchannel color="1" subchannel="1" name="LightMagenta" text="Light Magenta" translate="text">
     <ChannelDensityParam name="MagentaDensity"/>
    </subchannel>
   </channel>
   <channel name="standard_yellow" index="7">
    <subchannel color="4" name="Yellow" text="Yellow" translate="text">
     <ChannelDensityParam name="YellowDensity"/>
    </subchannel>
   </channel>
  </Channels>
 </InkName>
</InkList>
</escp2:InkGroup>
</gutenprint>
