<?xml version="1.0"?>

<gutenprint xmlns="http://gimp-print.sourceforge.net/xsd/gp.xsd-1.0"
xmlns:xsi="http://www.w3.org/2001/XMLSchema-instance"
xsi:schemaLocation="http://gimp-print.sourceforge.net/xsd/gp.xsd-1.0 gutenprint.xsd">
<copyright>
 *   Copyright 2008 Robert Krawitz (rlk@alum.mit.edu)
 *
 *   This program is free software; you can redistribute it and/or modify it
 *   under the terms of the GNU General Public License as published by the Free
 *   Software Foundation; either version 2 of the License, or (at your option)
 *   any later version.
 *
 *   This program is distributed in the hope that it will be useful, but
 *   WITHOUT ANY WARRANTY; without even the implied warranty of MERCHANTABILITY
 *   or FITNESS FOR A PARTICULAR PURPOSE.  See the GNU General Public License
 *   for more details.
 *
 *   You should have received a copy of the GNU General Public License
 *   along with this program; if not, write to the Free Software
 *   Foundation, Inc., 59 Temple Place - Suite 330, Boston, MA 02111-1307, USA.
</copyright>
<escp2:InkGroup name="photo_gen2">
<InkList translate="text" name="None" text="EPSON Standard Inks">
 <Shades>
  <shade count="1">1.000000</shade>
  <shade count="2">1.000000 0.290000</shade>
  <shade count="2">1.000000 0.290000</shade>
  <shade count="1">1.000000</shade>
  <shade count="1">1.000000</shade>
  <shade count="1">1.000000</shade>
 </Shades>

 <InkName translate="text" name="PhotoCMYK" text="Six Color Photo" InkID="CcMmYK">
  <Channels>
   <channel name="photo_black" index="0">
    <subchannel color="0" subchannel="0" name="Black" text="Black" translate="text">
     <ChannelDensityParam name="BlackDensity"/>
    </subchannel>
   </channel>
   <channel name="photo_cyan" index="1">
    <HueCurveParam name="CyanHueCurve"/>
    <subchannel color="2" subchannel="0" name="Cyan" text="Cyan" translate="text">
     <ChannelDensityParam name="CyanDensity"/>
     <SubchannelTransitionParam name="LightCyanTrans"/>
    </subchannel>
    <subchannel color="2" subchannel="1" name="LightCyan" text="Light Cyan" translate="text">
     <ChannelDensityParam name="CyanDensity"/>
     <SubchannelTransitionParam name="LightCyanTrans"/>
     <SubchannelValueParam name="LightCyanValue"/>
     <SubchannelScaleParam name="LightCyanScale"/>
    </subchannel>
   </channel>
   <channel name="photo_magenta" index="2">
    <HueCurveParam name="MagentaHueCurve"/>
    <subchannel color="1" subchannel="0" name="Magenta" text="Magenta" translate="text">
     <ChannelDensityParam name="MagentaDensity"/>
     <SubchannelTransitionParam name="LightMagentaTrans"/>
    </subchannel>
    <subchannel color="1" subchannel="1" name="LightMagenta" text="Light Magenta" translate="text">
     <ChannelDensityParam name="MagentaDensity"/>
     <SubchannelTransitionParam name="LightMagentaTrans"/>
     <SubchannelValueParam name="LightMagentaValue"/>
     <SubchannelScaleParam name="LightMagentaScale"/>
    </subchannel>
   </channel>
   <channel name="photo_yellow" index="3">
    <HueCurveParam name="YellowHueCurve"/>
    <subchannel color="4" subchannel="0" name="Yellow" text="Yellow" translate="text">
     <ChannelDensityParam name="YellowDensity"/>
    </subchannel>
   </channel>
  </Channels>
 </InkName>

 <InkName translate="text" name="PhotoCMY" text="Five Color Photo Composite" InkID="CcMmYK">
  <Channels>
   <channel name="photo_cyan" index="1">
    <HueCurveParam name="CyanHueCurve"/>
    <subchannel color="2" subchannel="0" name="Cyan" text="Cyan" translate="text">
     <ChannelDensityParam name="CyanDensity"/>
     <SubchannelTransitionParam name="LightCyanTrans"/>
    </subchannel>
    <subchannel color="2" subchannel="1" name="LightCyan" text="Light Cyan" translate="text">
     <ChannelDensityParam name="CyanDensity"/>
     <SubchannelTransitionParam name="LightCyanTrans"/>
     <SubchannelValueParam name="LightCyanValue"/>
     <SubchannelScaleParam name="LightCyanScale"/>
    </subchannel>
   </channel>
   <channel name="photo_magenta" index="2">
    <HueCurveParam name="MagentaHueCurve"/>
    <subchannel color="1" subchannel="0" name="Magenta" text="Magenta" translate="text">
     <ChannelDensityParam name="MagentaDensity"/>
     <SubchannelTransitionParam name="LightMagentaTrans"/>
    </subchannel>
    <subchannel color="1" subchannel="1" name="LightMagenta" text="Light Magenta" translate="text">
     <ChannelDensityParam name="MagentaDensity"/>
     <SubchannelTransitionParam name="LightMagentaTrans"/>
     <SubchannelValueParam name="LightMagentaValue"/>
     <SubchannelScaleParam name="LightMagentaScale"/>
    </subchannel>
   </channel>
   <channel name="photo_yellow" index="3">
    <HueCurveParam name="YellowHueCurve"/>
    <subchannel color="4" subchannel="0" name="Yellow" text="Yellow" translate="text">
     <ChannelDensityParam name="YellowDensity"/>
    </subchannel>
   </channel>
  </Channels>
 </InkName>

 <InkName translate="text" name="CMYK" text="Four Color Standard" InkID="CMYK">
  <Channels>
   <channel name="standard_black" index="0">
    <subchannel color="0" name="Black" text="Black" translate="text">
     <ChannelDensityParam name="BlackDensity"/>
    </subchannel>
   </channel>
   <channel name="standard_cyan" index="1">
    <HueCurveParam name="CyanHueCurve"/>
    <subchannel color="2" name="Cyan" text="Cyan" translate="text">
     <ChannelDensityParam name="CyanDensity"/>
    </subchannel>
   </channel>
   <channel name="standard_magenta" index="2">
    <HueCurveParam name="MagentaHueCurve"/>
    <subchannel color="1" name="Magenta" text="Magenta" translate="text">
     <ChannelDensityParam name="MagentaDensity"/>
    </subchannel>
   </channel>
   <channel name="standard_yellow" index="3">
    <HueCurveParam name="YellowHueCurve"/>
    <subchannel color="4" name="Yellow" text="Yellow" translate="text">
     <ChannelDensityParam name="YellowDensity"/>
    </subchannel>
   </channel>
  </Channels>
 </InkName>

 <InkName translate="text" name="RGB" text="Three Color Composite" InkID="CMYK">
  <Channels>
   <channel name="standard_cyan" index="1">
    <HueCurveParam name="CyanHueCurve"/>
    <subchannel color="2" name="Cyan" text="Cyan" translate="text">
     <ChannelDensityParam name="CyanDensity"/>
    </subchannel>
   </channel>
   <channel name="standard_magenta" index="2">
    <HueCurveParam name="MagentaHueCurve"/>
    <subchannel color="1" name="Magenta" text="Magenta" translate="text">
     <ChannelDensityParam name="MagentaDensity"/>
    </subchannel>
   </channel>
   <channel name="standard_yellow" index="3">
    <HueCurveParam name="YellowHueCurve"/>
    <subchannel color="4" name="Yellow" text="Yellow" translate="text">
     <ChannelDensityParam name="YellowDensity"/>
    </subchannel>
   </channel>
  </Channels>
 </InkName>

 <InkName translate="text" name="PhysicalBlack" text="One Color Raw" InkID="Extended">
  <Channels>
   <channel name="standard_black" index="0">
    <subchannel color="0" name="Black" text="Black" translate="text">
     <ChannelDensityParam name="BlackDensity"/>
    </subchannel>
   </channel>
  </Channels>
 </InkName>

 <InkName translate="text" name="PhysicalCMY" text="Three Color Raw" InkID="Extended">
  <Channels>
   <channel name="standard_cyan" index="0">
    <subchannel color="2" name="Cyan" text="Cyan" translate="text">
     <ChannelDensityParam name="CyanDensity"/>
    </subchannel>
   </channel>
   <channel name="standard_magenta" index="1">
    <subchannel color="1" name="Magenta" text="Magenta" translate="text">
     <ChannelDensityParam name="MagentaDensity"/>
    </subchannel>
   </channel>
   <channel name="standard_yellow" index="2">
    <subchannel color="4" name="Yellow" text="Yellow" translate="text">
     <ChannelDensityParam name="YellowDensity"/>
    </subchannel>
   </channel>
  </Channels>
 </InkName>

 <InkName translate="text" name="PhysicalCMYK" text="Four Color Raw" InkID="Extended">
  <Channels>
   <channel name="standard_black" index="0">
    <subchannel color="0" name="Black" text="Black" translate="text">
     <ChannelDensityParam name="BlackDensity"/>
    </subchannel>
   </channel>
   <channel name="standard_cyan" index="1">
    <subchannel color="2" name="Cyan" text="Cyan" translate="text">
     <ChannelDensityParam name="CyanDensity"/>
    </subchannel>
   </channel>
   <channel name="standard_magenta" index="2">
    <subchannel color="1" name="Magenta" text="Magenta" translate="text">
     <ChannelDensityParam name="MagentaDensity"/>
    </subchannel>
   </channel>
   <channel name="standard_yellow" index="3">
    <subchannel color="4" name="Yellow" text="Yellow" translate="text">
     <ChannelDensityParam name="YellowDensity"/>
    </subchannel>
   </channel>
  </Channels>
 </InkName>

 <InkName translate="text" name="PhysicalCcMmY" text="Five Color Raw" InkID="Extended">
  <Channels>
   <channel name="standard_cyan" index="0">
    <subchannel color="2" name="Cyan" text="Cyan" translate="text">
     <ChannelDensityParam name="CyanDensity"/>
    </subchannel>
   </channel>
   <channel name="extended_cyan" index="1">
    <subchannel color="2" subchannel="1" name="LightCyan" text="Light Cyan" translate="text">
     <ChannelDensityParam name="CyanDensity"/>
    </subchannel>
   </channel>
   <channel name="standard_magenta" index="2">
    <subchannel color="1" name="Magenta" text="Magenta" translate="text">
     <ChannelDensityParam name="MagentaDensity"/>
    </subchannel>
   </channel>
   <channel name="extended_magenta" index="3">
    <subchannel color="1" subchannel="1" name="LightMagenta" text="Light Magenta" translate="text">
     <ChannelDensityParam name="MagentaDensity"/>
    </subchannel>
   </channel>
   <channel name="photo_yellow" index="4">
    <subchannel color="4" subchannel="0" name="Yellow" text="Yellow" translate="text">
     <ChannelDensityParam name="YellowDensity"/>
    </subchannel>
   </channel>
  </Channels>
 </InkName>

 <InkName translate="text" name="PhysicalCcMmYK" text="Six Color Raw" InkID="Extended">
  <Channels>
   <channel name="photo_black" index="0">
    <subchannel color="0" subchannel="0" name="Black" text="Black" translate="text">
     <ChannelDensityParam name="BlackDensity"/>
    </subchannel>
   </channel>
   <channel name="standard_cyan" index="1">
    <subchannel color="2" name="Cyan" text="Cyan" translate="text">
     <ChannelDensityParam name="CyanDensity"/>
    </subchannel>
   </channel>
   <channel name="extended_cyan" index="2">
    <subchannel color="2" subchannel="1" name="LightCyan" text="Light Cyan" translate="text">
     <ChannelDensityParam name="CyanDensity"/>
    </subchannel>
   </channel>
   <channel name="standard_magenta" index="3">
    <subchannel color="1" name="Magenta" text="Magenta" translate="text">
     <ChannelDensityParam name="MagentaDensity"/>
    </subchannel>
   </channel>
   <channel name="extended_magenta" index="4">
    <subchannel color="1" subchannel="1" name="LightMagenta" text="Light Magenta" translate="text">
     <ChannelDensityParam name="MagentaDensity"/>
    </subchannel>
   </channel>
   <channel name="photo_yellow" index="5">
    <subchannel color="4" subchannel="0" name="Yellow" text="Yellow" translate="text">
     <ChannelDensityParam name="YellowDensity"/>
    </subchannel>
   </channel>
  </Channels>
 </InkName>
</InkList>

<InkList translate="text" name="quadtone" text="Quadtone">
 <Shades>
  <shade count="4">1.000000 0.750000 0.500000 0.250000</shade>
 </Shades>

 <InkName translate="text" name="Quadtone" text="Quadtone" InkID="Quadtone">
  <Channels>
   <channel name="quadtone" index="0">
    <subchannel color="0" name="Black" text="Black" translate="text">
     <ChannelDensityParam name="BlackDensity"/>
     <SubchannelTransitionParam name="Gray3Trans"/>
    </subchannel>
    <subchannel color="2" name="Gray3" text="Gray 3" translate="text">
     <ChannelDensityParam name="BlackDensity"/>
     <SubchannelTransitionParam name="Gray3Trans"/>
     <SubchannelValueParam name="Gray3Value"/>
     <SubchannelScaleParam name="Gray3Scale"/>
    </subchannel>
    <subchannel color="1" name="Gray2" text="Gray 2" translate="text">
     <ChannelDensityParam name="BlackDensity"/>
     <SubchannelTransitionParam name="Gray2Trans"/>
     <SubchannelValueParam name="Gray2Value"/>
     <SubchannelScaleParam name="Gray2Scale"/>
    </subchannel>
    <subchannel color="4" name="Gray1" text="Gray 1" translate="text">
     <ChannelDensityParam name="BlackDensity"/>
     <SubchannelTransitionParam name="Gray1Trans"/>
     <SubchannelValueParam name="Gray1Value"/>
     <SubchannelScaleParam name="Gray1Scale"/>
    </subchannel>
   </channel>
  </Channels>
 </InkName>
</InkList>

<InkList translate="text" name="MISQuadtone" text="MIS Quadtone">
 <Shades>
  <shade count="4">1.000000 0.750000 0.500000 0.250000</shade>
 </Shades>

 <InkName translate="text" name="Quadtone" text="Quadtone" InkID="Quadtone">
  <Channels>
   <channel name="quadtone" index="0">
    <subchannel color="0" name="Black" text="Black" translate="text">
     <ChannelDensityParam name="BlackDensity"/>
     <SubchannelTransitionParam name="GrayTrans"/>
    </subchannel>
    <subchannel color="1" name="Gray3" text="Gray 3" translate="text">
     <ChannelDensityParam name="BlackDensity"/>
     <SubchannelTransitionParam name="Gray3Trans"/>
     <SubchannelValueParam name="Gray3Value"/>
     <SubchannelScaleParam name="Gray3Scale"/>
    </subchannel>
    <subchannel color="4" name="Gray2" text="Gray 2" translate="text">
     <ChannelDensityParam name="BlackDensity"/>
     <SubchannelTransitionParam name="Gray2Trans"/>
     <SubchannelValueParam name="Gray2Value"/>
     <SubchannelScaleParam name="Gray2Scale"/>
    </subchannel>
    <subchannel color="2" name="Gray1" text="Gray 1" translate="text">
     <ChannelDensityParam name="BlackDensity"/>
     <SubchannelTransitionParam name="Gray1Trans"/>
     <SubchannelValueParam name="Gray1Value"/>
     <SubchannelScaleParam name="Gray1Scale"/>
    </subchannel>
   </channel>
  </Channels>
 </InkName>
</InkList>

<InkList translate="text" name="MISHextone" text="MIS Six Tone">
 <Shades>
  <shade count="6">1.000000 0.750000 0.500000 0.450000 0.250000 0.150000</shade>
 </Shades>

 <InkName translate="text" name="Hextone" text="Hextone" InkID="Hextone">
  <Channels>
   <channel name="hextone" index="0">
    <subchannel color="0" subchannel="0" name="Black" text="Black" translate="text">
     <ChannelDensityParam name="BlackDensity"/>
     <SubchannelTransitionParam name="HGray5Trans"/>
    </subchannel>
    <subchannel color="1" subchannel="0" name="Gray5" text="Gray 5" translate="text">
     <ChannelDensityParam name="BlackDensity"/>
     <SubchannelTransitionParam name="HGray5Trans"/>
     <SubchannelValueParam name="HGray5Value"/>
     <SubchannelScaleParam name="HGray5Scale"/>
    </subchannel>
    <subchannel color="4" subchannel="0" name="Gray4" text="Gray 4" translate="text">
     <ChannelDensityParam name="BlackDensity"/>
     <SubchannelTransitionParam name="HGray4Trans"/>
     <SubchannelValueParam name="HGray4Value"/>
     <SubchannelScaleParam name="HGray4Scale"/>
    </subchannel>
    <subchannel color="1" subchannel="1" name="Gray3" text="Gray 3" translate="text">
     <ChannelDensityParam name="BlackDensity"/>
     <SubchannelTransitionParam name="HGray3Trans"/>
     <SubchannelValueParam name="HGray3Value"/>
     <SubchannelScaleParam name="HGray3Scale"/>
    </subchannel>
    <subchannel color="2" subchannel="0" name="Gray2" text="Gray 2" translate="text">
     <ChannelDensityParam name="BlackDensity"/>
     <SubchannelTransitionParam name="HGray2Trans"/>
     <SubchannelValueParam name="HGray2Value"/>
     <SubchannelScaleParam name="HGray2Scale"/>
    </subchannel>
    <subchannel color="2" subchannel="1" name="Gray1" text="Gray 1" translate="text">
     <ChannelDensityParam name="BlackDensity"/>
     <SubchannelTransitionParam name="HGray1Trans"/>
     <SubchannelValueParam name="HGray1Value"/>
     <SubchannelScaleParam name="HGray1Scale"/>
    </subchannel>
   </channel>
  </Channels>
 </InkName>
</InkList>
</escp2:InkGroup>
</gutenprint>
