<lensdatabase>

    <mount>
        <name>fuji810</name>
        <compat>Generic</compat>
    </mount>

    <mount>
        <name>fujiS9000</name>
        <compat>Generic</compat>
    </mount>

    <mount>
        <name>fuji2800</name>
        <compat>Generic</compat>
    </mount>

    <mount>
        <name>fujiF11</name>
        <compat>Generic</compat>
    </mount>

    <mount>
        <name>fujiS5500</name>
        <compat>Generic</compat>
    </mount>

    <mount>
        <name>fuji601</name>
        <compat>Generic</compat>
    </mount>

    <mount>
        <name>fuji602</name>
        <compat>Generic</compat>
    </mount>

    <camera>
        <maker>FUJIFILM</maker>
        <maker lang="en">Fujifilm</maker>
        <model>FinePix F11</model>
        <mount>fujiF11</mount>
        <cropfactor>4.5</cropfactor>
    </camera>

    <camera>
        <maker>FUJIFILM</maker>
        <maker lang="en">Fujifilm</maker>
        <model>FinePix F10</model>
        <mount>fujiF11</mount>
        <cropfactor>4.5</cropfactor>
    </camera>

    <camera>
        <maker>FUJIFILM</maker>
        <maker lang="en">Fujifilm</maker>
        <model>FinePix S9000</model>
        <mount>fujiS9000</mount>
        <cropfactor>4.48</cropfactor>
    </camera>

    <camera>
        <maker>FUJIFILM</maker>
        <maker lang="en">Fujifilm</maker>
        <model>FinePix S9500</model>
        <mount>fujiS9000</mount>
        <cropfactor>4.48</cropfactor>
    </camera>

    <camera>
        <maker>FUJIFILM</maker>
        <maker lang="en">Fujifilm</maker>
        <model>FinePix S5500</model>
        <mount>fujiS5500</mount>
        <cropfactor>6.491</cropfactor>
    </camera>

    <camera>
        <maker>FUJIFILM</maker>
        <maker lang="en">Fujifilm</maker>
        <model>FinePix S5100</model>
        <mount>fujiS5500</mount>
        <cropfactor>6.491</cropfactor>
    </camera>

    <camera>
        <maker>FUJIFILM</maker>
        <maker lang="en">Fujifilm</maker>
        <model>FinePix S7000</model>
        <mount>fuji602</mount>
        <cropfactor>4.487</cropfactor>
    </camera>

    <camera>
        <maker>FUJIFILM</maker>
        <maker lang="en">Fujifilm</maker>
        <model>FinePix S20Pro</model>
        <mount>fuji602</mount>
        <cropfactor>4.487</cropfactor>
    </camera>

    <camera>
        <maker>FUJIFILM</maker>
        <maker lang="en">Fujifilm</maker>
        <model>FinePix S602 ZOOM</model>
        <mount>fuji602</mount>
        <cropfactor>4.487</cropfactor>
    </camera>

    <camera>
        <maker>FUJIFILM</maker>
        <maker lang="en">Fujifilm</maker>
        <model>FinePix F601 ZOOM</model>
        <mount>fuji601</mount>
        <cropfactor>4.487</cropfactor>
    </camera>

    <camera>
        <maker>FUJIFILM</maker>
        <maker lang="en">Fujifilm</maker>
        <model>FinePix F810</model>
        <mount>fuji810</mount>
        <cropfactor>4.5</cropfactor>
    </camera>

    <camera>
        <maker>FUJIFILM</maker>
        <maker lang="en">Fujifilm</maker>
        <model>FinePix F810</model>
        <variant>widescreen mode</variant>
        <mount>fuji810</mount>
        <cropfactor>4.9</cropfactor>
    </camera>

    <camera>
        <maker>FUJIFILM</maker>
        <maker lang="en">Fujifilm</maker>
        <model>FinePix F710</model>
        <mount>fuji810</mount>
        <cropfactor>4.5</cropfactor>
    </camera>

    <camera>
        <maker>FUJIFILM</maker>
        <maker lang="en">Fujifilm</maker>
        <model>FinePix E550</model>
        <mount>fuji810</mount>
        <cropfactor>4.5</cropfactor>
    </camera>

    <camera>
        <maker>FUJIFILM</maker>
        <maker lang="en">Fujifilm</maker>
        <model>FinePix 3800</model>
        <mount>fuji2800</mount>
        <cropfactor>6.3333333</cropfactor>
    </camera>

    <camera>
        <maker>FUJIFILM</maker>
        <maker lang="en">Fujifilm</maker>
        <model>FinePix S304</model>
        <mount>fuji2800</mount>
        <cropfactor>6.3333333</cropfactor>
    </camera>

    <camera>
        <maker>FUJIFILM</maker>
        <maker lang="en">Fujifilm</maker>
        <model>FinePix S3000</model>
        <mount>fuji2800</mount>
        <cropfactor>6.3333333</cropfactor>
    </camera>

    <camera>
        <maker>FUJIFILM</maker>
        <maker lang="en">Fujifilm</maker>
        <model>FinePix2800ZOOM</model>
        <mount>fuji2800</mount>
        <cropfactor>6.3333333</cropfactor>
    </camera>

    <lens>
        <maker>Fuji</maker>
        <model>Standard</model>
        <mount>fujiF11</mount>
        <cropfactor>4.5</cropfactor>
        <calibration>
            <distortion model="ptlens" focal="8" a="0" b="-0.00618" c="0" />
            <distortion model="ptlens" focal="10.4" a="0" b="-0.005407" c="0" />
            <distortion model="ptlens" focal="12.2" a="0" b="-0.005171" c="0" />
            <distortion model="ptlens" focal="14.1" a="0" b="-0.004634" c="0" />
            <distortion model="ptlens" focal="16.1" a="0" b="-0.001624" c="0" />
            <distortion model="ptlens" focal="18.1" a="0" b="-0.001948" c="0" />
            <distortion model="ptlens" focal="20.1" a="0" b="-0.000215" c="0" />
            <distortion model="ptlens" focal="22.1" a="0" b="0.000376" c="0" />
            <distortion model="ptlens" focal="24" a="0" b="0" c="0" />
        </calibration>
    </lens>

    <lens>
        <maker>Fuji</maker>
        <model>Standard</model>
        <mount>fujiS9000</mount>
        <cropfactor>4.48</cropfactor>
        <calibration>
            <distortion model="ptlens" focal="6.2" a="0.022449" b="-0.05488" c="0" />
            <distortion model="ptlens" focal="7.2" a="0.014932" b="-0.036434" c="0" />
            <distortion model="ptlens" focal="8.1" a="0.006337" b="-0.018767" c="0" />
            <distortion model="ptlens" focal="9.3" a="0.005262" b="-0.0146" c="0" />
            <distortion model="ptlens" focal="10.8" a="0.005679" b="-0.011186" c="0" />
            <distortion model="ptlens" focal="12.8" a="0.004792" b="-0.00467" c="0" />
            <distortion model="ptlens" focal="17" a="0" b="0.004675" c="0" />
            <distortion model="ptlens" focal="21.6" a="0" b="0.003203" c="0" />
            <distortion model="ptlens" focal="42.6" a="0" b="0.002282" c="0" />
            <distortion model="ptlens" focal="67" a="0" b="0.003859" c="0" />
        </calibration>
    </lens>

    <lens>
        <maker>Fuji</maker>
        <model>Standard</model>
        <mount>fujiS5500</mount>
        <cropfactor>6.491</cropfactor>
        <calibration>
            <distortion model="ptlens" focal="5.7" a="0.011881" b="-0.03472" c="0" />
            <distortion model="ptlens" focal="6.7" a="0.009745" b="-0.023435" c="0" />
            <distortion model="ptlens" focal="7.5" a="0.008247" b="-0.018865" c="0" />
            <distortion model="ptlens" focal="8.4" a="0.006006" b="-0.010909" c="0" />
            <distortion model="ptlens" focal="10.7" a="0" b="0.003268" c="0" />
            <distortion model="ptlens" focal="12" a="0" b="0.002961" c="0" />
            <distortion model="ptlens" focal="13.6" a="0" b="0.00352" c="0" />
            <distortion model="ptlens" focal="17.2" a="0" b="0.002228" c="0" />
            <distortion model="ptlens" focal="19.6" a="0" b="0.002639" c="0" />
            <distortion model="ptlens" focal="25.1" a="0" b="0.003074" c="0" />
            <distortion model="ptlens" focal="31.9" a="0" b="0" c="0" />
            <distortion model="ptlens" focal="51.3" a="0" b="0" c="0" />
            <distortion model="ptlens" focal="57" a="0" b="0.002197" c="0" />
        </calibration>
    </lens>

    <lens>
        <maker>Fuji</maker>
        <model>Standard</model>
        <mount>fuji602</mount>
        <cropfactor>4.487</cropfactor>
        <calibration>
            <distortion model="ptlens" focal="7.8" a="0.00554" b="-0.018984" c="0" />
            <distortion model="ptlens" focal="10" a="0.011917" b="-0.024177" c="0" />
            <distortion model="ptlens" focal="12" a="0.012384" b="-0.016734" c="0" />
            <distortion model="ptlens" focal="14" a="0.009613" b="-0.007388" c="0" />
            <distortion model="ptlens" focal="17" a="0.004389" b="0.003994" c="0" />
            <distortion model="ptlens" focal="20" a="0.003743" b="0.004964" c="0" />
            <distortion model="ptlens" focal="24" a="0.007011" b="-0.002673" c="0" />
            <distortion model="ptlens" focal="29" a="0.009838" b="-0.008207" c="0" />
            <distortion model="ptlens" focal="38" a="0.005981" b="0.000177" c="0" />
            <distortion model="ptlens" focal="46.8" a="0.001412" b="0.009081" c="0" />
        </calibration>
    </lens>

    <lens>
        <maker>Fuji</maker>
        <model>Standard</model>
        <mount>fuji601</mount>
        <cropfactor>4.487</cropfactor>
        <calibration>
            <distortion model="ptlens" focal="8.3" a="0" b="-0.024191" c="0" />
            <distortion model="ptlens" focal="9.4" a="0" b="-0.018667" c="0" />
            <distortion model="ptlens" focal="10.6" a="0" b="-0.017396" c="0" />
            <distortion model="ptlens" focal="12" a="0" b="-0.014467" c="0" />
            <distortion model="ptlens" focal="15.3" a="0" b="-0.01029" c="0" />
            <distortion model="ptlens" focal="19.5" a="0" b="-0.008176" c="0" />
            <distortion model="ptlens" focal="24.9" a="0" b="-0.005081" c="0" />
        </calibration>
    </lens>

    <lens>
        <maker>Fuji</maker>
        <model>Standard</model>
        <mount>fuji810</mount>
        <cropfactor>4.5</cropfactor>
        <calibration>
            <distortion model="ptlens" focal="7.2" a="0.013263" b="-0.038383" c="0" />
            <distortion model="ptlens" focal="9.3" a="0" b="-0.011186" c="0" />
            <distortion model="ptlens" focal="11.9" a="0" b="-0.00645" c="0" />
            <distortion model="ptlens" focal="13.5" a="0" b="-0.003957" c="0" />
            <distortion model="ptlens" focal="16.8" a="0" b="-0.002027" c="0" />
            <distortion model="ptlens" focal="20.2" a="0" b="-0.001391" c="0" />
            <distortion model="ptlens" focal="24.5" a="0" b="-0.000731" c="0" />
            <distortion model="ptlens" focal="28.8" a="0" b="0.0005" c="0" />
        </calibration>
    </lens>

    <lens>
        <maker>Fuji</maker>
        <model>WL-FXE01 (full wide)</model>
        <mount>fuji810</mount>
        <cropfactor>4.5</cropfactor>
        <calibration>
            <distortion model="ptlens" focal="7.2" a="0.023137" b="-0.073048" c="0" />
        </calibration>
    </lens>

    <lens>
        <maker>Fuji</maker>
        <model>Standard</model>
        <mount>fuji2800</mount>
        <cropfactor>6.3333333</cropfactor>
        <calibration>
            <distortion model="ptlens" focal="6" a="0" b="0" c="-0.035" />
            <distortion model="ptlens" focal="6.1" a="0" b="0" c="-0.034364" />
            <distortion model="ptlens" focal="6.2" a="0" b="0" c="-0.033709" />
            <distortion model="ptlens" focal="6.3" a="0" b="0" c="-0.033016" />
            <distortion model="ptlens" focal="6.4" a="0" b="0" c="-0.032258" />
            <distortion model="ptlens" focal="6.5" a="0" b="0" c="-0.031404" />
            <distortion model="ptlens" focal="6.6" a="0" b="0" c="-0.030404" />
            <distortion model="ptlens" focal="6.7" a="0" b="0" c="-0.029175" />
            <distortion model="ptlens" focal="6.8" a="0" b="0" c="-0.027545" />
            <distortion model="ptlens" focal="6.9" a="0" b="0" c="-0.025" />
            <distortion model="ptlens" focal="7" a="0" b="0" c="-0.020295" />
            <distortion model="ptlens" focal="7.1" a="0" b="0" c="-0.016679" />
            <distortion model="ptlens" focal="7.2" a="0" b="0" c="-0.014386" />
            <distortion model="ptlens" focal="7.3" a="0" b="0" c="-0.012691" />
            <distortion model="ptlens" focal="7.4" a="0" b="0" c="-0.011332" />
            <distortion model="ptlens" focal="7.5" a="0" b="0" c="-0.010188" />
            <distortion model="ptlens" focal="7.6" a="0" b="0" c="-0.009196" />
            <distortion model="ptlens" focal="7.7" a="0" b="0" c="-0.00832" />
            <distortion model="ptlens" focal="7.8" a="0" b="0" c="-0.007533" />
            <distortion model="ptlens" focal="7.9" a="0" b="0" c="-0.006818" />
            <distortion model="ptlens" focal="8" a="0" b="0" c="-0.006164" />
            <distortion model="ptlens" focal="8.1" a="0" b="0" c="-0.00556" />
            <distortion model="ptlens" focal="8.2" a="0" b="0" c="-0.005" />
            <distortion model="ptlens" focal="8.3" a="0" b="0" c="-0.004477" />
            <distortion model="ptlens" focal="8.4" a="0" b="0" c="-0.003986" />
            <distortion model="ptlens" focal="8.5" a="0" b="0" c="-0.00352" />
            <distortion model="ptlens" focal="8.6" a="0" b="0" c="-0.003077" />
            <distortion model="ptlens" focal="8.7" a="0" b="0" c="-0.002652" />
            <distortion model="ptlens" focal="8.8" a="0" b="0" c="-0.002245" />
            <distortion model="ptlens" focal="8.9" a="0" b="0" c="-0.001852" />
            <distortion model="ptlens" focal="9" a="0" b="0" c="-0.001473" />
            <distortion model="ptlens" focal="9.1" a="0" b="0" c="-0.001106" />
            <distortion model="ptlens" focal="9.2" a="0" b="0" c="-0.000749" />
            <distortion model="ptlens" focal="9.3" a="0" b="0" c="-0.000403" />
            <distortion model="ptlens" focal="9.4" a="0" b="0" c="-6.5e-05" />
            <distortion model="ptlens" focal="9.5" a="0" b="0" c="0.000263" />
            <distortion model="ptlens" focal="9.6" a="0" b="0" c="0.000585" />
            <distortion model="ptlens" focal="9.7" a="0" b="0" c="0.000898" />
            <distortion model="ptlens" focal="9.8" a="0" b="0" c="0.001206" />
            <distortion model="ptlens" focal="9.9" a="0" b="0" c="0.001506" />
            <distortion model="ptlens" focal="10" a="0" b="0" c="0.001801" />
            <distortion model="ptlens" focal="10.1" a="0" b="0" c="0.00209" />
            <distortion model="ptlens" focal="10.2" a="0" b="0" c="0.002375" />
            <distortion model="ptlens" focal="10.3" a="0" b="0" c="0.002654" />
            <distortion model="ptlens" focal="10.4" a="0" b="0" c="0.002928" />
            <distortion model="ptlens" focal="10.5" a="0" b="0" c="0.003198" />
            <distortion model="ptlens" focal="10.6" a="0" b="0" c="0.003464" />
            <distortion model="ptlens" focal="10.7" a="0" b="0" c="0.003725" />
            <distortion model="ptlens" focal="10.8" a="0" b="0" c="0.003983" />
            <distortion model="ptlens" focal="10.9" a="0" b="0" c="0.004237" />
            <distortion model="ptlens" focal="11" a="0" b="0" c="0.004488" />
            <distortion model="ptlens" focal="11.1" a="0" b="0" c="0.004736" />
            <distortion model="ptlens" focal="11.2" a="0" b="0" c="0.00498" />
            <distortion model="ptlens" focal="11.3" a="0" b="0" c="0.005221" />
            <distortion model="ptlens" focal="11.4" a="0" b="0" c="0.00546" />
            <distortion model="ptlens" focal="11.5" a="0" b="0" c="0.005696" />
            <distortion model="ptlens" focal="11.6" a="0" b="0" c="0.005929" />
            <distortion model="ptlens" focal="11.7" a="0" b="0" c="0.006159" />
            <distortion model="ptlens" focal="11.8" a="0" b="0" c="0.006387" />
            <distortion model="ptlens" focal="11.9" a="0" b="0" c="0.006613" />
            <distortion model="ptlens" focal="12" a="0" b="0" c="0.006837" />
            <distortion model="ptlens" focal="12.1" a="0" b="0" c="0.007059" />
            <distortion model="ptlens" focal="12.2" a="0" b="0" c="0.007279" />
            <distortion model="ptlens" focal="12.3" a="0" b="0" c="0.007498" />
            <distortion model="ptlens" focal="12.4" a="0" b="0" c="0.007715" />
            <distortion model="ptlens" focal="12.5" a="0" b="0" c="0.007931" />
            <distortion model="ptlens" focal="12.6" a="0" b="0" c="0.008145" />
            <distortion model="ptlens" focal="12.7" a="0" b="0" c="0.008359" />
            <distortion model="ptlens" focal="12.8" a="0" b="0" c="0.008572" />
            <distortion model="ptlens" focal="12.9" a="0" b="0" c="0.008786" />
            <distortion model="ptlens" focal="13" a="0" b="0" c="0.009" />
            <distortion model="ptlens" focal="13.1" a="0" b="0" c="0.009216" />
            <distortion model="ptlens" focal="13.2" a="0" b="0" c="0.009434" />
            <distortion model="ptlens" focal="13.3" a="0" b="0" c="0.009656" />
            <distortion model="ptlens" focal="13.4" a="0" b="0" c="0.009882" />
            <distortion model="ptlens" focal="13.5" a="0" b="0" c="0.010114" />
            <distortion model="ptlens" focal="13.6" a="0" b="0" c="0.010357" />
            <distortion model="ptlens" focal="13.7" a="0" b="0" c="0.01062" />
            <distortion model="ptlens" focal="13.8" a="0" b="0" c="0.010921" />
            <distortion model="ptlens" focal="13.9" a="0" b="0" c="0.011236" />
            <distortion model="ptlens" focal="14" a="0" b="0" c="0.011512" />
            <distortion model="ptlens" focal="14.1" a="0" b="0" c="0.011762" />
            <distortion model="ptlens" focal="14.2" a="0" b="0" c="0.012" />
            <distortion model="ptlens" focal="14.3" a="0" b="0" c="0.01223" />
            <distortion model="ptlens" focal="14.4" a="0" b="0" c="0.012454" />
            <distortion model="ptlens" focal="14.5" a="0" b="0" c="0.012673" />
            <distortion model="ptlens" focal="14.6" a="0" b="0" c="0.012888" />
            <distortion model="ptlens" focal="14.7" a="0" b="0" c="0.013098" />
            <distortion model="ptlens" focal="14.8" a="0" b="0" c="0.013304" />
            <distortion model="ptlens" focal="14.9" a="0" b="0" c="0.013507" />
            <distortion model="ptlens" focal="15" a="0" b="0" c="0.013706" />
            <distortion model="ptlens" focal="15.1" a="0" b="0" c="0.013902" />
            <distortion model="ptlens" focal="15.2" a="0" b="0" c="0.014094" />
            <distortion model="ptlens" focal="15.3" a="0" b="0" c="0.014283" />
            <distortion model="ptlens" focal="15.4" a="0" b="0" c="0.014469" />
            <distortion model="ptlens" focal="15.5" a="0" b="0" c="0.014652" />
            <distortion model="ptlens" focal="15.6" a="0" b="0" c="0.014832" />
            <distortion model="ptlens" focal="15.7" a="0" b="0" c="0.01501" />
            <distortion model="ptlens" focal="15.8" a="0" b="0" c="0.015184" />
            <distortion model="ptlens" focal="15.9" a="0" b="0" c="0.015355" />
            <distortion model="ptlens" focal="16" a="0" b="0" c="0.015524" />
            <distortion model="ptlens" focal="16.1" a="0" b="0" c="0.01569" />
            <distortion model="ptlens" focal="16.2" a="0" b="0" c="0.015853" />
            <distortion model="ptlens" focal="16.3" a="0" b="0" c="0.016014" />
            <distortion model="ptlens" focal="16.4" a="0" b="0" c="0.016172" />
            <distortion model="ptlens" focal="16.5" a="0" b="0" c="0.016327" />
            <distortion model="ptlens" focal="16.6" a="0" b="0" c="0.016479" />
            <distortion model="ptlens" focal="16.7" a="0" b="0" c="0.016629" />
            <distortion model="ptlens" focal="16.8" a="0" b="0" c="0.016777" />
            <distortion model="ptlens" focal="16.9" a="0" b="0" c="0.016922" />
            <distortion model="ptlens" focal="17" a="0" b="0" c="0.017064" />
            <distortion model="ptlens" focal="17.1" a="0" b="0" c="0.017204" />
            <distortion model="ptlens" focal="17.2" a="0" b="0" c="0.017341" />
            <distortion model="ptlens" focal="17.3" a="0" b="0" c="0.017476" />
            <distortion model="ptlens" focal="17.4" a="0" b="0" c="0.017608" />
            <distortion model="ptlens" focal="17.5" a="0" b="0" c="0.017738" />
            <distortion model="ptlens" focal="17.6" a="0" b="0" c="0.017865" />
            <distortion model="ptlens" focal="17.7" a="0" b="0" c="0.017989" />
            <distortion model="ptlens" focal="17.8" a="0" b="0" c="0.018112" />
            <distortion model="ptlens" focal="17.9" a="0" b="0" c="0.018231" />
            <distortion model="ptlens" focal="18" a="0" b="0" c="0.018349" />
            <distortion model="ptlens" focal="18.1" a="0" b="0" c="0.018463" />
            <distortion model="ptlens" focal="18.2" a="0" b="0" c="0.018576" />
            <distortion model="ptlens" focal="18.3" a="0" b="0" c="0.018685" />
            <distortion model="ptlens" focal="18.4" a="0" b="0" c="0.018793" />
            <distortion model="ptlens" focal="18.5" a="0" b="0" c="0.018898" />
            <distortion model="ptlens" focal="18.6" a="0" b="0" c="0.019" />
            <distortion model="ptlens" focal="18.7" a="0" b="0" c="0.0191" />
            <distortion model="ptlens" focal="18.8" a="0" b="0" c="0.019197" />
            <distortion model="ptlens" focal="18.9" a="0" b="0" c="0.019293" />
            <distortion model="ptlens" focal="19" a="0" b="0" c="0.019386" />
            <distortion model="ptlens" focal="19.1" a="0" b="0" c="0.019476" />
            <distortion model="ptlens" focal="19.2" a="0" b="0" c="0.019565" />
            <distortion model="ptlens" focal="19.3" a="0" b="0" c="0.019652" />
            <distortion model="ptlens" focal="19.4" a="0" b="0" c="0.019737" />
            <distortion model="ptlens" focal="19.5" a="0" b="0" c="0.019819" />
            <distortion model="ptlens" focal="19.6" a="0" b="0" c="0.0199" />
            <distortion model="ptlens" focal="19.7" a="0" b="0" c="0.019979" />
            <distortion model="ptlens" focal="19.8" a="0" b="0" c="0.020057" />
            <distortion model="ptlens" focal="19.9" a="0" b="0" c="0.020133" />
            <distortion model="ptlens" focal="20" a="0" b="0" c="0.020207" />
            <distortion model="ptlens" focal="20.1" a="0" b="0" c="0.020279" />
            <distortion model="ptlens" focal="20.2" a="0" b="0" c="0.02035" />
            <distortion model="ptlens" focal="20.3" a="0" b="0" c="0.02042" />
            <distortion model="ptlens" focal="20.4" a="0" b="0" c="0.020488" />
            <distortion model="ptlens" focal="20.5" a="0" b="0" c="0.020554" />
            <distortion model="ptlens" focal="20.6" a="0" b="0" c="0.02062" />
            <distortion model="ptlens" focal="20.7" a="0" b="0" c="0.020684" />
            <distortion model="ptlens" focal="20.8" a="0" b="0" c="0.020746" />
            <distortion model="ptlens" focal="20.9" a="0" b="0" c="0.020808" />
            <distortion model="ptlens" focal="21" a="0" b="0" c="0.020868" />
            <distortion model="ptlens" focal="21.1" a="0" b="0" c="0.020927" />
            <distortion model="ptlens" focal="21.2" a="0" b="0" c="0.020985" />
            <distortion model="ptlens" focal="21.3" a="0" b="0" c="0.021041" />
            <distortion model="ptlens" focal="21.4" a="0" b="0" c="0.021097" />
            <distortion model="ptlens" focal="21.5" a="0" b="0" c="0.021151" />
            <distortion model="ptlens" focal="21.6" a="0" b="0" c="0.021205" />
            <distortion model="ptlens" focal="21.7" a="0" b="0" c="0.021257" />
            <distortion model="ptlens" focal="21.8" a="0" b="0" c="0.021309" />
            <distortion model="ptlens" focal="21.9" a="0" b="0" c="0.021359" />
            <distortion model="ptlens" focal="22" a="0" b="0" c="0.021409" />
            <distortion model="ptlens" focal="22.1" a="0" b="0" c="0.021458" />
            <distortion model="ptlens" focal="22.2" a="0" b="0" c="0.021505" />
            <distortion model="ptlens" focal="22.3" a="0" b="0" c="0.021552" />
            <distortion model="ptlens" focal="22.4" a="0" b="0" c="0.021599" />
            <distortion model="ptlens" focal="22.5" a="0" b="0" c="0.021644" />
            <distortion model="ptlens" focal="22.6" a="0" b="0" c="0.021688" />
            <distortion model="ptlens" focal="22.7" a="0" b="0" c="0.021732" />
            <distortion model="ptlens" focal="22.8" a="0" b="0" c="0.021775" />
            <distortion model="ptlens" focal="22.9" a="0" b="0" c="0.021818" />
            <distortion model="ptlens" focal="23" a="0" b="0" c="0.021859" />
            <distortion model="ptlens" focal="23.1" a="0" b="0" c="0.0219" />
            <distortion model="ptlens" focal="23.2" a="0" b="0" c="0.02194" />
            <distortion model="ptlens" focal="23.3" a="0" b="0" c="0.02198" />
            <distortion model="ptlens" focal="23.4" a="0" b="0" c="0.022019" />
            <distortion model="ptlens" focal="23.5" a="0" b="0" c="0.022057" />
            <distortion model="ptlens" focal="23.6" a="0" b="0" c="0.022095" />
            <distortion model="ptlens" focal="23.7" a="0" b="0" c="0.022132" />
            <distortion model="ptlens" focal="23.8" a="0" b="0" c="0.022169" />
            <distortion model="ptlens" focal="23.9" a="0" b="0" c="0.022205" />
            <distortion model="ptlens" focal="24" a="0" b="0" c="0.022241" />
            <distortion model="ptlens" focal="24.1" a="0" b="0" c="0.022276" />
            <distortion model="ptlens" focal="24.2" a="0" b="0" c="0.02231" />
            <distortion model="ptlens" focal="24.3" a="0" b="0" c="0.022344" />
            <distortion model="ptlens" focal="24.4" a="0" b="0" c="0.022378" />
            <distortion model="ptlens" focal="24.5" a="0" b="0" c="0.022411" />
            <distortion model="ptlens" focal="24.6" a="0" b="0" c="0.022444" />
            <distortion model="ptlens" focal="24.7" a="0" b="0" c="0.022476" />
            <distortion model="ptlens" focal="24.8" a="0" b="0" c="0.022508" />
            <distortion model="ptlens" focal="24.9" a="0" b="0" c="0.02254" />
            <distortion model="ptlens" focal="25" a="0" b="0" c="0.022571" />
            <distortion model="ptlens" focal="25.1" a="0" b="0" c="0.022602" />
            <distortion model="ptlens" focal="25.2" a="0" b="0" c="0.022632" />
            <distortion model="ptlens" focal="25.3" a="0" b="0" c="0.022662" />
            <distortion model="ptlens" focal="25.4" a="0" b="0" c="0.022692" />
            <distortion model="ptlens" focal="25.5" a="0" b="0" c="0.022721" />
            <distortion model="ptlens" focal="25.6" a="0" b="0" c="0.02275" />
            <distortion model="ptlens" focal="25.7" a="0" b="0" c="0.022779" />
            <distortion model="ptlens" focal="25.8" a="0" b="0" c="0.022808" />
            <distortion model="ptlens" focal="25.9" a="0" b="0" c="0.022836" />
            <distortion model="ptlens" focal="26" a="0" b="0" c="0.022864" />
            <distortion model="ptlens" focal="26.1" a="0" b="0" c="0.022891" />
            <distortion model="ptlens" focal="26.2" a="0" b="0" c="0.022919" />
            <distortion model="ptlens" focal="26.3" a="0" b="0" c="0.022946" />
            <distortion model="ptlens" focal="26.4" a="0" b="0" c="0.022973" />
            <distortion model="ptlens" focal="26.5" a="0" b="0" c="0.023" />
            <distortion model="ptlens" focal="26.6" a="0" b="0" c="0.023027" />
            <distortion model="ptlens" focal="26.7" a="0" b="0" c="0.023053" />
            <distortion model="ptlens" focal="26.8" a="0" b="0" c="0.023079" />
            <distortion model="ptlens" focal="26.9" a="0" b="0" c="0.023105" />
            <distortion model="ptlens" focal="27" a="0" b="0" c="0.023131" />
            <distortion model="ptlens" focal="27.1" a="0" b="0" c="0.023157" />
            <distortion model="ptlens" focal="27.2" a="0" b="0" c="0.023182" />
            <distortion model="ptlens" focal="27.3" a="0" b="0" c="0.023208" />
            <distortion model="ptlens" focal="27.4" a="0" b="0" c="0.023233" />
            <distortion model="ptlens" focal="27.5" a="0" b="0" c="0.023258" />
            <distortion model="ptlens" focal="27.6" a="0" b="0" c="0.023282" />
            <distortion model="ptlens" focal="27.7" a="0" b="0" c="0.023307" />
            <distortion model="ptlens" focal="27.8" a="0" b="0" c="0.023331" />
            <distortion model="ptlens" focal="27.9" a="0" b="0" c="0.023356" />
            <distortion model="ptlens" focal="28" a="0" b="0" c="0.02338" />
            <distortion model="ptlens" focal="28.1" a="0" b="0" c="0.023404" />
            <distortion model="ptlens" focal="28.2" a="0" b="0" c="0.023428" />
            <distortion model="ptlens" focal="28.3" a="0" b="0" c="0.023451" />
            <distortion model="ptlens" focal="28.4" a="0" b="0" c="0.023475" />
            <distortion model="ptlens" focal="28.5" a="0" b="0" c="0.023498" />
            <distortion model="ptlens" focal="28.6" a="0" b="0" c="0.023522" />
            <distortion model="ptlens" focal="28.7" a="0" b="0" c="0.023545" />
            <distortion model="ptlens" focal="28.8" a="0" b="0" c="0.023568" />
            <distortion model="ptlens" focal="28.9" a="0" b="0" c="0.023591" />
            <distortion model="ptlens" focal="29" a="0" b="0" c="0.023613" />
            <distortion model="ptlens" focal="29.1" a="0" b="0" c="0.023636" />
            <distortion model="ptlens" focal="29.2" a="0" b="0" c="0.023658" />
            <distortion model="ptlens" focal="29.3" a="0" b="0" c="0.023681" />
            <distortion model="ptlens" focal="29.4" a="0" b="0" c="0.023703" />
            <distortion model="ptlens" focal="29.5" a="0" b="0" c="0.023725" />
            <distortion model="ptlens" focal="29.6" a="0" b="0" c="0.023747" />
            <distortion model="ptlens" focal="29.7" a="0" b="0" c="0.023769" />
            <distortion model="ptlens" focal="29.8" a="0" b="0" c="0.02379" />
            <distortion model="ptlens" focal="29.9" a="0" b="0" c="0.023812" />
            <distortion model="ptlens" focal="30" a="0" b="0" c="0.023834" />
            <distortion model="ptlens" focal="30.1" a="0" b="0" c="0.023855" />
            <distortion model="ptlens" focal="30.2" a="0" b="0" c="0.023876" />
            <distortion model="ptlens" focal="30.3" a="0" b="0" c="0.023898" />
            <distortion model="ptlens" focal="30.4" a="0" b="0" c="0.023919" />
            <distortion model="ptlens" focal="30.5" a="0" b="0" c="0.02394" />
            <distortion model="ptlens" focal="30.6" a="0" b="0" c="0.023961" />
            <distortion model="ptlens" focal="30.7" a="0" b="0" c="0.023981" />
            <distortion model="ptlens" focal="30.8" a="0" b="0" c="0.024002" />
            <distortion model="ptlens" focal="30.9" a="0" b="0" c="0.024023" />
            <distortion model="ptlens" focal="31" a="0" b="0" c="0.024043" />
            <distortion model="ptlens" focal="31.1" a="0" b="0" c="0.024064" />
            <distortion model="ptlens" focal="31.2" a="0" b="0" c="0.024084" />
            <distortion model="ptlens" focal="31.3" a="0" b="0" c="0.024105" />
            <distortion model="ptlens" focal="31.4" a="0" b="0" c="0.024125" />
            <distortion model="ptlens" focal="31.5" a="0" b="0" c="0.024145" />
            <distortion model="ptlens" focal="31.6" a="0" b="0" c="0.024165" />
            <distortion model="ptlens" focal="31.7" a="0" b="0" c="0.024185" />
            <distortion model="ptlens" focal="31.8" a="0" b="0" c="0.024205" />
            <distortion model="ptlens" focal="31.9" a="0" b="0" c="0.024225" />
            <distortion model="ptlens" focal="32" a="0" b="0" c="0.024245" />
            <distortion model="ptlens" focal="32.1" a="0" b="0" c="0.024264" />
            <distortion model="ptlens" focal="32.2" a="0" b="0" c="0.024284" />
            <distortion model="ptlens" focal="32.3" a="0" b="0" c="0.024304" />
            <distortion model="ptlens" focal="32.4" a="0" b="0" c="0.024323" />
            <distortion model="ptlens" focal="32.5" a="0" b="0" c="0.024343" />
            <distortion model="ptlens" focal="32.6" a="0" b="0" c="0.024362" />
            <distortion model="ptlens" focal="32.7" a="0" b="0" c="0.024381" />
            <distortion model="ptlens" focal="32.8" a="0" b="0" c="0.024401" />
            <distortion model="ptlens" focal="32.9" a="0" b="0" c="0.02442" />
            <distortion model="ptlens" focal="33" a="0" b="0" c="0.024439" />
            <distortion model="ptlens" focal="33.1" a="0" b="0" c="0.024458" />
            <distortion model="ptlens" focal="33.2" a="0" b="0" c="0.024477" />
            <distortion model="ptlens" focal="33.3" a="0" b="0" c="0.024497" />
            <distortion model="ptlens" focal="33.4" a="0" b="0" c="0.024516" />
            <distortion model="ptlens" focal="33.5" a="0" b="0" c="0.024534" />
            <distortion model="ptlens" focal="33.6" a="0" b="0" c="0.024553" />
            <distortion model="ptlens" focal="33.7" a="0" b="0" c="0.024572" />
            <distortion model="ptlens" focal="33.8" a="0" b="0" c="0.024591" />
            <distortion model="ptlens" focal="33.9" a="0" b="0" c="0.02461" />
            <distortion model="ptlens" focal="34" a="0" b="0" c="0.024629" />
            <distortion model="ptlens" focal="34.1" a="0" b="0" c="0.024648" />
            <distortion model="ptlens" focal="34.2" a="0" b="0" c="0.024666" />
            <distortion model="ptlens" focal="34.3" a="0" b="0" c="0.024685" />
            <distortion model="ptlens" focal="34.4" a="0" b="0" c="0.024704" />
            <distortion model="ptlens" focal="34.5" a="0" b="0" c="0.024722" />
            <distortion model="ptlens" focal="34.6" a="0" b="0" c="0.024741" />
            <distortion model="ptlens" focal="34.7" a="0" b="0" c="0.02476" />
            <distortion model="ptlens" focal="34.8" a="0" b="0" c="0.024778" />
            <distortion model="ptlens" focal="34.9" a="0" b="0" c="0.024797" />
            <distortion model="ptlens" focal="35" a="0" b="0" c="0.024815" />
            <distortion model="ptlens" focal="35.1" a="0" b="0" c="0.024834" />
            <distortion model="ptlens" focal="35.2" a="0" b="0" c="0.024852" />
            <distortion model="ptlens" focal="35.3" a="0" b="0" c="0.024871" />
            <distortion model="ptlens" focal="35.4" a="0" b="0" c="0.024889" />
            <distortion model="ptlens" focal="35.5" a="0" b="0" c="0.024908" />
            <distortion model="ptlens" focal="35.6" a="0" b="0" c="0.024926" />
            <distortion model="ptlens" focal="35.7" a="0" b="0" c="0.024945" />
            <distortion model="ptlens" focal="35.8" a="0" b="0" c="0.024963" />
            <distortion model="ptlens" focal="35.9" a="0" b="0" c="0.024982" />
            <distortion model="ptlens" focal="36" a="0" b="0" c="0.025" />
        </calibration>
    </lens>

</lensdatabase>
