<lensdatabase>

    <mount>
        <name>panasonicFZ10</name>
        <compat>Generic</compat>
    </mount>

    <mount>
        <name>panasonicFX7</name>
        <compat>Generic</compat>
    </mount>

    <mount>
        <name>panasonicLX1</name>
        <compat>Generic</compat>
    </mount>

    <mount>
        <name>panasonicLX3</name>
        <compat>Generic</compat>
    </mount>

    <mount>
        <name>panasonicFZ30</name>
        <compat>Generic</compat>
    </mount>

    <mount>
        <name>panasonicLZ2</name>
        <compat>Generic</compat>
    </mount>

    <mount>
        <name>panasonicFZ5</name>
        <compat>Generic</compat>
    </mount>

    <mount>
        <name>panasonicFZ3</name>
        <compat>Generic</compat>
    </mount>

    <mount>
        <name>panasonicFZ28</name>
        <compat>Generic</compat>
    </mount>

    <mount>
        <name>panasonicFX150</name>
        <compat>Generic</compat>
    </mount>

    <mount>
        <name>panasonicDMCGH1</name>
        <compat>Generic</compat>
    </mount>

    <mount>
        <name>panasonicDMCL10</name>
        <compat>Generic</compat>
    </mount>

    <mount>
        <name>panasonicDMCLX2</name>
        <compat>Generic</compat>
    </mount>

    <mount>
        <name>panasonicDMCFZ18</name>
        <compat>Generic</compat>
    </mount>

    <mount>
        <name>panasonicDMCFZ35</name>
        <compat>Generic</compat>
    </mount>

    <mount>
        <name>panasonicDMCFZ50</name>
        <compat>Generic</compat>
    </mount>

    <mount>
        <name>panasonicDMCFZ8</name>
        <compat>Generic</compat>
    </mount>

    <camera>
        <maker>Panasonic</maker>
        <model>DMC-LX1</model>
        <variant>16:9</variant>
        <mount>panasonicLX1</mount>
        <cropfactor>4.45</cropfactor>
    </camera>

    <camera>
        <maker>Panasonic</maker>
        <model>DMC-LX3</model>
        <variant>16:9</variant>
        <variant>4:3</variant>
        <mount>panasonicLX3</mount>
        <cropfactor>4.33</cropfactor>
    </camera>

    <camera>
        <maker>Panasonic</maker>
        <model>DMC-LC1</model>
        <mount>leicaDigilux2</mount>
        <cropfactor>3.933</cropfactor>
    </camera>

    <camera>
        <maker>Panasonic</maker>
        <model>DMC-LZ2</model>
        <mount>panasonicLZ2</mount>
        <cropfactor>6.06</cropfactor>
    </camera>

    <camera>
        <maker>Panasonic</maker>
        <model>DMC-LZ1</model>
        <mount>panasonicLZ2</mount>
        <cropfactor>6.06</cropfactor>
    </camera>

    <camera>
        <maker>Panasonic</maker>
        <model>DMC-FX9</model>
        <mount>panasonicFX7</mount>
        <cropfactor>6.05</cropfactor>
    </camera>

    <camera>
        <maker>Panasonic</maker>
        <model>DMC-FX8</model>
        <mount>panasonicFX7</mount>
        <cropfactor>6.05</cropfactor>
    </camera>

    <camera>
        <maker>Panasonic</maker>
        <model>DMC-FX7</model>
        <mount>panasonicFX7</mount>
        <cropfactor>6.05</cropfactor>
    </camera>

    <camera>
        <maker>Panasonic</maker>
        <model>DMC-FX2</model>
        <mount>panasonicFX7</mount>
        <cropfactor>6.05</cropfactor>
    </camera>

    <camera>
        <maker>Panasonic</maker>
        <model>DMC-FZ30</model>
        <mount>panasonicFZ30</mount>
        <cropfactor>4.73</cropfactor>
    </camera>

    <camera>
        <maker>Panasonic</maker>
        <model>DMC-FZ20</model>
        <mount>panasonicFZ10</mount>
        <cropfactor>6.0</cropfactor>
    </camera>

    <camera>
        <maker>Panasonic</maker>
        <model>DMC-FZ10</model>
        <mount>panasonicFZ10</mount>
        <cropfactor>5.84</cropfactor>
    </camera>

    <camera>
        <maker>Panasonic</maker>
        <model>DMC-FZ5</model>
        <mount>panasonicFZ5</mount>
        <cropfactor>6.0</cropfactor>
    </camera>

    <camera>
        <maker>Panasonic</maker>
        <model>DMC-FZ3</model>
        <mount>panasonicFZ3</mount>
        <cropfactor>7.6</cropfactor>
    </camera>

    <camera>
        <maker>Panasonic</maker>
        <model>DMC-FZ28</model>
        <mount>panasonicFZ28</mount>
        <cropfactor>5.6</cropfactor>
    </camera>

    <camera>
        <maker>Panasonic</maker>
        <model>DMC-FX150</model>
        <mount>panasonicFX150</mount>
        <cropfactor>4.7</cropfactor>
    </camera>

    <camera>
        <maker>Panasonic</maker>
        <model>DMC-GH1</model>
        <mount>panasonicDMCGH1</mount>
        <cropfactor>2.0</cropfactor>
    </camera>

    <camera>
        <maker>Panasonic</maker>
        <model>DMC-L10</model>
        <mount>panasonicDMCL10</mount>
        <cropfactor>2.0</cropfactor>
    </camera>

    <camera>
        <maker>Panasonic</maker>
        <model>DMC-LX2</model>
        <mount>panasonicDMCLX2</mount>
        <cropfactor>4.44</cropfactor>
    </camera>

    <camera>
        <maker>Panasonic</maker>
        <model>DMC-FZ18</model>
        <mount>panasonicDMCFZ18</mount>
        <cropfactor>6.1</cropfactor>
    </camera>

    <camera>
        <maker>Panasonic</maker>
        <model>DMC-FZ35</model>
        <mount>panasonicDMCFZ35</mount>
        <cropfactor>5.6</cropfactor>
    </camera>

    <camera>
        <maker>Panasonic</maker>
        <model>DMC-FZ50</model>
        <mount>panasonicDMCFZ50</mount>
        <cropfactor>4.84</cropfactor>
    </camera>

    <camera>
        <maker>Panasonic</maker>
        <model>DMC-FZ8</model>
        <mount>panasonicDMCFZ8</mount>
        <cropfactor>6.02</cropfactor>
    </camera>

    <lens>
        <maker>Leica</maker>
        <model>Standard</model>
        <mount>panasonicLX1</mount>
        <cropfactor>4.45</cropfactor>
        <calibration>
            <distortion model="ptlens" focal="6.3" a="0.007252" b="-0.024439" c="0" />
            <distortion model="ptlens" focal="6.7" a="0.005478" b="-0.019975" c="0" />
            <distortion model="ptlens" focal="7.5" a="0.003453" b="-0.012092" c="0" />
            <distortion model="ptlens" focal="9.3" a="0" b="-0.000134" c="0" />
            <distortion model="ptlens" focal="10.8" a="0" b="0.001701" c="0" />
            <distortion model="ptlens" focal="14.4" a="0" b="0.003043" c="0" />
            <distortion model="ptlens" focal="19.2" a="0" b="0.00316" c="0" />
            <distortion model="ptlens" focal="23.2" a="0" b="0.003386" c="0" />
            <distortion model="ptlens" focal="25.2" a="0" b="0.003557" c="0" />
        </calibration>
    </lens>

    <lens>
        <maker>Leica</maker>
        <model>Standard</model>
        <mount>panasonicLX3</mount>
        <cropfactor>4.33</cropfactor>
        <calibration>
            <distortion model="ptlens" focal="5.1"   a="0.0053"   b="-0.0382" c="0" />
            <distortion model="ptlens" focal="5.4"   a="0.002"    b="-0.027"  c="-0.005" />
            <distortion model="ptlens" focal="5.9"   a="0.001"    b="-0.022"  c="-0.004" />
            <distortion model="ptlens" focal="6.3"   a="0.0007"   b="-0.021"  c="-0.001" />
            <distortion model="ptlens" focal="6.8"   a="0.0007"   b="-0.018"  c="0" />
            <distortion model="ptlens" focal="7.4"   a="0.0005"   b="-0.014"  c="0" />
            <distortion model="ptlens" focal="7.9"   a="0.00031"  b="-0.013"  c="0" />
            <distortion model="ptlens" focal="8.8"   a="0.00007"  b="-0.01"   c="0" />
            <distortion model="ptlens" focal="9.3"   a="0.00007"  b="-0.0087" c="0" />
            <distortion model="ptlens" focal="10.2"  a="0.00007"  b="-0.0082" c="0" />
            <distortion model="ptlens" focal="11.1"  a="0.00006"  b="-0.0076" c="0" />
            <distortion model="ptlens" focal="12.1"  a="0.00005"  b="-0.0059" c="0" />
            <distortion model="ptlens" focal="12.8" a="-0.00002"  b="-0.0058" c="0" />
        </calibration>
    </lens>

    <lens>
        <maker>Leica</maker>
        <model>Standard</model>
        <mount>panasonicLZ2</mount>
        <cropfactor>6.06</cropfactor>
        <calibration>
            <distortion model="ptlens" focal="6.1" a="0.018339" b="-0.048901" c="0" />
            <distortion model="ptlens" focal="7" a="0.011425" b="-0.029522" c="0" />
            <distortion model="ptlens" focal="7.9" a="0.010736" b="-0.024495" c="0" />
            <distortion model="ptlens" focal="8.9" a="0.007669" b="-0.016263" c="0" />
            <distortion model="ptlens" focal="11.4" a="0" b="0.00068" c="0" />
            <distortion model="ptlens" focal="16.1" a="0" b="0.00105" c="0" />
            <distortion model="ptlens" focal="22.7" a="0" b="0.001032" c="0" />
            <distortion model="ptlens" focal="27.6" a="0" b="0" c="0" />
            <distortion model="ptlens" focal="36.6" a="0" b="0" c="0" />
        </calibration>
    </lens>

    <lens>
        <maker>Leica</maker>
        <model>Standard</model>
        <mount>panasonicFX7</mount>
        <cropfactor>6.05</cropfactor>
        <calibration>
            <distortion model="ptlens" focal="5.8" a="0.004918" b="-0.016726" c="0" />
            <distortion model="ptlens" focal="8.5" a="0.003428" b="-0.010885" c="0" />
            <distortion model="ptlens" focal="10.1" a="0" b="-0.001831" c="0" />
            <distortion model="ptlens" focal="12.3" a="0" b="0.000183" c="0" />
            <distortion model="ptlens" focal="14" a="0" b="0.000416" c="0" />
            <distortion model="ptlens" focal="16.1" a="0" b="0.001765" c="0" />
            <distortion model="ptlens" focal="17.4" a="0" b="0.001235" c="0" />
        </calibration>
    </lens>

    <lens>
        <maker>Leica</maker>
        <model>Standard</model>
        <mount>panasonicFZ30</mount>
        <cropfactor>4.73</cropfactor>
        <calibration>
            <distortion model="ptlens" focal="7.4" a="0.014174" b="-0.039301" c="0" />
            <distortion model="ptlens" focal="8.9" a="0.011806" b="-0.025518" c="0" />
            <distortion model="ptlens" focal="10.9" a="0.005042" b="-0.008641" c="0" />
            <distortion model="ptlens" focal="15.1" a="0" b="0.002124" c="0" />
            <distortion model="ptlens" focal="21.7" a="0" b="0.001727" c="0" />
            <distortion model="ptlens" focal="31.8" a="0" b="-0.00058" c="0" />
            <distortion model="ptlens" focal="50.7" a="0" b="-0.002237" c="0" />
            <distortion model="ptlens" focal="63.9" a="0" b="-0.001695" c="0" />
            <distortion model="ptlens" focal="77.7" a="0" b="-0.001747" c="0" />
            <distortion model="ptlens" focal="88.8" a="0" b="-0.001182" c="0" />
        </calibration>
    </lens>

    <lens>
        <maker>Leica</maker>
        <model>Standard</model>
        <mount>panasonicFZ10</mount>
        <cropfactor>5.84</cropfactor>
        <calibration>
            <distortion model="ptlens" focal="6" a="0.015495" b="-0.046197" c="0" />
            <distortion model="ptlens" focal="7" a="0.014175" b="-0.026853" c="0" />
            <distortion model="ptlens" focal="12" a="0.00511" b="0.000522" c="0" />
            <distortion model="ptlens" focal="21.1" a="0" b="0.003946" c="0" />
            <distortion model="ptlens" focal="37.6" a="0" b="0.000939" c="0" />
            <distortion model="ptlens" focal="47.1" a="0" b="0.00102" c="0" />
            <distortion model="ptlens" focal="56.1" a="0" b="0.00117" c="0" />
            <distortion model="ptlens" focal="72" a="0" b="0.001308" c="0" />
        </calibration>
    </lens>

    <lens>
        <maker>Leica</maker>
        <model>Standard</model>
        <mount>panasonicFZ5</mount>
        <cropfactor>6.0</cropfactor>
        <calibration>
            <distortion model="ptlens" focal="6" a="0.007805" b="-0.026346" c="0" />
            <distortion model="ptlens" focal="7.7" a="0.008566" b="-0.017707" c="0" />
            <distortion model="ptlens" focal="9.5" a="0" b="0.003184" c="0" />
            <distortion model="ptlens" focal="13.4" a="0.000617" b="0.002603" c="0" />
            <distortion model="ptlens" focal="26.8" a="0" b="0.001" c="0" />
            <distortion model="ptlens" focal="51.8" a="0" b="0.001249" c="0" />
            <distortion model="ptlens" focal="63.3" a="0" b="0.003277" c="0" />
            <distortion model="ptlens" focal="72" a="0" b="0.004148" c="0" />
        </calibration>
    </lens>

    <lens>
        <maker>Leica</maker>
        <model>Standard</model>
        <mount>panasonicFZ3</mount>
        <cropfactor>7.6</cropfactor>
        <calibration>
            <distortion model="ptlens" focal="4.6" a="0.016092" b="-0.047846" c="0" />
            <distortion model="ptlens" focal="5" a="0.01307" b="-0.031845" c="0" />
            <distortion model="ptlens" focal="5.7" a="0.011157" b="-0.020427" c="0" />
            <distortion model="ptlens" focal="6.2" a="0.010717" b="-0.017183" c="0" />
            <distortion model="ptlens" focal="10.1" a="0" b="0.006851" c="0" />
            <distortion model="ptlens" focal="16" a="0" b="0.002924" c="0" />
            <distortion model="ptlens" focal="22.9" a="0" b="0.001299" c="0" />
            <distortion model="ptlens" focal="30.5" a="0" b="0.001482" c="0" />
            <distortion model="ptlens" focal="37.8" a="0" b="0.000853" c="0" />
            <distortion model="ptlens" focal="50.9" a="0" b="0.003134" c="0" />
            <distortion model="ptlens" focal="55.2" a="0" b="0.002567" c="0" />
        </calibration>
    </lens>

</lensdatabase>
