<lensdatabase>

    <camera>
        <maker>SIGMA</maker>
        <maker lang="en">Sigma</maker>
        <model>SIGMA DP1</model>
        <model lang="en">DP1</model>
        <mount>SigmaDP1</mount>
        <cropfactor>1.7</cropfactor>
    </camera>

    <camera>
        <maker>SIGMA</maker>
        <maker lang="en">Sigma</maker>
        <model>SIGMA DP1S</model>
        <model lang="en">DP1S</model>
        <mount>SigmaDP1</mount>
        <cropfactor>1.7</cropfactor>
    </camera>

    <camera>
        <maker>SIGMA</maker>
        <maker lang="en">Sigma</maker>
        <model>SIGMA DP1X</model>
        <model lang="en">DP1X</model>
        <mount>SigmaDP1</mount>
        <cropfactor>1.7</cropfactor>
    </camera>

    <camera>
        <maker>SIGMA</maker>
        <maker lang="en">Sigma</maker>
        <model>SIGMA DP2</model>
        <model lang="en">DP2</model>
        <mount>SigmaDP2</mount>
        <cropfactor>1.7</cropfactor>
    </camera>

    <camera>
        <maker>SIGMA</maker>
        <maker lang="en">Sigma</maker>
        <model>SIGMA DP2S</model>
        <model lang="en">DP2S</model>
        <mount>SigmaDP2</mount>
        <cropfactor>1.7</cropfactor>
    </camera>

</lensdatabase>
