<lensdatabase>

    <mount>
        <name>sony707</name>
        <compat>Generic</compat>
    </mount>

    <mount>
        <name>sony828</name>
        <compat>Generic</compat>
    </mount>

    <mount>
        <name>sonyH1</name>
        <compat>Generic</compat>
    </mount>

    <mount>
        <name>sonyS85</name>
        <compat>Generic</compat>
    </mount>

    <mount>
        <name>sonyV1</name>
        <compat>Generic</compat>
    </mount>

    <mount>
        <name>sonyW1</name>
        <compat>Generic</compat>
    </mount>

    <mount>
        <name>sonyR1</name>
        <compat>Generic</compat>
    </mount>

    <mount>
        <name>sonyS60</name>
        <compat>Generic</compat>
    </mount>

    <mount>
        <name>sonyT1</name>
        <compat>Generic</compat>
    </mount>

    <camera>
        <maker>SONY</maker>
        <maker lang="en">Sony</maker>
        <model>DSC-R1</model>
        <mount>sonyR1</mount>
        <cropfactor>1.68</cropfactor>
    </camera>

    <camera>
        <maker>SONY</maker>
        <maker lang="en">Sony</maker>
        <model>DSC-H1</model>
        <mount>sonyH1</mount>
        <cropfactor>6.0</cropfactor>
    </camera>

    <camera>
        <maker>SONY</maker>
        <maker lang="en">Sony</maker>
        <model>DSC-F828</model>
        <mount>sony828</mount>
        <cropfactor>3.933</cropfactor>
    </camera>

    <camera>
        <maker>SONY</maker>
        <maker lang="en">Sony</maker>
        <model>CYBERSHOT</model>
        <model lang="en">CyberShot</model>
        <variant>DSC-F717</variant>
        <mount>sony707</mount>
        <cropfactor>3.933</cropfactor>
    </camera>

    <camera>
        <maker>SONY</maker>
        <maker lang="en">Sony</maker>
        <model>CYBERSHOT</model>
        <model lang="en">CyberShot</model>
        <variant>DSC-F707</variant>
        <mount>sony707</mount>
        <cropfactor>3.933</cropfactor>
    </camera>

    <camera>
        <maker>SONY</maker>
        <maker lang="en">Sony</maker>
        <model>DSC-P200</model>
        <mount>sonyW1</mount>
        <cropfactor>4.8</cropfactor>
    </camera>

    <camera>
        <maker>SONY</maker>
        <maker lang="en">Sony</maker>
        <model>DSC-P150</model>
        <mount>sonyW1</mount>
        <cropfactor>4.8</cropfactor>
    </camera>

    <camera>
        <maker>SONY</maker>
        <maker lang="en">Sony</maker>
        <model>DSC-P100</model>
        <mount>sonyW1</mount>
        <cropfactor>4.8</cropfactor>
    </camera>

    <camera>
        <maker>SONY</maker>
        <maker lang="en">Sony</maker>
        <model>DSC-P93</model>
        <mount>sonyW1</mount>
        <cropfactor>4.8</cropfactor>
    </camera>

    <camera>
        <maker>SONY</maker>
        <maker lang="en">Sony</maker>
        <model>DSC-W12</model>
        <mount>sonyW1</mount>
        <cropfactor>4.8</cropfactor>
    </camera>

    <camera>
        <maker>SONY</maker>
        <maker lang="en">Sony</maker>
        <model>DSC-W7</model>
        <mount>sonyW1</mount>
        <cropfactor>4.8</cropfactor>
    </camera>

    <camera>
        <maker>SONY</maker>
        <maker lang="en">Sony</maker>
        <model>DSC-W15</model>
        <mount>sonyW1</mount>
        <cropfactor>4.8</cropfactor>
    </camera>

    <camera>
        <maker>SONY</maker>
        <maker lang="en">Sony</maker>
        <model>DSC-W5</model>
        <mount>sonyW1</mount>
        <cropfactor>4.8</cropfactor>
    </camera>

    <camera>
        <maker>SONY</maker>
        <maker lang="en">Sony</maker>
        <model>DSC-W1</model>
        <mount>sonyW1</mount>
        <cropfactor>4.8</cropfactor>
    </camera>

    <camera>
        <maker>SONY</maker>
        <maker lang="en">Sony</maker>
        <model>DSC-V3</model>
        <mount>sonyV1</mount>
        <cropfactor>4.843</cropfactor>
    </camera>

    <camera>
        <maker>SONY</maker>
        <maker lang="en">Sony</maker>
        <model>DSC-V1</model>
        <mount>sonyV1</mount>
        <cropfactor>4.843</cropfactor>
    </camera>

    <camera>
        <maker>SONY</maker>
        <maker lang="en">Sony</maker>
        <model>DSC-T1</model>
        <mount>sonyT1</mount>
        <cropfactor>5.650</cropfactor>
    </camera>

    <camera>
        <maker>SONY</maker>
        <maker lang="en">Sony</maker>
        <model>CYBERSHOT</model>
        <model lang="en">CyberShot</model>
        <variant>DSC-S85</variant>
        <mount>sonyS85</mount>
        <cropfactor>4.843</cropfactor>
    </camera>

    <camera>
        <maker>SONY</maker>
        <maker lang="en">Sony</maker>
        <model>CYBERSHOT</model>
        <model lang="en">CyberShot</model>
        <variant>DSC-S75</variant>
        <mount>sonyS85</mount>
        <cropfactor>4.843</cropfactor>
    </camera>

    <camera>
        <maker>SONY</maker>
        <maker lang="en">Sony</maker>
        <model>DSC-S90</model>
        <mount>sonyS60</mount>
        <cropfactor>6.5</cropfactor>
    </camera>

    <camera>
        <maker>SONY</maker>
        <maker lang="en">Sony</maker>
        <model>DSC-ST80</model>
        <mount>sonyS60</mount>
        <cropfactor>6.5</cropfactor>
    </camera>

    <camera>
        <maker>SONY</maker>
        <maker lang="en">Sony</maker>
        <model>DSC-S80</model>
        <mount>sonyS60</mount>
        <cropfactor>6.5</cropfactor>
    </camera>

    <camera>
        <maker>SONY</maker>
        <maker lang="en">Sony</maker>
        <model>DSC-S60</model>
        <mount>sonyS60</mount>
        <cropfactor>6.5</cropfactor>
    </camera>

    <camera>
        <maker>SONY</maker>
        <maker lang="en">Sony</maker>
        <model>DSC-P73</model>
        <mount>sonyS60</mount>
        <cropfactor>6.5</cropfactor>
    </camera>

    <lens>
        <maker>Carl Zeiss</maker>
        <model>Standard</model>
        <mount>sonyR1</mount>
        <cropfactor>1.68</cropfactor>
        <calibration>
            <distortion model="ptlens" focal="14.3" a="0.016048" b="-0.04251" c="0" />
            <distortion model="ptlens" focal="14.8" a="0.013923" b="-0.036204" c="0" />
            <distortion model="ptlens" focal="16" a="0.007736" b="-0.019699" c="0" />
            <distortion model="ptlens" focal="17.8" a="0.006109" b="-0.012654" c="0" />
            <distortion model="ptlens" focal="19.7" a="0.00779" b="-0.01452" c="0" />
            <distortion model="ptlens" focal="22.2" a="0.006436" b="-0.009769" c="0" />
            <distortion model="ptlens" focal="26.2" a="0" b="0.00356" c="0" />
            <distortion model="ptlens" focal="28.7" a="0" b="0.003947" c="0" />
            <distortion model="ptlens" focal="32.3" a="0" b="0.003852" c="0" />
            <distortion model="ptlens" focal="35.4" a="0" b="0.003556" c="0" />
            <distortion model="ptlens" focal="39.5" a="0" b="0.003135" c="0" />
            <distortion model="ptlens" focal="49.8" a="0" b="0.002513" c="0" />
            <distortion model="ptlens" focal="65.7" a="0" b="0.00051" c="0" />
            <distortion model="ptlens" focal="71.5" a="0" b="0" c="0" />
        </calibration>
    </lens>

    <lens>
        <maker>Carl Zeiss</maker>
        <model>Standard</model>
        <mount>sonyH1</mount>
        <cropfactor>6.0</cropfactor>
        <calibration>
            <distortion model="ptlens" focal="6" a="0.021497" b="-0.054037" c="0" />
            <distortion model="ptlens" focal="6.4" a="0.020384" b="-0.046414" c="0" />
            <distortion model="ptlens" focal="6.7" a="0.015021" b="-0.03528" c="0" />
            <distortion model="ptlens" focal="7.1" a="0.012633" b="-0.028516" c="0" />
            <distortion model="ptlens" focal="7.8" a="0.012854" b="-0.025864" c="0" />
            <distortion model="ptlens" focal="8.9" a="0.006579" b="-0.010167" c="0" />
            <distortion model="ptlens" focal="9.8" a="0.008125" b="-0.013508" c="0" />
            <distortion model="ptlens" focal="14.2" a="0.004555" b="-0.006496" c="0" />
            <distortion model="ptlens" focal="17.5" a="0" b="0" c="0" />
            <distortion model="ptlens" focal="45.2" a="0" b="0" c="0" />
            <distortion model="ptlens" focal="72" a="0" b="0.001577" c="0" />
        </calibration>
    </lens>

    <lens>
        <maker>Carl Zeiss</maker>
        <model>VCL-DH0758 0.7x Converter</model>
        <mount>sonyH1</mount>
        <cropfactor>6.0</cropfactor>
        <calibration>
            <distortion model="ptlens" focal="6" a="0.026726" b="-0.080352" c="0" />
            <distortion model="ptlens" focal="6.6" a="0.022257" b="-0.062663" c="0" />
            <distortion model="ptlens" focal="7.5" a="0.017517" b="-0.047928" c="0" />
            <distortion model="ptlens" focal="8.4" a="0.013993" b="-0.036261" c="0" />
            <distortion model="ptlens" focal="9.6" a="0.009595" b="-0.025744" c="0" />
            <distortion model="ptlens" focal="10.9" a="0.005448" b="-0.015924" c="0" />
            <distortion model="ptlens" focal="13.8" a="0" b="-0.004096" c="0" />
            <distortion model="ptlens" focal="19.8" a="0" b="-0.003755" c="0" />
            <distortion model="ptlens" focal="28.4" a="0" b="-0.004627" c="0" />
            <distortion model="ptlens" focal="48" a="0" b="0" c="0" />
            <distortion model="ptlens" focal="72" a="0" b="0" c="0" />
        </calibration>
    </lens>

    <lens>
        <maker>Carl Zeiss</maker>
        <model>VCL-DH1758 1.7x Converter</model>
        <mount>sonyH1</mount>
        <cropfactor>6.0</cropfactor>
        <calibration>
            <distortion model="ptlens" focal="22.5" a="0" b="-0.00573" c="0" />
            <distortion model="ptlens" focal="25.7" a="0" b="-0.005648" c="0" />
            <distortion model="ptlens" focal="32.1" a="0" b="-0.004426" c="0" />
            <distortion model="ptlens" focal="47.1" a="0" b="-0.00185" c="0" />
            <distortion model="ptlens" focal="61.7" a="0" b="0" c="0" />
            <distortion model="ptlens" focal="68.3" a="0" b="0" c="0" />
            <distortion model="ptlens" focal="72" a="0" b="0.001196" c="0" />
        </calibration>
    </lens>

    <lens>
        <maker>Carl Zeiss</maker>
        <model>Standard</model>
        <mount>sony828</mount>
        <cropfactor>3.933</cropfactor>
        <calibration>
            <distortion model="ptlens" focal="7.1" a="0.018095" b="-0.048162" c="0" />
            <distortion model="ptlens" focal="8.1" a="0.014132" b="-0.032924" c="0" />
            <distortion model="ptlens" focal="8.7" a="-0.00066" b="-0.002438" c="0" />
            <distortion model="ptlens" focal="10.6" a="-0.004167" b="0.008802" c="0" />
            <distortion model="ptlens" focal="12.2" a="0.001366" b="-0.001343" c="0" />
            <distortion model="ptlens" focal="14.3" a="0.000869" b="0.000672" c="0" />
            <distortion model="ptlens" focal="17.5" a="-0.01026" b="0.019351" c="0" />
            <distortion model="ptlens" focal="20.5" a="0.002486" b="-0.001685" c="0" />
            <distortion model="ptlens" focal="25.5" a="0.016746" b="-0.028622" c="0" />
            <distortion model="ptlens" focal="29.3" a="-0.008873" b="0.019679" c="0" />
            <distortion model="ptlens" focal="33.4" a="-0.00044" b="0.003954" c="0" />
            <distortion model="ptlens" focal="40.7" a="0.010042" b="-0.013474" c="0" />
            <distortion model="ptlens" focal="51" a="-0.005786" b="0.018882" c="0" />
        </calibration>
    </lens>

    <lens>
        <maker>Carl Zeiss</maker>
        <model>Standard: 2 feet lens-to-subject</model>
        <mount>sony828</mount>
        <cropfactor>3.933</cropfactor>
        <calibration>
            <distortion model="ptlens" focal="7.1" a="0.031747" b="-0.075086" c="0" />
            <distortion model="ptlens" focal="8" a="0.015399" b="-0.03809" c="0" />
            <distortion model="ptlens" focal="8.7" a="0.014101" b="-0.032049" c="0" />
            <distortion model="ptlens" focal="10.4" a="0.004335" b="-0.010924" c="0" />
            <distortion model="ptlens" focal="12.2" a="0.001721" b="-0.004613" c="0" />
            <distortion model="ptlens" focal="14.9" a="-0.000396" b="-0.000724" c="0" />
            <distortion model="ptlens" focal="17.1" a="-0.006932" b="0.009088" c="0" />
            <distortion model="ptlens" focal="20.5" a="-0.000158" b="-0.001579" c="0" />
            <distortion model="ptlens" focal="24.2" a="-0.000815" b="-0.00117" c="0" />
            <distortion model="ptlens" focal="28.7" a="-0.002467" b="0.0025" c="0" />
            <distortion model="ptlens" focal="32.8" a="-0.000607" b="-0.001426" c="0" />
            <distortion model="ptlens" focal="40.1" a="-0.002333" b="0.002419" c="0" />
            <distortion model="ptlens" focal="51" a="-0.003365" b="0.002377" c="0" />
        </calibration>
    </lens>

    <lens>
        <maker>Carl Zeiss</maker>
        <model>Standard</model>
        <mount>sony707</mount>
        <cropfactor>3.933</cropfactor>
        <calibration>
            <distortion model="ptlens" focal="9.7" a="0.013439" b="-0.038147" c="0" />
            <distortion model="ptlens" focal="11.7" a="0.00984" b="-0.02115" c="0" />
            <distortion model="ptlens" focal="12.7" a="0.009803" b="-0.01733" c="0" />
            <distortion model="ptlens" focal="16" a="0.007957" b="-0.008839" c="0" />
            <distortion model="ptlens" focal="19.5" a="0.004565" b="-0.000807" c="0" />
            <distortion model="ptlens" focal="24.4" a="0" b="0.00903" c="0" />
            <distortion model="ptlens" focal="28.1" a="0" b="0.009803" c="0" />
            <distortion model="ptlens" focal="31.9" a="0" b="0.009723" c="0" />
            <distortion model="ptlens" focal="36.1" a="0" b="0.00974" c="0" />
            <distortion model="ptlens" focal="41.4" a="0" b="0.010245" c="0" />
            <distortion model="ptlens" focal="48.5" a="0" b="0.012038" c="0" />
        </calibration>
    </lens>

    <lens>
        <maker>Carl Zeiss</maker>
        <model>std macro: 1 inch lens-to-subject</model>
        <mount>sony707</mount>
        <cropfactor>3.933</cropfactor>
        <calibration>
            <distortion model="ptlens" focal="9.7" a="0.006106" b="-0.039021" c="0" />
            <distortion model="ptlens" focal="10.9" a="0.001231" b="-0.028795" c="0" />
            <distortion model="ptlens" focal="11" a="0.001246" b="-0.027783" c="0" />
            <distortion model="ptlens" focal="11.9" a="-0.003364" b="-0.017023" c="0" />
            <distortion model="ptlens" focal="12.7" a="-0.0067" b="-0.007913" c="0" />
        </calibration>
    </lens>

    <lens>
        <maker>Carl Zeiss</maker>
        <model>std macro: 2 inches lens-to-subject</model>
        <mount>sony707</mount>
        <cropfactor>3.933</cropfactor>
        <calibration>
            <distortion model="ptlens" focal="9.7" a="0.006526" b="-0.03487" c="0" />
            <distortion model="ptlens" focal="10.9" a="-0.002841" b="-0.015131" c="0" />
            <distortion model="ptlens" focal="12.2" a="0.00522" b="-0.028071" c="0" />
            <distortion model="ptlens" focal="13.4" a="0.00207" b="-0.019368" c="0" />
            <distortion model="ptlens" focal="14.6" a="0.000187" b="-0.014489" c="0" />
            <distortion model="ptlens" focal="15.5" a="-0.001112" b="-0.01061" c="0" />
        </calibration>
    </lens>

    <lens>
        <maker>Carl Zeiss</maker>
        <model>std macro: 4 inches lens-to-subject</model>
        <mount>sony707</mount>
        <cropfactor>3.933</cropfactor>
        <calibration>
            <distortion model="ptlens" focal="9.7" a="0.011414" b="-0.041732" c="0" />
            <distortion model="ptlens" focal="10.2" a="0.011525" b="-0.041182" c="0" />
            <distortion model="ptlens" focal="11.4" a="0.005654" b="-0.02482" c="0" />
            <distortion model="ptlens" focal="12" a="0.007988" b="-0.028628" c="0" />
            <distortion model="ptlens" focal="12.4" a="0.007251" b="-0.026438" c="0" />
            <distortion model="ptlens" focal="13.7" a="0.005559" b="-0.021097" c="0" />
            <distortion model="ptlens" focal="16.2" a="0.000227" b="-0.007708" c="0" />
            <distortion model="ptlens" focal="18.3" a="0.005302" b="-0.015272" c="0" />
            <distortion model="ptlens" focal="19.8" a="0.000277" b="-0.004201" c="0" />
        </calibration>
    </lens>

    <lens>
        <maker>Carl Zeiss</maker>
        <model>std macro: 6 inches lens-to-subject</model>
        <mount>sony707</mount>
        <cropfactor>3.933</cropfactor>
        <calibration>
            <distortion model="ptlens" focal="9.7" a="0.010005" b="-0.036568" c="0" />
            <distortion model="ptlens" focal="11.6" a="0.007818" b="-0.025626" c="0" />
            <distortion model="ptlens" focal="13.4" a="0.008336" b="-0.023635" c="0" />
            <distortion model="ptlens" focal="16.2" a="0.003258" b="-0.010335" c="0" />
            <distortion model="ptlens" focal="18.5" a="0.002886" b="-0.007316" c="0" />
            <distortion model="ptlens" focal="21.7" a="-0.000938" b="0.000754" c="0" />
        </calibration>
    </lens>

    <lens>
        <maker>Carl Zeiss</maker>
        <model>std macro: 8 inches lens-to-subject</model>
        <mount>sony707</mount>
        <cropfactor>3.933</cropfactor>
        <calibration>
            <distortion model="ptlens" focal="9.7" a="0.008828" b="-0.033454" c="0" />
            <distortion model="ptlens" focal="10" a="0.009809" b="-0.034654" c="0" />
            <distortion model="ptlens" focal="12.3" a="0.00792" b="-0.023487" c="0" />
            <distortion model="ptlens" focal="14" a="0.008493" b="-0.022144" c="0" />
            <distortion model="ptlens" focal="15.7" a="0.007818" b="-0.018959" c="0" />
            <distortion model="ptlens" focal="17.6" a="0.007518" b="-0.01686" c="0" />
            <distortion model="ptlens" focal="20" a="0.007483" b="-0.01459" c="0" />
            <distortion model="ptlens" focal="21.7" a="0.00499" b="-0.009241" c="0" />
            <distortion model="ptlens" focal="23.5" a="0.008569" b="-0.01449" c="0" />
        </calibration>
    </lens>

    <lens>
        <maker>Carl Zeiss</maker>
        <model>std macro: 12 inches lens-to-subject</model>
        <mount>sony707</mount>
        <cropfactor>3.933</cropfactor>
        <calibration>
            <distortion model="ptlens" focal="9.7" a="0.005441" b="-0.026284" c="0" />
            <distortion model="ptlens" focal="11.8" a="0.002698" b="-0.013035" c="0" />
            <distortion model="ptlens" focal="13.7" a="0.002173" b="-0.007676" c="0" />
            <distortion model="ptlens" focal="16" a="0.001309" b="-0.003671" c="0" />
            <distortion model="ptlens" focal="20.3" a="-0.00041" b="0.001674" c="0" />
            <distortion model="ptlens" focal="23.2" a="-0.000971" b="0.004488" c="0" />
            <distortion model="ptlens" focal="26.2" a="0.001346" b="0.001204" c="0" />
        </calibration>
    </lens>

    <lens>
        <maker>Carl Zeiss</maker>
        <model>std macro: 16 inches lens-to-subject</model>
        <mount>sony707</mount>
        <cropfactor>3.933</cropfactor>
        <calibration>
            <distortion model="ptlens" focal="9.7" a="0.003516" b="-0.019643" c="0" />
            <distortion model="ptlens" focal="10" a="0.006212" b="-0.024486" c="0" />
            <distortion model="ptlens" focal="11.8" a="0.005146" b="-0.014241" c="0" />
            <distortion model="ptlens" focal="14.4" a="-0.001178" b="0.002261" c="0" />
            <distortion model="ptlens" focal="17.2" a="-0.004022" b="0.010283" c="0" />
            <distortion model="ptlens" focal="19.8" a="-0.006228" b="0.0155" c="0" />
            <distortion model="ptlens" focal="22.2" a="-0.006146" b="0.016116" c="0" />
            <distortion model="ptlens" focal="25.1" a="-0.005856" b="0.016421" c="0" />
        </calibration>
    </lens>

    <lens>
        <maker>Carl Zeiss</maker>
        <model>std macro: 20 inches lens-to-subject</model>
        <mount>sony707</mount>
        <cropfactor>3.933</cropfactor>
        <calibration>
            <distortion model="ptlens" focal="9.7" a="0.007797" b="-0.028559" c="0" />
            <distortion model="ptlens" focal="11.3" a="0.005268" b="-0.015619" c="0" />
            <distortion model="ptlens" focal="13.2" a="0.00529" b="-0.010754" c="0" />
            <distortion model="ptlens" focal="15.7" a="0.000909" b="0.000249" c="0" />
            <distortion model="ptlens" focal="19" a="-0.001878" b="0.007994" c="0" />
            <distortion model="ptlens" focal="23.8" a="-0.005316" b="0.015693" c="0" />
            <distortion model="ptlens" focal="27.3" a="-0.002718" b="0.011242" c="0" />
            <distortion model="ptlens" focal="31" a="-0.005955" b="0.017757" c="0" />
        </calibration>
    </lens>

    <lens>
        <maker>Carl Zeiss</maker>
        <model>std macro: 24 inches lens-to-subject</model>
        <mount>sony707</mount>
        <cropfactor>3.933</cropfactor>
        <calibration>
            <distortion model="ptlens" focal="9.7" a="0.010658" b="-0.033833" c="0" />
            <distortion model="ptlens" focal="11.7" a="0.005202" b="-0.013888" c="0" />
            <distortion model="ptlens" focal="13.8" a="-4.8e-05" b="0.000712" c="0" />
            <distortion model="ptlens" focal="16.8" a="0.000439" b="0.002163" c="0" />
            <distortion model="ptlens" focal="20.8" a="-0.003775" b="0.012109" c="0" />
            <distortion model="ptlens" focal="26.9" a="-0.004368" b="0.014947" c="0" />
            <distortion model="ptlens" focal="30.1" a="-0.007381" b="0.021336" c="0" />
            <distortion model="ptlens" focal="32.3" a="0.001832" b="0.004546" c="0" />
        </calibration>
    </lens>

    <lens>
        <maker>Carl Zeiss</maker>
        <model>std macro: 32 inches lens-to-subject</model>
        <mount>sony707</mount>
        <cropfactor>3.933</cropfactor>
        <calibration>
            <distortion model="ptlens" focal="9.7" a="0.011238" b="-0.03276" c="0" />
            <distortion model="ptlens" focal="11.7" a="0.010299" b="-0.022773" c="0" />
            <distortion model="ptlens" focal="12.9" a="0.006434" b="-0.011551" c="0" />
            <distortion model="ptlens" focal="16" a="0.00257" b="-0.000701" c="0" />
            <distortion model="ptlens" focal="20.8" a="-0.000547" b="0.007442" c="0" />
            <distortion model="ptlens" focal="25.8" a="-0.002161" b="0.011043" c="0" />
            <distortion model="ptlens" focal="32.8" a="-0.003287" b="0.014812" c="0" />
            <distortion model="ptlens" focal="41.9" a="-0.004935" b="0.018777" c="0" />
            <distortion model="ptlens" focal="48.5" a="0.004262" b="0.000662" c="0" />
        </calibration>
    </lens>

    <lens>
        <maker>Carl Zeiss</maker>
        <model>VCL-HGD0758 Wide Angle</model>
        <mount>sony707</mount>
        <cropfactor>3.933</cropfactor>
        <calibration>
            <distortion model="ptlens" focal="9.7" a="0.016774" b="-0.047703" c="0" />
            <distortion model="ptlens" focal="11" a="0.009581" b="-0.02965" c="0" />
            <distortion model="ptlens" focal="12" a="0.008705" b="-0.025049" c="0" />
            <distortion model="ptlens" focal="13.4" a="0.004145" b="-0.011484" c="0" />
            <distortion model="ptlens" focal="15.5" a="0.0037" b="-0.008603" c="0" />
            <distortion model="ptlens" focal="17.6" a="0.003904" b="-0.007234" c="0" />
            <distortion model="ptlens" focal="20.8" a="-0.002051" b="0.005661" c="0" />
            <distortion model="ptlens" focal="24.1" a="-0.001926" b="0.007451" c="0" />
            <distortion model="ptlens" focal="28.5" a="0.004636" b="-0.003879" c="0" />
            <distortion model="ptlens" focal="33.3" a="0.002188" b="0.002064" c="0" />
            <distortion model="ptlens" focal="38.7" a="0.004276" b="-0.001513" c="0" />
            <distortion model="ptlens" focal="48.5" a="0.0019" b="0.005193" c="0" />
        </calibration>
    </lens>

    <lens>
        <maker>Carl Zeiss</maker>
        <model>Sakar 1858W</model>
        <mount>sony707</mount>
        <cropfactor>3.933</cropfactor>
        <calibration>
            <distortion model="ptlens" focal="9.7" a="-0.002331" b="0.001991" c="-0.087683" />
            <distortion model="ptlens" focal="11.2" a="0.007839" b="-0.04002" c="0" />
            <distortion model="ptlens" focal="15.5" a="0.003505" b="-0.0146" c="0" />
            <distortion model="ptlens" focal="20.8" a="0" b="0" c="0" />
            <distortion model="ptlens" focal="30.1" a="0" b="0.003841" c="0" />
            <distortion model="ptlens" focal="48.5" a="0" b="0.008175" c="0" />
        </calibration>
    </lens>

    <lens>
        <maker>Carl Zeiss</maker>
        <model>Standard</model>
        <mount>sonyW1</mount>
        <cropfactor>4.8</cropfactor>
        <calibration>
            <distortion model="ptlens" focal="7.9" a="-0.008279" b="0.002007" c="0" />
            <distortion model="ptlens" focal="9.2" a="-0.007809" b="0.005" c="0" />
            <distortion model="ptlens" focal="10.7" a="-0.007003" b="0.007151" c="0" />
            <distortion model="ptlens" focal="12.1" a="-0.009672" b="0.0148" c="0" />
            <distortion model="ptlens" focal="13.7" a="-0.007984" b="0.013" c="0" />
            <distortion model="ptlens" focal="16.7" a="-0.006571" b="0.011638" c="0" />
            <distortion model="ptlens" focal="18.7" a="-0.007423" b="0.014476" c="0" />
            <distortion model="ptlens" focal="23.7" a="-0.00342" b="0.006814" c="0" />
        </calibration>
    </lens>

    <lens>
        <maker>Carl Zeiss</maker>
        <model>Standard</model>
        <mount>sonyV1</mount>
        <cropfactor>4.843</cropfactor>
        <calibration>
            <distortion model="ptlens" focal="7" a="0.020149" b="-0.051282" c="0" />
            <distortion model="ptlens" focal="8.4" a="0.009589" b="-0.02989" c="0" />
            <distortion model="ptlens" focal="9.9" a="0.005758" b="-0.01638" c="0" />
            <distortion model="ptlens" focal="11.8" a="0.004149" b="-0.008145" c="0" />
            <distortion model="ptlens" focal="13.9" a="0.003385" b="-0.003763" c="0" />
            <distortion model="ptlens" focal="16.5" a="0" b="0.004756" c="0" />
            <distortion model="ptlens" focal="19.7" a="0" b="0.005925" c="0" />
            <distortion model="ptlens" focal="23.4" a="0" b="0.006385" c="0" />
            <distortion model="ptlens" focal="28" a="0" b="0.00446" c="0" />
        </calibration>
    </lens>

    <lens>
        <maker>Carl Zeiss</maker>
        <model>VCL-DEH07V Converter</model>
        <mount>sonyV1</mount>
        <cropfactor>4.843</cropfactor>
        <calibration>
            <distortion model="ptlens" focal="7" a="0.045731" b="-0.098626" c="0" />
        </calibration>
    </lens>

    <lens>
        <maker>Carl Zeiss</maker>
        <model>VCL-DEH17V Converter</model>
        <mount>sonyV1</mount>
        <cropfactor>4.843</cropfactor>
        <calibration>
            <distortion model="ptlens" focal="28" a="0" b="0.009101" c="0" />
        </calibration>
    </lens>

    <lens>
        <maker>Carl Zeiss</maker>
        <model>Standard</model>
        <mount>sonyT1</mount>
        <cropfactor>5.650</cropfactor>
        <calibration>
            <distortion model="ptlens" focal="6.7" a="0" b="-0.014873" c="0" />
            <distortion model="ptlens" focal="7.7" a="0" b="-0.006302" c="0" />
            <distortion model="ptlens" focal="9.1" a="0" b="0.008439" c="-0.020907" />
            <distortion model="ptlens" focal="10.8" a="0" b="0.017351" c="-0.032506" />
            <distortion model="ptlens" focal="13" a="0" b="0.017565" c="-0.023987" />
            <distortion model="ptlens" focal="15.4" a="0" b="0.015416" c="-0.016469" />
            <distortion model="ptlens" focal="17.8" a="0" b="0.019638" c="-0.022392" />
            <distortion model="ptlens" focal="20.1" a="0" b="0.020712" c="-0.027228" />
        </calibration>
    </lens>

    <lens>
        <maker>Carl Zeiss</maker>
        <model>Standard</model>
        <mount>sonyS85</mount>
        <cropfactor>4.843</cropfactor>
        <calibration>
            <distortion model="ptlens" focal="7" a="0.014946" b="-0.03766" c="0" />
        </calibration>
    </lens>

    <lens>
        <maker>Carl Zeiss</maker>
        <model>VCL-MHG07a</model>
        <mount>sonyS85</mount>
        <cropfactor>4.843</cropfactor>
        <calibration>
            <distortion model="ptlens" focal="7" a="0.03951" b="-0.094976" c="0" />
        </calibration>
    </lens>

    <lens>
        <maker>Carl Zeiss</maker>
        <model>Standard</model>
        <mount>sonyS60</mount>
        <cropfactor>6.5</cropfactor>
        <calibration>
            <distortion model="ptlens" focal="6" a="0.003091" b="-0.022634" c="0" />
            <distortion model="ptlens" focal="6.8" a="0" b="-0.011585" c="0" />
            <distortion model="ptlens" focal="7.8" a="0" b="-0.008459" c="0" />
            <distortion model="ptlens" focal="8.9" a="0" b="-0.006522" c="0" />
            <distortion model="ptlens" focal="10.3" a="0" b="-0.004379" c="0" />
            <distortion model="ptlens" focal="11.6" a="0" b="-0.005021" c="0" />
            <distortion model="ptlens" focal="13.6" a="0" b="-0.0056" c="0" />
            <distortion model="ptlens" focal="15.6" a="0" b="-0.004708" c="0" />
            <distortion model="ptlens" focal="18" a="0" b="-0.004799" c="0" />
        </calibration>
    </lens>

</lensdatabase>
