<lensdatabase>

    <mount>
        <name>kmG400</name>
        <compat>Generic</compat>
    </mount>

    <mount>
        <name>kmXt</name>
        <compat>Generic</compat>
    </mount>

    <mount>
        <name>kmZ2</name>
        <compat>Generic</compat>
    </mount>

    <mount>
        <name>kmZ3</name>
        <compat>Generic</compat>
    </mount>

    <mount>
        <name>kmZ1</name>
        <compat>Generic</compat>
    </mount>

    <mount>
        <name>kmD7</name>
        <compat>Generic</compat>
    </mount>

    <mount>
        <name>kmZ10</name>
        <compat>Generic</compat>
    </mount>

    <camera>
        <maker>KONICA MINOLTA</maker>
        <maker lang="en">Konica Minolta</maker>
        <model>DiMAGE Z6</model>
        <mount>kmZ3</mount>
        <cropfactor>6.05</cropfactor>
    </camera>

    <camera>
        <maker>KONICA MINOLTA</maker>
        <maker lang="en">Konica Minolta</maker>
        <model>DiMAGE Z5</model>
        <mount>kmZ3</mount>
        <cropfactor>6.05</cropfactor>
    </camera>

    <camera>
        <maker>KONICA MINOLTA</maker>
        <maker lang="en">Konica Minolta</maker>
        <model>DiMAGE Z3</model>
        <mount>kmZ3</mount>
        <cropfactor>6.05</cropfactor>
    </camera>

    <camera>
        <maker>Konica Minolta Camera, Inc.</maker>
        <maker lang="en">Konica Minolta</maker>
        <model>DiMAGE Z2</model>
        <mount>kmZ2</mount>
        <cropfactor>6.03</cropfactor>
    </camera>

    <camera>
        <maker>Minolta Co., Ltd.</maker>
        <maker lang="en">Minolta</maker>
        <model>DiMAGE Z1</model>
        <mount>kmZ1</mount>
        <cropfactor>6.545</cropfactor>
    </camera>

    <camera>
        <maker>KONICA MINOLTA</maker>
        <maker lang="en">Konica Minolta</maker>
        <model>DiMAGE Z20</model>
        <mount>kmZ10</mount>
        <cropfactor>6.05</cropfactor>
    </camera>

    <camera>
        <maker>KONICA MINOLTA</maker>
        <maker lang="en">Konica Minolta</maker>
        <model>DiMAGE Z10</model>
        <mount>kmZ10</mount>
        <cropfactor>6.05</cropfactor>
    </camera>

    <camera>
        <maker>KONICA MINOLTA</maker>
        <maker lang="en">Konica Minolta</maker>
        <model>DiMAGE A200</model>
        <mount>kmD7</mount>
        <cropfactor>3.933</cropfactor>
    </camera>

    <camera>
        <maker>Konica Minolta Camera, Inc.</maker>
        <maker lang="en">Konica Minolta</maker>
        <model>DiMAGE A2</model>
        <mount>kmD7</mount>
        <cropfactor>3.933</cropfactor>
    </camera>

    <camera>
        <maker>Minolta Co., Ltd.</maker>
        <maker lang="en">Minolta</maker>
        <model>DiMAGE A1</model>
        <mount>kmD7</mount>
        <cropfactor>3.933</cropfactor>
    </camera>

    <camera>
        <maker>Minolta Co., Ltd.</maker>
        <maker lang="en">Minolta</maker>
        <model>DiMAGE 7Hi</model>
        <mount>kmD7</mount>
        <cropfactor>3.933</cropfactor>
    </camera>

    <camera>
        <maker>Minolta Co., Ltd.</maker>
        <maker lang="en">Minolta</maker>
        <model>DiMAGE 7i</model>
        <mount>kmD7</mount>
        <cropfactor>3.933</cropfactor>
    </camera>

    <camera>
        <maker>Minolta Co., Ltd.</maker>
        <maker lang="en">Minolta</maker>
        <model>DiMAGE 7</model>
        <mount>kmD7</mount>
        <cropfactor>3.933</cropfactor>
    </camera>

    <camera>
        <maker>Minolta Co., Ltd.</maker>
        <maker lang="en">Minolta</maker>
        <model>DiMAGE Xt</model>
        <mount>kmXt</mount>
        <cropfactor>6.5</cropfactor>
    </camera>

    <camera>
        <maker>Minolta Co., Ltd.</maker>
        <maker lang="en">Minolta</maker>
        <model>DiMAGE Xi</model>
        <mount>kmXt</mount>
        <cropfactor>6.5</cropfactor>
    </camera>

    <camera>
        <maker>Minolta Co., Ltd.</maker>
        <maker lang="en">Minolta</maker>
        <model>DiMAGE X</model>
        <mount>kmXt</mount>
        <cropfactor>6.5</cropfactor>
    </camera>

    <camera>
        <maker>KONICA MINOLTA CAMERA, Inc.</maker>
        <maker lang="en">Konica Minolta</maker>
        <model>DiMAGE G400</model>
        <mount>kmG400</mount>
        <cropfactor>6.144</cropfactor>
    </camera>

    <camera>
        <maker>KONICA MINOLTA CAMERA, Inc.</maker>
        <maker lang="en">Konica Minolta</maker>
        <model>Revio KD-420Z</model>
        <mount>kmG400</mount>
        <cropfactor>6.144</cropfactor>
    </camera>

    <lens>
        <maker>Konica Minolta</maker>
        <model>Standard</model>
        <mount>kmZ3</mount>
        <cropfactor>6.05</cropfactor>
        <calibration>
            <distortion model="ptlens" focal="5.859" a="0.008857" b="-0.033348" c="0" />
            <distortion model="ptlens" focal="6.542" a="0" b="-0.008767" c="0" />
            <distortion model="ptlens" focal="7.61" a="0" b="-0.005089" c="0" />
            <distortion model="ptlens" focal="8.747" a="0" b="-0.003083" c="0" />
            <distortion model="ptlens" focal="9.911" a="0" b="-0.001565" c="0" />
            <distortion model="ptlens" focal="12.821" a="0" b="0" c="0" />
            <distortion model="ptlens" focal="37.832" a="0" b="0" c="0" />
            <distortion model="ptlens" focal="69.454" a="0" b="0.00172" c="0" />
        </calibration>
    </lens>

    <lens>
        <maker>Konica Minolta</maker>
        <model>Standard</model>
        <mount>kmZ2</mount>
        <cropfactor>6.03</cropfactor>
        <calibration>
            <distortion model="ptlens" focal="6.3" a="0.024434" b="-0.049454" c="0" />
            <distortion model="ptlens" focal="8.6" a="0.012009" b="-0.022336" c="0" />
            <distortion model="ptlens" focal="12.1" a="0" b="-0.001567" c="0" />
            <distortion model="ptlens" focal="17.5" a="0" b="-0.002328" c="0" />
            <distortion model="ptlens" focal="24.8" a="0" b="-0.002045" c="0" />
            <distortion model="ptlens" focal="34.7" a="0" b="-0.004272" c="0" />
            <distortion model="ptlens" focal="52.4" a="0" b="-0.003142" c="0" />
            <distortion model="ptlens" focal="63" a="0" b="0.000531" c="0" />
        </calibration>
    </lens>

    <lens>
        <maker>Konica Minolta</maker>
        <model>ZCW-100</model>
        <mount>kmZ2</mount>
        <cropfactor>6.03</cropfactor>
        <calibration>
            <distortion model="ptlens" focal="6.3" a="0.020234" b="-0.07549" c="0" />
            <distortion model="ptlens" focal="7.4" a="0.013032" b="-0.054808" c="0" />
            <distortion model="ptlens" focal="10.4" a="-0.001905" b="-0.017509" c="0" />
        </calibration>
    </lens>

    <lens>
        <maker>Konica Minolta</maker>
        <model>Standard</model>
        <mount>kmZ1</mount>
        <cropfactor>6.545</cropfactor>
        <calibration>
            <distortion model="ptlens" focal="5.8" a="0.025087" b="-0.065158" c="0" />
            <distortion model="ptlens" focal="6" a="0.021188" b="-0.052445" c="0" />
            <distortion model="ptlens" focal="6.6" a="0.020944" b="-0.047765" c="0" />
            <distortion model="ptlens" focal="7.3" a="0.015342" b="-0.033767" c="0" />
            <distortion model="ptlens" focal="10.5" a="0.008218" b="-0.019123" c="0" />
            <distortion model="ptlens" focal="15.2" a="0.007013" b="-0.016335" c="0" />
            <distortion model="ptlens" focal="22.9" a="0.002611" b="-0.00752" c="0" />
            <distortion model="ptlens" focal="30.1" a="0" b="-0.00372" c="0" />
            <distortion model="ptlens" focal="39.6" a="0" b="-0.0046" c="0" />
            <distortion model="ptlens" focal="45.4" a="0" b="-0.004482" c="0" />
            <distortion model="ptlens" focal="49.8" a="0" b="-0.004394" c="0" />
            <distortion model="ptlens" focal="58" a="0" b="0.000217" c="0" />
        </calibration>
    </lens>

    <lens>
        <maker>Konica Minolta</maker>
        <model>ZCW-100</model>
        <mount>kmZ1</mount>
        <cropfactor>6.545</cropfactor>
        <calibration>
            <distortion model="ptlens" focal="4.4" a="0.030707" b="-0.10549" c="0" />
        </calibration>
    </lens>

    <lens>
        <maker>Konica Minolta</maker>
        <model>Standard</model>
        <mount>kmZ10</mount>
        <cropfactor>6.05</cropfactor>
        <calibration>
            <distortion model="ptlens" focal="6" a="0.012869" b="-0.041112" c="0" />
            <distortion model="ptlens" focal="7.4" a="0.020326" b="-0.036191" c="0" />
            <distortion model="ptlens" focal="8.9" a="0.015295" b="-0.018566" c="0" />
            <distortion model="ptlens" focal="11.9" a="0.012247" b="-0.010229" c="0" />
            <distortion model="ptlens" focal="13.4" a="0.011031" b="-0.010002" c="0" />
            <distortion model="ptlens" focal="17.3" a="0.006649" b="-0.001496" c="0" />
            <distortion model="ptlens" focal="27.8" a="0.005224" b="-0.000697" c="0" />
            <distortion model="ptlens" focal="35.9" a="0.006913" b="-0.002215" c="0" />
            <distortion model="ptlens" focal="48" a="0.006184" b="0.003347" c="0" />
        </calibration>
    </lens>

    <lens>
        <maker>Konica Minolta</maker>
        <model>ZCW-200</model>
        <mount>kmZ10</mount>
        <cropfactor>6.05</cropfactor>
        <calibration>
            <distortion model="ptlens" focal="4.2" a="0.024186" b="-0.107425" c="0" />
        </calibration>
    </lens>

    <lens>
        <maker>Konica Minolta</maker>
        <model>Standard</model>
        <mount>kmD7</mount>
        <cropfactor>3.933</cropfactor>
        <calibration>
            <distortion model="ptlens" focal="7.3" a="0.025" b="-0.065" c="0" />
            <distortion model="ptlens" focal="8.9" a="0.015" b="-0.033" c="0" />
            <distortion model="ptlens" focal="12.7" a="0" b="0.003" c="0" />
            <distortion model="ptlens" focal="25.4" a="0" b="0.005" c="0" />
            <distortion model="ptlens" focal="38.1" a="0" b="0.008" c="0" />
            <distortion model="ptlens" focal="50.8" a="0" b="0.008" c="0" />
        </calibration>
    </lens>

    <lens>
        <maker>Konica Minolta</maker>
        <model>ACW-100 Converter</model>
        <mount>kmD7</mount>
        <cropfactor>3.933</cropfactor>
        <calibration>
            <distortion model="ptlens" focal="7.3" a="0" b="0.02892" c="-0.106517" />
        </calibration>
    </lens>

    <lens>
        <maker>Konica Minolta</maker>
        <model>Standard</model>
        <mount>kmXt</mount>
        <cropfactor>6.5</cropfactor>
        <calibration>
            <distortion model="ptlens" focal="5.7" a="0.006514" b="-0.029243" c="0" />
            <distortion model="ptlens" focal="6" a="0.006797" b="-0.025877" c="0" />
            <distortion model="ptlens" focal="6.5" a="0.005866" b="-0.017735" c="0" />
            <distortion model="ptlens" focal="8" a="0" b="0.002707" c="0" />
            <distortion model="ptlens" focal="9.3" a="0" b="0.006484" c="0" />
            <distortion model="ptlens" focal="10.2" a="0" b="0.006944" c="0" />
            <distortion model="ptlens" focal="11.3" a="0" b="0.006926" c="0" />
            <distortion model="ptlens" focal="13" a="0" b="0.006213" c="0" />
            <distortion model="ptlens" focal="15.7" a="0" b="0.009464" c="0" />
            <distortion model="ptlens" focal="17.1" a="0" b="0.009984" c="0" />
        </calibration>
    </lens>

    <lens>
        <maker>Konica Minolta</maker>
        <model>Standard</model>
        <mount>kmG400</mount>
        <cropfactor>6.144</cropfactor>
        <calibration>
            <distortion model="ptlens" focal="5.6" a="0.006939" b="-0.026729" c="0" />
            <distortion model="ptlens" focal="6.3" a="-0.00032" b="-0.008211" c="0" />
            <distortion model="ptlens" focal="7.7" a="-0.001922" b="0.000251" c="0" />
            <distortion model="ptlens" focal="9.9" a="-0.002401" b="0.002342" c="0" />
            <distortion model="ptlens" focal="12.4" a="-0.004609" b="0.008805" c="0" />
            <distortion model="ptlens" focal="14.7" a="-0.002296" b="0.004882" c="0" />
            <distortion model="ptlens" focal="16.8" a="-0.005442" b="0.012752" c="0" />
        </calibration>
    </lens>

</lensdatabase>
