<lensdatabase>

    <mount>
        <name>casioZ750</name>
        <compat>Generic</compat>
    </mount>

    <mount>
        <name>casioP600</name>
        <compat>Generic</compat>
    </mount>

    <mount>
        <name>casioQV3500</name>
        <compat>Generic</compat>
    </mount>

    <mount>
        <name>casioZ4</name>
        <compat>Generic</compat>
    </mount>

    <mount>
        <name>casioEX-FH20</name>
        <compat>Generic</compat>
    </mount>

    <camera>
        <maker>CASIO COMPUTER CO.,LTD</maker>
        <maker lang="en">Casio</maker>
        <model>EX-Z750</model>
        <mount>casioZ750</mount>
        <cropfactor>4.8</cropfactor>
    </camera>

    <camera>
        <maker>CASIO COMPUTER CO.,LTD</maker>
        <maker lang="en">Casio</maker>
        <model>EX-P700</model>
        <mount>casioP600</mount>
        <cropfactor>4.65</cropfactor>
    </camera>

    <camera>
        <maker>CASIO COMPUTER CO.,LTD</maker>
        <maker lang="en">Casio</maker>
        <model>EX-P600</model>
        <mount>casioP600</mount>
        <cropfactor>4.65</cropfactor>
    </camera>

    <camera>
        <maker>CASIO COMPUTER CO.,LTD</maker>
        <maker lang="en">Casio</maker>
        <model>EX-Z4</model>
        <mount>casioZ4</mount>
        <cropfactor>6.05</cropfactor>
    </camera>

    <camera>
        <maker>CASIO COMPUTER CO.,LTD</maker>
        <maker lang="en">Casio</maker>
        <model>EX-Z3</model>
        <mount>casioZ4</mount>
        <cropfactor>6.05</cropfactor>
    </camera>

    <camera>
        <maker>CASIO COMPUTER CO.,LTD</maker>
        <maker lang="en">Casio</maker>
        <model>EX-Z55</model>
        <mount>casioZ4</mount>
        <cropfactor>6.05</cropfactor>
    </camera>

    <camera>
        <maker>CASIO COMPUTER CO.,LTD</maker>
        <maker lang="en">Casio</maker>
        <model>EX-Z40</model>
        <mount>casioZ4</mount>
        <cropfactor>6.05</cropfactor>
    </camera>

    <camera>
        <maker>CASIO COMPUTER CO.,LTD</maker>
        <maker lang="en">Casio</maker>
        <model>EX-Z30</model>
        <mount>casioZ4</mount>
        <cropfactor>6.05</cropfactor>
    </camera>

    <camera>
        <maker>CASIO</maker>
        <maker lang="en">Casio</maker>
        <model>QV-4000</model>
        <mount>canonG2</mount>
        <cropfactor>4.843</cropfactor>
    </camera>

    <camera>
        <maker>CASIO</maker>
        <maker lang="en">Casio</maker>
        <model>QV-3500EX</model>
        <mount>casioQV3500</mount>
        <cropfactor>4.8</cropfactor>
    </camera>

    <camera>
        <maker>CASIO</maker>
        <maker lang="en">Casio</maker>
        <model>QV-3000EX</model>
        <mount>casioQV3500</mount>
        <cropfactor>4.8</cropfactor>
    </camera>

    <camera>
        <maker>CASIO COMPUTER CO.,LTD.</maker>
        <maker lang="en">Casio</maker>
        <model>EX-FH20</model>
        <mount>casioEX-FH20</mount>
        <cropfactor>5.68</cropfactor>
    </camera>

    <lens>
        <maker>Casio</maker>
        <model>Standard</model>
        <mount>casioZ750</mount>
        <cropfactor>4.8</cropfactor>
        <calibration>
            <distortion model="ptlens" focal="7.9" a="0" b="-0.015843" c="0" />
            <distortion model="ptlens" focal="9.5" a="0" b="-0.008169" c="0" />
            <distortion model="ptlens" focal="11.8" a="0" b="-0.006286" c="0" />
            <distortion model="ptlens" focal="14.2" a="0" b="-0.004511" c="0" />
            <distortion model="ptlens" focal="16.6" a="0" b="-0.003361" c="0" />
            <distortion model="ptlens" focal="19.7" a="0" b="-0.004139" c="0" />
            <distortion model="ptlens" focal="23.7" a="0" b="-0.00471" c="0" />
        </calibration>
    </lens>

    <lens>
        <maker>Casio</maker>
        <model>Standard</model>
        <mount>casioP600</mount>
        <cropfactor>4.65</cropfactor>
        <calibration>
            <distortion model="ptlens" focal="7.1" a="0.020742" b="-0.051562" c="0" />
            <distortion model="ptlens" focal="7.81" a="0.015463" b="-0.04079" c="0" />
            <distortion model="ptlens" focal="9.2" a="0.009382" b="-0.022587" c="0" />
            <distortion model="ptlens" focal="11.3" a="0" b="0.00109" c="0" />
            <distortion model="ptlens" focal="14.2" a="0" b="0.003042" c="0" />
            <distortion model="ptlens" focal="19.2" a="0" b="0.00582" c="0" />
            <distortion model="ptlens" focal="23.4" a="0" b="0.005834" c="0" />
            <distortion model="ptlens" focal="28.4" a="0" b="0.00818" c="0" />
        </calibration>
    </lens>

    <lens>
        <maker>Casio</maker>
        <model>WC-DC58A</model>
        <mount>casioP600</mount>
        <cropfactor>4.65</cropfactor>
        <calibration>
            <distortion model="ptlens" focal="7.1" a="0.020587" b="-0.07417" c="0" />
        </calibration>
    </lens>

    <lens>
        <maker>Casio</maker>
        <model>Standard</model>
        <mount>casioZ4</mount>
        <cropfactor>6.05</cropfactor>
        <calibration>
            <distortion model="ptlens" focal="5.8" a="0.016943" b="-0.048353" c="0" />
            <distortion model="ptlens" focal="6.8" a="0.01652" b="-0.044474" c="0" />
            <distortion model="ptlens" focal="8.2" a="0.002124" b="-0.01133" c="0" />
            <distortion model="ptlens" focal="10.2" a="0" b="0" c="0" />
            <distortion model="ptlens" focal="17.4" a="0" b="0" c="0" />
        </calibration>
    </lens>

    <lens>
        <maker>Casio</maker>
        <model>Standard</model>
        <mount>casioQV3500</mount>
        <cropfactor>4.8</cropfactor>
        <calibration>
            <distortion model="ptlens" focal="7.13" a="0.012733" b="-0.03693" c="0" />
            <distortion model="ptlens" focal="9.82" a="0" b="0" c="0" />
            <distortion model="ptlens" focal="14.22" a="0" b="0.003219" c="0" />
            <distortion model="ptlens" focal="20.74" a="0" b="0.004435" c="0" />
        </calibration>
    </lens>

    <lens>
        <maker>Casio</maker>
        <model>Raynox 0.66x</model>
        <mount>casioQV3500</mount>
        <cropfactor>4.8</cropfactor>
        <calibration>
            <distortion model="ptlens" focal="7.13" a="0" b="0.02562" c="-0.106136" />
        </calibration>
    </lens>

</lensdatabase>
