<lensdatabase>

    <mount>
        <name>KodakDC120</name>
        <compat>Generic</compat>
    </mount>

    <mount>
        <name>KodakDC50</name>
        <compat>Generic</compat>
    </mount>

    <camera>
        <maker>Eastman Kodak Company</maker>
        <maker lang="en">Kodak</maker>
        <model>Kodak DC120 ZOOM Digital Camera</model>
        <model lang="en">Kodak DC120</model>
        <mount>KodakDC120</mount>
        <cropfactor>1</cropfactor>
    </camera>

    <camera>
        <maker>Eastman Kodak Company</maker>
        <maker lang="en">Kodak</maker>
        <model>Kodak Digital Science DC50 Zoom Camera</model>
        <model lang="en">Kodak DC50</model>
        <mount>KodakDC50</mount>
        <cropfactor>1</cropfactor>
    </camera>

</lensdatabase>
