<lensdatabase>

    <mount>
        <name>ricohGX</name>
        <compat>Generic</compat>
    </mount>

    <mount>
        <name>ricohGR</name>
        <compat>Generic</compat>
    </mount>

    <mount>
        <name>ricohRR30</name>
        <compat>Generic</compat>
    </mount>

    <camera>
        <maker>RICOH</maker>
        <maker lang="en">Ricoh</maker>
        <model>GR Digital</model>
        <mount>ricohGR</mount>
        <cropfactor>4.8</cropfactor>
    </camera>

    <camera>
        <maker>RICOH</maker>
        <maker lang="en">Ricoh</maker>
        <model>Caplio GX8</model>
        <mount>ricohGX</mount>
        <cropfactor>4.9</cropfactor>
    </camera>

    <camera>
        <maker>RICOH</maker>
        <maker lang="en">Ricoh</maker>
        <model>Caplio GX</model>
        <mount>ricohGX</mount>
        <cropfactor>4.9</cropfactor>
    </camera>

    <camera>
        <maker>RICOH</maker>
        <maker lang="en">Ricoh</maker>
        <model>Caplio RR30</model>
        <mount>ricohRR30</mount>
        <cropfactor>6.4</cropfactor>
    </camera>

    <lens>
        <maker>Ricoh</maker>
        <model>Standard</model>
        <mount>ricohGR</mount>
        <cropfactor>4.8</cropfactor>
        <calibration>
            <distortion model="ptlens" focal="5.9" a="0.008807" b="-0.022132" c="0" />
        </calibration>
    </lens>

    <lens>
        <maker>Ricoh</maker>
        <model>Standard</model>
        <mount>ricohGX</mount>
        <cropfactor>4.9</cropfactor>
        <calibration>
            <distortion model="ptlens" focal="5.8" a="0.010201" b="-0.035572" c="0" />
            <distortion model="ptlens" focal="7.2" a="0.008368" b="-0.030732" c="0" />
            <distortion model="ptlens" focal="8.6" a="0" b="-0.011357" c="0" />
            <distortion model="ptlens" focal="10.6" a="0" b="-0.008582" c="0" />
            <distortion model="ptlens" focal="12" a="0" b="-0.006789" c="0" />
            <distortion model="ptlens" focal="13.5" a="0" b="-0.005898" c="0" />
            <distortion model="ptlens" focal="15" a="0" b="-0.005782" c="0" />
            <distortion model="ptlens" focal="17.4" a="0" b="-0.004653" c="0" />
        </calibration>
    </lens>

    <lens>
        <maker>Ricoh</maker>
        <model>DW-4</model>
        <mount>ricohGX</mount>
        <cropfactor>4.9</cropfactor>
        <calibration>
            <distortion model="ptlens" focal="5.8" a="0.016596" b="-0.050843" c="0" />
            <distortion model="ptlens" focal="7.2" a="0.011694" b="-0.04205" c="0" />
            <distortion model="ptlens" focal="9.3" a="0" b="-0.016018" c="0" />
            <distortion model="ptlens" focal="10" a="0" b="-0.012339" c="0" />
            <distortion model="ptlens" focal="11.3" a="0" b="-0.011732" c="0" />
            <distortion model="ptlens" focal="13.5" a="0" b="-0.007362" c="0" />
            <distortion model="ptlens" focal="15.8" a="0" b="-0.005769" c="0" />
            <distortion model="ptlens" focal="17.4" a="0" b="-0.005946" c="0" />
        </calibration>
    </lens>

    <lens>
        <maker>Ricoh</maker>
        <model>Standard</model>
        <mount>ricohRR30</mount>
        <cropfactor>6.4</cropfactor>
        <calibration>
            <distortion model="ptlens" focal="5.7" a="0" b="-0.015153" c="0" />
            <distortion model="ptlens" focal="7" a="0" b="-0.008738" c="0" />
            <distortion model="ptlens" focal="8" a="0" b="-0.005355" c="0" />
            <distortion model="ptlens" focal="9.3" a="0" b="-0.003278" c="0" />
            <distortion model="ptlens" focal="11.6" a="0" b="-0.002382" c="0" />
            <distortion model="ptlens" focal="13.2" a="0" b="-0.003511" c="0" />
            <distortion model="ptlens" focal="16.3" a="0" b="-0.006576" c="0" />
        </calibration>
    </lens>

</lensdatabase>
