<lensdatabase>

    <mount>
        <name>olympus8080</name>
        <compat>Generic</compat>
    </mount>

    <mount>
        <name>olympus2040</name>
        <compat>Generic</compat>
    </mount>

    <mount>
        <name>olympusStylusV</name>
        <compat>Generic</compat>
    </mount>

    <mount>
        <name>olympus700</name>
        <compat>Generic</compat>
    </mount>

    <mount>
        <name>olympus750</name>
        <compat>Generic</compat>
    </mount>

    <mount>
        <name>olympusC50</name>
        <compat>Generic</compat>
    </mount>

    <mount>
        <name>olympus4000</name>
        <compat>Generic</compat>
    </mount>

    <mount>
        <name>olympusEpic</name>
        <compat>Generic</compat>
    </mount>

    <mount>
        <name>olympus5060</name>
        <compat>Generic</compat>
    </mount>

    <mount>
        <name>olympusC860</name>
        <compat>Generic</compat>
    </mount>

    <mount>
        <name>olympus7000</name>
        <compat>Generic</compat>
    </mount>

    <mount>
        <name>olympusEP1</name>
        <compat>Generic</compat>
    </mount>

    <mount>
        <name>olympusSP350</name>
        <compat>Generic</compat>
    </mount>

    <mount>
        <name>olympusSP500uz</name>
        <compat>Generic</compat>
    </mount>

    <mount>
        <name>olympusSP560uz</name>
        <compat>Generic</compat>
    </mount>

    <camera>
        <maker>OLYMPUS CORPORATION</maker>
        <maker lang="en">Olympus</maker>
        <model>C8080WZ</model>
        <mount>olympus8080</mount>
        <cropfactor>3.933</cropfactor>
    </camera>

    <camera>
        <maker>OLYMPUS IMAGING CORP.</maker>
        <maker lang="en">Olympus</maker>
        <model>u-miniD,Stylus V</model>
        <variant>Stylus Verve S</variant>
        <mount>olympusStylusV</mount>
        <cropfactor>6.0</cropfactor>
    </camera>

    <camera>
        <maker>OLYMPUS IMAGING CORP.</maker>
        <maker lang="en">Olympus</maker>
        <model>C70Z,C7000Z</model>
        <mount>olympus7000</mount>
        <cropfactor>4.8</cropfactor>
    </camera>

    <camera>
        <maker>OLYMPUS OPTICAL CO.,LTD</maker>
        <maker lang="en">Olympus</maker>
        <model>C4100Z,C4000Z</model>
        <mount>olympus4000</mount>
        <cropfactor>4.92</cropfactor>
    </camera>

    <camera>
        <maker>OLYMPUS OPTICAL CO.,LTD</maker>
        <maker lang="en">Olympus</maker>
        <model>C4100Z,C4000Z</model>
        <mount>olympus4000</mount>
        <cropfactor>4.8</cropfactor>
    </camera>

    <camera>
        <maker>OLYMPUS OPTICAL CO.,LTD</maker>
        <maker lang="en">Olympus</maker>
        <model>X-2,C-50Z</model>
        <mount>olympusC50</mount>
        <cropfactor>4.9</cropfactor>
    </camera>

    <camera>
        <maker>OLYMPUS OPTICAL CO.,LTD</maker>
        <maker lang="en">Olympus</maker>
        <model>C750UZ</model>
        <mount>olympus750</mount>
        <cropfactor>6.03</cropfactor>
    </camera>

    <camera>
        <maker>OLYMPUS OPTICAL CO.,LTD</maker>
        <maker lang="en">Olympus</maker>
        <model>C730UZ</model>
        <mount>olympus700</mount>
        <cropfactor>6.52</cropfactor>
    </camera>

    <camera>
        <maker>OLYMPUS OPTICAL CO.,LTD</maker>
        <maker lang="en">Olympus</maker>
        <model>C700UZ</model>
        <mount>olympus700</mount>
        <cropfactor>6.52</cropfactor>
    </camera>

    <camera>
        <maker>OLYMPUS IMAGING CORP.</maker>
        <maker lang="en">Olympus</maker>
        <model>C7070WZ</model>
        <mount>olympus5060</mount>
        <cropfactor>4.930</cropfactor>
    </camera>

    <camera>
        <maker>OLYMPUS CORPORATION</maker>
        <maker lang="en">Olympus</maker>
        <model>C7070WZ</model>
        <mount>olympus5060</mount>
        <cropfactor>4.930</cropfactor>
    </camera>

    <camera>
        <maker>OLYMPUS CORPORATION</maker>
        <maker lang="en">Olympus</maker>
        <model>C5060WZ</model>
        <mount>olympus5060</mount>
        <cropfactor>4.930</cropfactor>
    </camera>

    <camera>
        <maker>OLYMPUS OPTICAL CO.,LTD</maker>
        <maker lang="en">Olympus</maker>
        <model>C5050Z</model>
        <mount>olympus2040</mount>
        <cropfactor>4.930</cropfactor>
    </camera>

    <camera>
        <maker>OLYMPUS OPTICAL CO.,LTD</maker>
        <maker lang="en">Olympus</maker>
        <model>C4040Z</model>
        <mount>olympus2040</mount>
        <cropfactor>4.930</cropfactor>
    </camera>

    <camera>
        <maker>OLYMPUS OPTICAL CO.,LTD</maker>
        <maker lang="en">Olympus</maker>
        <model>C3040Z</model>
        <mount>olympus2040</mount>
        <cropfactor>4.930</cropfactor>
    </camera>

    <camera>
        <maker>OLYMPUS OPTICAL CO.,LTD</maker>
        <maker lang="en">Olympus</maker>
        <model>C2040Z</model>
        <mount>olympus2040</mount>
        <cropfactor>4.930</cropfactor>
    </camera>

    <camera>
        <maker>OLYMPUS OPTICAL CO.,LTD</maker>
        <maker lang="en">Olympus</maker>
        <model>C860L,D360L</model>
        <mount>olympusC860</mount>
        <cropfactor>6.563</cropfactor>
    </camera>

    <camera>
        <maker>Olympus</maker>
        <model>mju-II</model>
        <mount>olympusEpic</mount>
        <cropfactor>1.0</cropfactor>
    </camera>

    <camera>
        <maker>Olympus</maker>
        <model>Stylus Epic</model>
        <mount>olympusEpic</mount>
        <cropfactor>1.0</cropfactor>
    </camera>

    <camera>
        <maker>OLYMPUS IMAGING CORP.</maker>
        <maker lang="en">Olympus</maker>
        <model>EP-1</model>
        <mount>olympusEP1</mount>
        <cropfactor>2.0</cropfactor>
    </camera>

    <camera>
        <maker>OLYMPUS IMAGING CORP.</maker>
        <maker lang="en">Olympus</maker>
        <model>SP350</model>
        <mount>olympusSP350</mount>
        <cropfactor>4.8</cropfactor>
    </camera>

    <camera>
        <maker>OLYMPUS IMAGING CORP.</maker>
        <maker lang="en">Olympus</maker>
        <model>SP500UZ</model>
        <mount>olympusSP500</mount>
        <cropfactor>6.0</cropfactor>
    </camera>

    <camera>
        <maker>OLYMPUS IMAGING CORP.</maker>
        <maker lang="en">Olympus</maker>
        <model>SP560UZ</model>
        <mount>olympusSP560</mount>
        <cropfactor>5.8</cropfactor>
    </camera>

    <lens>
        <maker>Olympus</maker>
        <model>Standard</model>
        <mount>olympus8080</mount>
        <cropfactor>3.933</cropfactor>
        <calibration>
            <distortion model="ptlens" focal="7.1" a="0.013182" b="-0.036019" c="0" />
            <distortion model="ptlens" focal="8.4" a="0.007334" b="-0.017216" c="0" />
            <distortion model="ptlens" focal="10.7" a="0.001287" b="0.004729" c="0" />
            <distortion model="ptlens" focal="11.9" a="0.006157" b="-0.005368" c="0" />
            <distortion model="ptlens" focal="15.8" a="0.001207" b="0.003221" c="0" />
            <distortion model="ptlens" focal="20.6" a="0.003286" b="0.001466" c="0" />
            <distortion model="ptlens" focal="27.1" a="0.004701" b="-0.005662" c="0" />
            <distortion model="ptlens" focal="31.9" a="-0.00563" b="0.017601" c="0" />
            <distortion model="ptlens" focal="35.6" a="0.013081" b="-0.014879" c="0" />
        </calibration>
    </lens>

    <lens>
        <maker>Olympus</maker>
        <model>Standard</model>
        <mount>olympusStylusV</mount>
        <cropfactor>6.0</cropfactor>
        <calibration>
            <distortion model="ptlens" focal="5.95" a="0" b="-0.015907" c="0" />
            <distortion model="ptlens" focal="6.76" a="0" b="-0.01018" c="0" />
            <distortion model="ptlens" focal="8.02" a="0" b="-0.005811" c="0" />
            <distortion model="ptlens" focal="9.34" a="0" b="-0.004323" c="0" />
            <distortion model="ptlens" focal="10.65" a="0" b="-0.002622" c="0" />
            <distortion model="ptlens" focal="11.52" a="0" b="-0.001258" c="0" />
        </calibration>
    </lens>

    <lens>
        <maker>Olympus</maker>
        <model>Standard</model>
        <mount>olympus7000</mount>
        <cropfactor>4.8</cropfactor>
        <calibration>
            <distortion model="ptlens" focal="7.9" a="0.008728" b="-0.032692" c="0" />
            <distortion model="ptlens" focal="10.4" a="0.004014" b="-0.012678" c="0" />
            <distortion model="ptlens" focal="11.2" a="0.000366" b="-0.004663" c="0" />
            <distortion model="ptlens" focal="12.1" a="0" b="-0.002819" c="0" />
            <distortion model="ptlens" focal="14.3" a="0" b="-0.002892" c="0" />
            <distortion model="ptlens" focal="17.1" a="0" b="-0.002579" c="0" />
            <distortion model="ptlens" focal="18.7" a="0" b="-0.002406" c="0" />
            <distortion model="ptlens" focal="22.3" a="0" b="-0.000464" c="0" />
            <distortion model="ptlens" focal="31.3" a="0" b="0.005551" c="0" />
            <distortion model="ptlens" focal="39.5" a="0" b="0.00644" c="0" />
        </calibration>
    </lens>

    <lens>
        <maker>Olympus</maker>
        <model>Standard</model>
        <mount>olympus4000</mount>
        <cropfactor>4.92</cropfactor>
        <calibration>
            <distortion model="ptlens" focal="6.8" a="0.021642" b="-0.049919" c="0" />
            <distortion model="ptlens" focal="7.3" a="0.019191" b="-0.041291" c="0" />
            <distortion model="ptlens" focal="7.7" a="0.016704" b="-0.034647" c="0" />
            <distortion model="ptlens" focal="8.5" a="0.007519" b="-0.013786" c="0" />
            <distortion model="ptlens" focal="9.6" a="0.010265" b="-0.014702" c="0" />
            <distortion model="ptlens" focal="11.5" a="0.008528" b="-0.008361" c="0" />
            <distortion model="ptlens" focal="13.9" a="0.007456" b="-0.006165" c="0" />
            <distortion model="ptlens" focal="14.8" a="0" b="0.006037" c="0" />
            <distortion model="ptlens" focal="19.1" a="0" b="0.004666" c="0" />
        </calibration>
    </lens>

    <lens>
        <maker>Olympus</maker>
        <model>A-28 iS/L Converter</model>
        <mount>olympus4000</mount>
        <cropfactor>4.92</cropfactor>
        <calibration>
            <distortion model="ptlens" focal="6.8" a="0.033" b="-0.072996" c="0" />
            <distortion model="ptlens" focal="8.5" a="0.018055" b="-0.035714" c="0" />
            <distortion model="ptlens" focal="9.6" a="0.011346" b="-0.019011" c="0" />
            <distortion model="ptlens" focal="10.7" a="0" b="0.005155" c="0" />
            <distortion model="ptlens" focal="12" a="0" b="0.005255" c="0" />
            <distortion model="ptlens" focal="13.1" a="0" b="0.005363" c="0" />
            <distortion model="ptlens" focal="14.8" a="0" b="0.004901" c="0" />
            <distortion model="ptlens" focal="19.9" a="0" b="0.004447" c="0" />
        </calibration>
    </lens>

    <lens>
        <maker>Olympus</maker>
        <model>Standard</model>
        <mount>olympusC50</mount>
        <cropfactor>4.9</cropfactor>
        <calibration>
            <distortion model="ptlens" focal="7.8" a="0" b="-0.013352" c="0" />
            <distortion model="ptlens" focal="9.04" a="0" b="-0.011264" c="0" />
            <distortion model="ptlens" focal="10.59" a="0" b="-0.008279" c="0" />
            <distortion model="ptlens" focal="12.36" a="0" b="-0.004946" c="0" />
            <distortion model="ptlens" focal="18.83" a="0" b="-0.002577" c="0" />
            <distortion model="ptlens" focal="21.64" a="0" b="-0.001835" c="0" />
            <distortion model="ptlens" focal="23.4" a="0" b="-0.001201" c="0" />
        </calibration>
    </lens>

    <lens>
        <maker>Olympus</maker>
        <model>Standard</model>
        <mount>olympus750</mount>
        <cropfactor>6.03</cropfactor>
        <calibration>
            <distortion model="ptlens" focal="6.3" a="0.014396" b="-0.03198" c="0" />
            <distortion model="ptlens" focal="8.6" a="0.004455" b="-0.008915" c="0" />
            <distortion model="ptlens" focal="10.4" a="0.000123" b="-0.001324" c="0" />
            <distortion model="ptlens" focal="12.1" a="0" b="0" c="0" />
            <distortion model="ptlens" focal="52.4" a="0" b="0" c="0" />
            <distortion model="ptlens" focal="57.1" a="0" b="0.001557" c="0" />
            <distortion model="ptlens" focal="63" a="0" b="0.004464" c="0" />
        </calibration>
    </lens>

    <lens>
        <maker>Olympus</maker>
        <model>Standard</model>
        <mount>olympus700</mount>
        <cropfactor>6.52</cropfactor>
        <calibration>
            <distortion model="ptlens" focal="5.9" a="0.02035" b="-0.054079" c="0" />
            <distortion model="ptlens" focal="6.9" a="0.014877" b="-0.033764" c="0" />
            <distortion model="ptlens" focal="10" a="0.008152" b="-0.016493" c="0" />
            <distortion model="ptlens" focal="13.7" a="0" b="-0.001382" c="0" />
            <distortion model="ptlens" focal="17.3" a="0" b="-0.002491" c="0" />
            <distortion model="ptlens" focal="23.7" a="0" b="-0.002448" c="0" />
            <distortion model="ptlens" focal="32.4" a="0" b="-0.004102" c="0" />
            <distortion model="ptlens" focal="58" a="0" b="-0" c="0" />
        </calibration>
    </lens>

    <lens>
        <maker>Olympus</maker>
        <model>Standard</model>
        <mount>olympus2040</mount>
        <cropfactor>4.930</cropfactor>
        <calibration>
            <distortion model="ptlens" focal="7.1" a="0.018282" b="-0.052125" c="0" />
            <distortion model="ptlens" focal="7.9" a="0.019487" b="-0.050797" c="0" />
            <distortion model="ptlens" focal="8.2" a="0.012667" b="-0.033455" c="0" />
            <distortion model="ptlens" focal="8.4" a="0.007855" b="-0.023699" c="0" />
            <distortion model="ptlens" focal="8.7" a="0.012867" b="-0.032007" c="0" />
            <distortion model="ptlens" focal="9.3" a="0.000566" b="-0.004599" c="0" />
            <distortion model="ptlens" focal="11.9" a="0.007423" b="-0.014208" c="0" />
            <distortion model="ptlens" focal="13.2" a="-0.002075" b="0.005545" c="0" />
            <distortion model="ptlens" focal="15" a="-0.004884" b="0.014178" c="0" />
            <distortion model="ptlens" focal="17.6" a="-0.013836" b="0.033711" c="0" />
            <distortion model="ptlens" focal="21.3" a="0.000657" b="0.002024" c="0" />
        </calibration>
    </lens>

    <lens>
        <maker>Olympus</maker>
        <model>WCON-08B</model>
        <mount>olympus2040</mount>
        <cropfactor>4.930</cropfactor>
        <calibration>
            <distortion model="ptlens" focal="7.1" a="0.027465" b="-0.07362" c="0" />
            <distortion model="ptlens" focal="7.9" a="0.012773" b="-0.036148" c="0" />
            <distortion model="ptlens" focal="8.7" a="0.019964" b="-0.047659" c="0" />
            <distortion model="ptlens" focal="9" a="0.010697" b="-0.028343" c="0" />
            <distortion model="ptlens" focal="10.5" a="0.004591" b="-0.013381" c="0" />
            <distortion model="ptlens" focal="11.9" a="0.01083" b="-0.021339" c="0" />
            <distortion model="ptlens" focal="13.2" a="0.005054" b="-0.010225" c="0" />
            <distortion model="ptlens" focal="14.5" a="0.001686" b="-0.001529" c="0" />
            <distortion model="ptlens" focal="16.9" a="-0.002782" b="0.008112" c="0" />
            <distortion model="ptlens" focal="17.6" a="0.000679" b="0.001663" c="0" />
            <distortion model="ptlens" focal="21.3" a="0.004686" b="-0.008143" c="0" />
        </calibration>
    </lens>

    <lens>
        <maker>Olympus</maker>
        <model>Standard</model>
        <mount>olympus5060</mount>
        <cropfactor>4.843</cropfactor>
        <calibration>
            <distortion model="ptlens" focal="5.7" a="0" b="-0.004736" c="-0.025632" />
            <distortion model="ptlens" focal="7.3" a="0" b="-0.001423" c="-0.032997" />
            <distortion model="ptlens" focal="8.6" a="0" b="-0.043809" c="0.067939" />
            <distortion model="ptlens" focal="10" a="0" b="-0.010586" c="0.000919" />
            <distortion model="ptlens" focal="11.8" a="0" b="-0.007287" c="0.002822" />
            <distortion model="ptlens" focal="12.8" a="0" b="-0.007539" c="-0.014107" />
            <distortion model="ptlens" focal="13.4" a="0" b="-0.015426" c="0.0202" />
            <distortion model="ptlens" focal="14.5" a="0" b="-0.011352" c="0.021863" />
            <distortion model="ptlens" focal="15.8" a="0" b="-0.000188" c="-0.010549" />
            <distortion model="ptlens" focal="18.9" a="0" b="-0.009209" c="0.013324" />
            <distortion model="ptlens" focal="20.4" a="0" b="0" c="0" />
            <distortion model="ptlens" focal="22.9" a="0" b="0" c="0" />
        </calibration>
    </lens>

    <lens>
        <maker>Olympus</maker>
        <model>Standard</model>
        <mount>olympusC860</mount>
        <cropfactor>6.563</cropfactor>
        <calibration>
            <distortion model="ptlens" focal="5.5" a="0.01115" b="-0.029245" c="0" />
        </calibration>
    </lens>

    <lens>
        <maker>Olympus</maker>
        <model>Standard</model>
        <mount>olympusEpic</mount>
        <cropfactor>1.0</cropfactor>
        <calibration>
            <distortion model="ptlens" focal="35" a="-0.01247" b="0.027098" c="0" />
        </calibration>
    </lens>

</lensdatabase>
