<!--
    The meaning of this file is to provide some generic lenses that can be used
    to correct or simulate geometric distortions for specific types of lenses.
    It does not provide (obviously) any calibration data.
-->
<lensdatabase>

    <mount>
        <name>M42</name>
        <compat>Generic</compat>
    </mount>

    <mount>
        <name>Generic</name>
        <compat>Canon EF</compat>
        <compat>Canon EF-S</compat>
        <compat>Contax/Yashica</compat>
        <compat>Nikon F</compat>
        <compat>Nikon F AI</compat>
        <compat>Nikon F AI-S</compat>
        <compat>Nikon F AF</compat>
        <compat>4/3 System</compat>
        <compat>olympusE10</compat>
        <compat>Pentax K</compat>
        <compat>Pentax KA</compat>
        <compat>Pentax KAF</compat>
        <compat>Pentax KAF2</compat>
        <compat>Sigma</compat>
        <compat>Sony Alpha</compat>
        <compat>M42</compat>
    </mount>

    <camera>
        <maker>Generic</maker>
        <model>Crop-factor 1.0 (Full Frame)</model>
        <mount>Generic</mount>
        <cropfactor>1.0</cropfactor>
    </camera>

    <camera>
        <maker>Generic</maker>
        <model>Crop-factor 1.1</model>
        <mount>Generic</mount>
        <cropfactor>1.1</cropfactor>
    </camera>

    <camera>
        <maker>Generic</maker>
        <model>Crop-factor 1.3 (APS-H)</model>
        <mount>Generic</mount>
        <cropfactor>1.3</cropfactor>
    </camera>

    <camera>
        <maker>Generic</maker>
        <model>Crop-factor 1.5 (APS-C)</model>
        <mount>Generic</mount>
        <cropfactor>1.5</cropfactor>
    </camera>

    <camera>
        <maker>Generic</maker>
        <model>Crop-factor 1.6 (APS-C)</model>
        <mount>Generic</mount>
        <cropfactor>1.6</cropfactor>
    </camera>

    <camera>
        <maker>Generic</maker>
        <model>Crop-factor 1.7</model>
        <mount>Generic</mount>
        <cropfactor>1.7</cropfactor>
    </camera>

    <camera>
        <maker>Generic</maker>
        <model>Crop-factor 2.0 (Four-Thirds)</model>
        <mount>Generic</mount>
        <cropfactor>2.0</cropfactor>
    </camera>

    <lens>
        <maker>Generic</maker>
        <model>Rectilinear 10-1000mm f/1.0</model>
        <mount>Generic</mount>
        <cropfactor>1.0</cropfactor>
        <type>rectilinear</type>
    </lens>

    <lens>
        <maker>Generic</maker>
        <model>Fisheye 8-20mm f/1.0</model>
        <mount>Generic</mount>
        <cropfactor>1.0</cropfactor>
        <type>fisheye</type>
    </lens>

    <lens>
        <maker>Generic</maker>
        <model>Panoramic 10-100mm f/1.0</model>
        <mount>Generic</mount>
        <cropfactor>1.0</cropfactor>
        <type>panoramic</type>
    </lens>

</lensdatabase>
