<!--
    I have created this file to have a place where I can drop all information
    that I can find about Leica rangefinder cameras and lenses. It's far from
    being complete; feel free to extend this file.
-->

<lensdatabase>

    <mount>
        <name>Leica M</name>
        <compat>Generic</compat>
    </mount>

    <lens>
        <maker>Leica</maker>
        <model>Elmarit-M 2.8/21 ASPH</model>
        <cci red="0" green="6" blue="5" />
        <mount>Leica M</mount>
    </lens>

    <lens>
        <maker>Leica</maker>
        <model>Elmarit-M 2.8/21</model>
        <cci red="0" green="5" blue="2" />
        <mount>Leica M</mount>
    </lens>

    <lens>
        <maker>Leica</maker>
        <model>Elmarit-M 24mm f/2.8 ASPH</model>
        <cci red="0" green="5" blue="5" />
        <mount>Leica M</mount>
    </lens>

    <lens>
        <maker>Leica</maker>
        <model>Elmarit-M 2.8/28</model>
        <cci red="0" green="5" blue="4" />
        <mount>Leica M</mount>
    </lens>

    <lens>
        <maker>Leica</maker>
        <model>Elmarit-M 2.8/28</model>
        <cci red="0" green="4" blue="2" />
        <mount>Leica M</mount>
    </lens>

    <lens>
        <maker>Leica</maker>
        <model>Summilux-M 1.4/35 ASPH</model>
        <cci red="0" green="6" blue="6" />
        <mount>Leica M</mount>
    </lens>

    <lens>
        <maker>Leica</maker>
        <model>Summilux-M 1.4/35 ASPH</model>
        <cci red="0" green="5" blue="5" />
        <mount>Leica M</mount>
    </lens>

    <lens>
        <maker>Leica</maker>
        <model>Summilux-M 1.4/35</model>
        <cci red="0" green="4" blue="1" />
        <mount>Leica M</mount>
    </lens>

    <lens>
        <maker>Leica</maker>
        <model>Summicron-M 2/35 ASPH</model>
        <cci red="0" green="4" blue="3" />
        <mount>Leica M</mount>
    </lens>

    <lens>
        <maker>Leica</maker>
        <model>Noctilux-M 1/50</model>
        <cci red="0" green="8" blue="6" />
        <mount>Leica M</mount>
    </lens>

    <lens>
        <maker>Leica</maker>
        <model>Sumilux-M 1.4/50</model>
        <cci red="0" green="5" blue="2" />
        <mount>Leica M</mount>
    </lens>

    <lens>
        <maker>Leica</maker>
        <model>Summicron-M 2/50</model>
        <cci red="0" green="5" blue="4" />
        <mount>Leica M</mount>
    </lens>

    <lens>
        <maker>Leica</maker>
        <model>Elmar-M 2.8/50</model>
        <cci red="0" green="6" blue="5" />
        <mount>Leica M</mount>
    </lens>

    <lens>
        <maker>Leica</maker>
        <model>Summilux-M 1.4/75</model>
        <cci red="0" green="6" blue="3" />
        <mount>Leica M</mount>
    </lens>

    <lens>
        <maker>Leica</maker>
        <model>APO-Summicron-M 2/90 ASPH</model>
        <cci red="0" green="6" blue="4" />
        <mount>Leica M</mount>
    </lens>

    <lens>
        <maker>Leica</maker>
        <model>Apo-Telyt-M 3.4/135</model>
        <cci red="0" green="5" blue="4" />
        <mount>Leica M</mount>
    </lens>

    <lens>
        <maker>Leica</maker>
        <model>Elmarit-M 2.8/135</model>
        <cci red="0" green="6" blue="4" />
        <mount>Leica M</mount>
    </lens>

    <lens>
        <maker>Leica</maker>
        <model>Tri-Elmar 4/28</model>
        <cci red="0" green="5" blue="3" />
        <mount>Leica M</mount>
    </lens>

    <lens>
        <maker>Leica</maker>
        <model>Tri-Elmar 4/35</model>
        <cci red="0" green="5" blue="3" />
        <mount>Leica M</mount>
    </lens>
 
    <lens>
        <maker>Leica</maker>
        <model>Tri-Elmar 4/50</model>
        <cci red="0" green="5" blue="3" />
        <mount>Leica M</mount>
    </lens>

</lensdatabase>
