<!--
    This file contains some of the cameras and lenses from:
    "Krasnogorsky zavod" JSC (http://www.zenit-foto.ru/english/index.htm)
    "Belarusian Optical and Mechanical Associtaion" (http://www.belomo.by/)
-->
<lensdatabase>

    <camera>
        <maker>KMZ</maker>
        <maker lang="ru">КМЗ</maker>
        <model>Zenit 122</model>
        <model lang="ru">Зенит 122</model>
        <mount>M42</mount>
        <cropfactor>1.0</cropfactor>
    </camera>

    <camera>
        <maker>KMZ</maker>
        <maker lang="ru">КМЗ</maker>
        <model>Zenit 122K</model>
        <model lang="ru">Зенит 122K</model>
        <mount>Pentax K</mount>
        <cropfactor>1.0</cropfactor>
    </camera>

    <camera>
        <maker>KMZ</maker>
        <maker lang="ru">КМЗ</maker>
        <model>Zenit 212K</model>
        <model lang="ru">Зенит 212K</model>
        <mount>Pentax K</mount>
        <cropfactor>1.0</cropfactor>
    </camera>

    <camera>
        <maker>KMZ</maker>
        <maker lang="ru">КМЗ</maker>
        <model>Zenit 312K</model>
        <model lang="ru">Зенит 312K</model>
        <mount>Pentax K</mount>
        <cropfactor>1.0</cropfactor>
    </camera>

    <camera>
        <maker>KMZ</maker>
        <maker lang="ru">КМЗ</maker>
        <model>Zenit 412LS</model>
        <model lang="ru">Зенит 412LS</model>
        <mount>M42</mount>
        <cropfactor>1.0</cropfactor>
    </camera>

    <camera>
        <maker>KMZ</maker>
        <maker lang="ru">КМЗ</maker>
        <model>Zenit KM</model>
        <model lang="ru">Зенит KM</model>
        <mount>Pentax K</mount>
        <cropfactor>1.0</cropfactor>
    </camera>

    <lens>
        <maker>KMZ</maker>
        <maker lang="ru">КМЗ</maker>
        <model>MC Mir-20M 3.5/20</model>
        <model lang="ru">МС Мир-20М 3.5/20</model>
        <mount>M42</mount>
        <cropfactor>1.0</cropfactor>
    </lens>

    <lens>
        <maker>KMZ</maker>
        <maker lang="ru">КМЗ</maker>
        <model>MC Zenitar 2.8/16</model>
        <model lang="ru">МС Зенитар 2.8/16</model>
        <type>fisheye</type>
        <mount>M42</mount>
        <mount>Pentax K</mount>
        <mount>Nikon F</mount>
        <cropfactor>1.0</cropfactor>
    </lens>

    <lens>
        <maker>KMZ</maker>
        <maker lang="ru">КМЗ</maker>
        <model>MC Zenitar 2/50</model>
        <model lang="ru">МС Зенитар 2/50</model>
        <mount>M42</mount>
        <mount>Pentax K</mount>
        <cropfactor>1.0</cropfactor>
    </lens>

    <lens>
        <maker>KMZ</maker>
        <maker lang="ru">КМЗ</maker>
        <model>MC APO Telezenitar 2.8/135</model>
        <model lang="ru">МС АПО Телезенитар 2.8/135</model>
        <mount>M42</mount>
        <cropfactor>1.0</cropfactor>
    </lens>

    <lens>
        <maker>KMZ</maker>
        <maker lang="ru">КМЗ</maker>
        <model>MC APO Telezenitar 4.5/300</model>
        <model lang="ru">МС АПО Телезенитар 4.5/300</model>
        <mount>M42</mount>
        <cropfactor>1.0</cropfactor>
    </lens>

    <lens>
        <maker>KMZ</maker>
        <maker lang="ru">КМЗ</maker>
        <model>MC Variozenitar-K 2.8-3.5/25-45</model>
        <model lang="ru">МС Вариозенитар-К 2.8-3.5/25-45</model>
        <mount>M42</mount>
        <cropfactor>1.0</cropfactor>
        <aperture min="2.8" max="3.5" />
        <focal min="25" max="45" />
    </lens>

    <lens>
        <maker>BelOMO</maker>
        <maker lang="ru">БелОМО</maker>
        <model>MC Peleng 3.5/8</model>
        <model lang="ru">МС Пеленг 3.5/8</model>
        <mount>M42</mount>
        <mount>Pentax K</mount>
        <mount>Nikon F</mount>
        <mount>Canon EF</mount>
        <cropfactor>1.0</cropfactor>
        <aperture min="3.5" max="16" />
        <type>fisheye</type>
    </lens>

</lensdatabase>
