<lensdatabase>

    <mount>
        <name>Minolta AF</name>
        <compat>M42</compat>
        <compat>Sony Alpha</compat>
        <compat>Generic</compat>
    </mount>

    <camera>
        <maker>KONICA MINOLTA</maker>
        <maker lang="en">Konica Minolta</maker>
        <model>MAXXUM 5D</model>
        <model lang="en">Maxxum 5D</model>
        <mount>Minolta AF</mount>
        <cropfactor>1.5</cropfactor>
    </camera>

    <camera>
        <maker>KONICA MINOLTA</maker>
        <maker lang="en">Konica Minolta</maker>
        <model>DYNAX 5D</model>
        <model lang="en">Dynax 5D</model>
        <mount>Minolta AF</mount>
        <cropfactor>1.5</cropfactor>
    </camera>

    <camera>
        <maker>KONICA MINOLTA</maker>
        <maker lang="en">Konica Minolta</maker>
        <model>MAXXUM 7D</model>
        <model lang="en">Maxxum 7D</model>
        <mount>Minolta AF</mount>
        <cropfactor>1.5</cropfactor>
    </camera>

    <camera>
        <maker>KONICA MINOLTA</maker>
        <maker lang="en">Konica Minolta</maker>
        <model>DYNAX 7D</model>
        <model lang="en">Dynax 7D</model>
        <mount>Minolta AF</mount>
        <cropfactor>1.5</cropfactor>
    </camera>

    <lens>
        <maker>Konica Minolta</maker>
        <model>KM 24-105mm 3.5-4.5 AF D</model>
        <mount>Minolta AF</mount>
        <cropfactor>1.5</cropfactor>
        <calibration>
            <distortion model="ptlens" focal="24" a="0.004504" b="-0.01756" c="0" />
            <distortion model="ptlens" focal="28" a="0" b="-0.001188" c="0" />
            <distortion model="ptlens" focal="30" a="0" b="0.001378" c="0" />
            <distortion model="ptlens" focal="40" a="0" b="0.003241" c="0" />
            <distortion model="ptlens" focal="60" a="0" b="0.003895" c="0" />
            <distortion model="ptlens" focal="70" a="0" b="0.005226" c="0" />
            <distortion model="ptlens" focal="80" a="0" b="0.005343" c="0" />
            <distortion model="ptlens" focal="90" a="0" b="0.005201" c="0" />
            <distortion model="ptlens" focal="105" a="0" b="0.005796" c="0" />
        </calibration>
    </lens>

    <lens>
        <maker>Konica Minolta</maker>
        <model>KM 28-100mm 3.5-5.6 AF D</model>
        <mount>Minolta AF</mount>
        <cropfactor>1.5</cropfactor>
        <calibration>
            <distortion model="ptlens" focal="28" a="0.005155" b="-0.020044" c="0" />
            <distortion model="ptlens" focal="35" a="0.005248" b="-0.012857" c="0" />
            <distortion model="ptlens" focal="40" a="0" b="-0.000766" c="0" />
            <distortion model="ptlens" focal="50" a="0" b="0.001775" c="0" />
            <distortion model="ptlens" focal="60" a="0" b="0.002973" c="0" />
            <distortion model="ptlens" focal="100" a="0" b="0.002931" c="0" />
        </calibration>
    </lens>

    <lens>
        <maker>Konica Minolta</maker>
        <model>KM 80-200mm 2.8</model>
        <mount>Minolta AF</mount>
        <cropfactor>1.5</cropfactor>
        <calibration>
            <distortion model="ptlens" focal="80" a="0" b="-0.004374" c="0" />
            <distortion model="ptlens" focal="90" a="0" b="-0.002544" c="0" />
            <distortion model="ptlens" focal="100" a="0" b="-0.000886" c="0" />
            <distortion model="ptlens" focal="110" a="0" b="0" c="0" />
            <distortion model="ptlens" focal="135" a="0" b="0.001336" c="0" />
            <distortion model="ptlens" focal="150" a="0" b="0.002115" c="0" />
            <distortion model="ptlens" focal="180" a="0" b="0.00279" c="0" />
            <distortion model="ptlens" focal="200" a="0" b="0.001971" c="0" />
        </calibration>
    </lens>

    <lens>
        <maker>Konica Minolta</maker>
        <model>KM 20mm 2.8</model>
        <mount>Minolta AF</mount>
        <cropfactor>1.5</cropfactor>
        <calibration>
            <distortion model="ptlens" focal="20" a="0.005548" b="-0.022552" c="0" />
        </calibration>
    </lens>

</lensdatabase>
