<lensdatabase>

    <camera>
        <maker>Panasonic</maker>
        <model>DMC-G1</model>
        <mount>4/3 System</mount>
        <cropfactor>2.0</cropfactor>
    </camera>

    <camera>
        <maker>Panasonic</maker>
        <model>DMC-L1</model>
        <mount>4/3 System</mount>
        <cropfactor>2.0</cropfactor>
    </camera>

    <camera>
        <maker>Panasonic</maker>
        <model>DMC-GF1</model>
        <mount>4/3 System</mount>
        <cropfactor>2.0</cropfactor>
    </camera>

</lensdatabase>
