<lensdatabase>

    <mount>
        <name>4/3 System</name>
        <compat>M42</compat>
        <compat>Generic</compat>
    </mount>

    <mount>
        <name>olympusE10</name>
        <compat>Generic</compat>
    </mount>

    <camera>
        <maker>OLYMPUS IMAGING CORP.</maker>
        <maker lang="en">Olympus</maker>
        <model>E-400</model>
        <mount>4/3 System</mount>
        <cropfactor>2.0</cropfactor>
    </camera>

    <camera>
        <maker>OLYMPUS IMAGING CORP.</maker>
        <maker lang="en">Olympus</maker>
        <model>E-410</model>
        <mount>4/3 System</mount>
        <cropfactor>2.0</cropfactor>
    </camera>

    <camera>
        <maker>OLYMPUS IMAGING CORP.</maker>
        <maker lang="en">Olympus</maker>
        <model>E-420</model>
        <mount>4/3 System</mount>
        <cropfactor>2.0</cropfactor>
    </camera>

    <camera>
        <maker>OLYMPUS IMAGING CORP.</maker>
        <maker lang="en">Olympus</maker>
        <model>E-450</model>
        <mount>4/3 System</mount>
        <cropfactor>2.0</cropfactor>
    </camera>

    <camera>
        <maker>OLYMPUS IMAGING CORP.</maker>
        <maker lang="en">Olympus</maker>
        <model>E-500</model>
        <mount>4/3 System</mount>
        <cropfactor>2.0</cropfactor>
    </camera>

    <camera>
        <maker>OLYMPUS IMAGING CORP.</maker>
        <maker lang="en">Olympus</maker>
        <model>E-510</model>
        <mount>4/3 System</mount>
        <cropfactor>2.0</cropfactor>
    </camera>

    <camera>
        <maker>OLYMPUS IMAGING CORP.</maker>
        <maker lang="en">Olympus</maker>
        <model>E-520</model>
        <mount>4/3 System</mount>
        <cropfactor>2.0</cropfactor>
    </camera>

    <camera>
        <maker>OLYMPUS IMAGING CORP.</maker>
        <maker lang="en">Olympus</maker>
        <model>E-620</model>
        <mount>4/3 System</mount>
        <cropfactor>2.0</cropfactor>
    </camera>

    <camera>
        <maker>OLYMPUS IMAGING CORP.</maker>
        <maker lang="en">Olympus</maker>
        <model>E-330</model>
        <mount>4/3 System</mount>
        <cropfactor>2.0</cropfactor>
    </camera>

    <camera>
        <maker>OLYMPUS IMAGING CORP.</maker>
        <maker lang="en">Olympus</maker>
        <model>E-300</model>
        <mount>4/3 System</mount>
        <cropfactor>2.0</cropfactor>
    </camera>

    <camera>
        <maker>OLYMPUS CORPORATION</maker>
        <maker lang="en">Olympus</maker>
        <model>E-1</model>
        <mount>4/3 System</mount>
        <cropfactor>2.0</cropfactor>
    </camera>

    <camera>
        <maker>OLYMPUS OPTICAL CO.,LTD</maker>
        <maker lang="en">Olympus</maker>
        <model>E-20,E-20N,E-20P</model>
        <mount>olympusE10</mount>
        <cropfactor>3.933</cropfactor>
    </camera>

    <camera>
        <maker>OLYMPUS OPTICAL CO.,LTD</maker>
        <maker lang="en">Olympus</maker>
        <model>E-10</model>
        <mount>olympusE10</mount>
        <cropfactor>3.933</cropfactor>
    </camera>

    <camera>
        <maker>OLYMPUS IMAGING CORP.</maker>
        <maker lang="en">Olympus</maker>
        <model>E-30</model>
        <mount>4/3 System</mount>
        <cropfactor>2.0</cropfactor>
    </camera>

    <camera>
        <maker>OLYMPUS IMAGING CORP.</maker>
        <maker lang="en">Olympus</maker>
        <model>E-3</model>
        <mount>4/3 System</mount>
        <cropfactor>2.0</cropfactor>
    </camera>

    <lens>
        <maker>Olympus</maker>
        <model>Zuiko Digital 7-14mm f/4.0</model>
        <mount>4/3 System</mount>
        <cropfactor>2.0</cropfactor>
        <calibration>
            <distortion model="ptlens" focal="7" a="-0.013136" b="0.015797" c="0" />
            <distortion model="ptlens" focal="8" a="-0.020562" b="0.041619" c="0" />
            <distortion model="ptlens" focal="9" a="0" b="-0.00181" c="0" />
            <distortion model="ptlens" focal="10" a="0" b="0" c="0" />
            <distortion model="ptlens" focal="12" a="0" b="0.004183" c="0" />
            <distortion model="ptlens" focal="14" a="0" b="0.005149" c="0" />
        </calibration>
    </lens>

    <lens>
        <maker>Olympus</maker>
        <model>Zuiko Digital 11-22mm f/2.8-3.5</model>
        <mount>4/3 System</mount>
        <cropfactor>2.0</cropfactor>
        <calibration>
            <distortion model="ptlens" focal="11" a="0" b="-0.008811" c="0" />
            <distortion model="ptlens" focal="12" a="0" b="-0.006178" c="0" />
            <distortion model="ptlens" focal="13" a="0" b="-0.004701" c="0" />
            <distortion model="ptlens" focal="14" a="0" b="-0.004665" c="0" />
            <distortion model="ptlens" focal="16" a="0" b="-0.002232" c="0" />
            <distortion model="ptlens" focal="20" a="0" b="0" c="0" />
            <distortion model="ptlens" focal="22" a="0" b="0" c="0" />
        </calibration>
    </lens>

    <lens>
        <maker>Olympus</maker>
        <model>Zuiko Digital 14-45mm f/3.5-5.6</model>
        <mount>4/3 System</mount>
        <cropfactor>2.0</cropfactor>
        <calibration>
            <distortion model="ptlens" focal="14" a="0.015865" b="-0.045846" c="0" />
            <distortion model="ptlens" focal="18" a="0" b="-0.012163" c="0" />
            <distortion model="ptlens" focal="25" a="0" b="-0.007852" c="0" />
            <distortion model="ptlens" focal="35" a="0" b="-0.00285" c="0" />
            <distortion model="ptlens" focal="45" a="0" b="-0.001233" c="0" />
        </calibration>
    </lens>

    <lens>
        <maker>Olympus</maker>
        <model>Zuiko Digital 14-54mm f/2.8-3.5</model>
        <mount>4/3 System</mount>
        <cropfactor>2.0</cropfactor>
        <calibration>
            <distortion model="ptlens" focal="14" a="0.019325" b="-0.040094" c="0" />
            <distortion model="ptlens" focal="19" a="0.010371" b="-0.017732" c="0" />
            <distortion model="ptlens" focal="25" a="0.002227" b="-0.001738" c="0" />
            <distortion model="ptlens" focal="35" a="0" b="0" c="0" />
            <distortion model="ptlens" focal="54" a="0" b="-0.001107" c="0" />
        </calibration>
    </lens>

    <lens>
        <maker>Olympus</maker>
        <model>Zuiko Digital 40-150mm f/3.5-4.5</model>
        <mount>4/3 System</mount>
        <cropfactor>2.0</cropfactor>
        <calibration>
            <distortion model="ptlens" focal="40" a="0" b="-0.006351" c="0" />
            <distortion model="ptlens" focal="48" a="0" b="-0.00139" c="0" />
            <distortion model="ptlens" focal="68" a="0" b="0.004043" c="0" />
            <distortion model="ptlens" focal="100" a="0" b="0.006806" c="0" />
            <distortion model="ptlens" focal="150" a="0" b="0.005332" c="0" />
        </calibration>
    </lens>

    <lens>
        <maker>Olympus</maker>
        <model>Zuiko Digital 50-200mm f/2.8-3.5</model>
        <mount>4/3 System</mount>
        <cropfactor>2.0</cropfactor>
        <calibration>
            <distortion model="ptlens" focal="50" a="0" b="-0.005194" c="0" />
            <distortion model="ptlens" focal="62" a="0" b="-0.002175" c="0" />
            <distortion model="ptlens" focal="69" a="0" b="0" c="0" />
            <distortion model="ptlens" focal="83" a="0" b="0.001879" c="0" />
            <distortion model="ptlens" focal="101" a="0" b="0.00369" c="0" />
            <distortion model="ptlens" focal="130" a="0" b="0.004293" c="0" />
            <distortion model="ptlens" focal="158" a="0" b="0.004686" c="0" />
            <distortion model="ptlens" focal="200" a="0" b="0.003465" c="0" />
        </calibration>
    </lens>

    <lens>
        <maker>Olympus</maker>
        <model>Zuiko Digital 50mm f/2.0 Macro</model>
        <mount>4/3 System</mount>
        <cropfactor>2.0</cropfactor>
        <calibration>
            <distortion model="ptlens" focal="50" a="0.001878" b="-0.005529" c="0" />
        </calibration>
    </lens>

    <lens>
        <maker>Olympus</maker>
        <model>Standard</model>
        <mount>olympusE10</mount>
        <cropfactor>3.933</cropfactor>
        <calibration>
            <distortion model="ptlens" focal="9" a="0" b="-0.015682" c="0" />
            <distortion model="ptlens" focal="10" a="0" b="-0.011648" c="0" />
            <distortion model="ptlens" focal="11" a="0" b="-0.006453" c="0" />
            <distortion model="ptlens" focal="12" a="0" b="-0.003862" c="0" />
            <distortion model="ptlens" focal="13" a="0" b="-0.002817" c="0" />
            <distortion model="ptlens" focal="15" a="0" b="-0.000837" c="0" />
            <distortion model="ptlens" focal="18" a="0" b="-0.000867" c="0" />
            <distortion model="ptlens" focal="21" a="0" b="0.000116" c="0" />
            <distortion model="ptlens" focal="26" a="0" b="-2.3e-05" c="0" />
            <distortion model="ptlens" focal="30" a="0" b="0.000273" c="0" />
            <distortion model="ptlens" focal="36" a="0" b="2.9e-05" c="0" />
        </calibration>
    </lens>

    <lens>
        <maker>Olympus</maker>
        <model>WCON-08B</model>
        <mount>olympusE10</mount>
        <cropfactor>3.933</cropfactor>
        <calibration>
            <distortion model="ptlens" focal="9" a="0.015434" b="-0.044944" c="0" />
            <distortion model="ptlens" focal="10" a="0.015297" b="-0.039777" c="0" />
            <distortion model="ptlens" focal="11" a="0.011044" b="-0.029992" c="0" />
            <distortion model="ptlens" focal="12" a="0.010271" b="-0.025622" c="0" />
            <distortion model="ptlens" focal="13" a="0.006898" b="-0.012403" c="0" />
        </calibration>
    </lens>

    <lens>
        <maker>Olympus</maker>
        <model>B-300 (full tele)</model>
        <mount>olympusE10</mount>
        <cropfactor>3.933</cropfactor>
        <calibration>
            <distortion model="ptlens" focal="36" a="0.001885" b="0.002595" c="0" />
        </calibration>
    </lens>

    <lens>
        <maker>Olympus</maker>
        <model>macro (full tele): 8 inches lens-to-subject</model>
        <mount>olympusE10</mount>
        <cropfactor>3.933</cropfactor>
        <calibration>
            <distortion model="ptlens" focal="36" a="0" b="-0.002276" c="0" />
        </calibration>
    </lens>

    <lens>
        <maker>Olympus</maker>
        <model>macro (full tele): 12 inches lens-to-subject</model>
        <mount>olympusE10</mount>
        <cropfactor>3.933</cropfactor>
        <calibration>
            <distortion model="ptlens" focal="36" a="0" b="-0.0014" c="0" />
        </calibration>
    </lens>

    <lens>
        <maker>Olympus</maker>
        <model>macro (full tele): 16 inches lens-to-subject</model>
        <mount>olympusE10</mount>
        <cropfactor>3.933</cropfactor>
        <calibration>
            <distortion model="ptlens" focal="36" a="0" b="-0.001229" c="0" />
        </calibration>
    </lens>

    <lens>
        <maker>Olympus</maker>
        <model>macro (full tele): 20 inches lens-to-subject</model>
        <mount>olympusE10</mount>
        <cropfactor>3.933</cropfactor>
        <calibration>
            <distortion model="ptlens" focal="36" a="0" b="-0.001085" c="0" />
        </calibration>
    </lens>

</lensdatabase>
