<lensdatabase>

    <mount>
        <name>Sony Alpha</name>
        <compat>M42</compat>
        <compat>Minolta AF</compat>
        <compat>Generic</compat>
    </mount>

    <camera>
        <maker>SONY</maker>
        <maker lang="en">Sony</maker>
        <model>DSLR-A100</model>
        <model lang="en">Alpha 100</model>
        <mount>Sony Alpha</mount>
        <cropfactor>1.5</cropfactor>
    </camera>

    <camera>
        <maker>SONY</maker>
        <maker lang="en">Sony</maker>
        <model>DSLR-A200</model>
        <model lang="en">Alpha 200</model>
        <mount>Sony Alpha</mount>
        <cropfactor>1.5</cropfactor>
    </camera>

    <camera>
        <maker>SONY</maker>
        <maker lang="en">Sony</maker>
        <model>DSLR-A230</model>
        <model lang="en">Alpha 230</model>
        <mount>Sony Alpha</mount>
        <cropfactor>1.5</cropfactor>
    </camera>

    <camera>
        <maker>SONY</maker>
        <maker lang="en">Sony</maker>
        <model>DSLR-A300</model>
        <model lang="en">Alpha 300</model>
        <mount>Sony Alpha</mount>
        <cropfactor>1.5</cropfactor>
    </camera>

    <camera>
        <maker>SONY</maker>
        <maker lang="en">Sony</maker>
        <model>DSLR-A330</model>
        <model lang="en">Alpha 330</model>
        <mount>Sony Alpha</mount>
        <cropfactor>1.5</cropfactor>
    </camera>

    <camera>
        <maker>SONY</maker>
        <maker lang="en">Sony</maker>
        <model>DSLR-A350</model>
        <model lang="en">Alpha 350</model>
        <mount>Sony Alpha</mount>
        <cropfactor>1.5</cropfactor>
    </camera>

    <camera>
        <maker>SONY</maker>
        <maker lang="en">Sony</maker>
        <model>DSLR-A380</model>
        <model lang="en">Alpha 380</model>
        <mount>Sony Alpha</mount>
        <cropfactor>1.5</cropfactor>
    </camera>

    <camera>
        <maker>SONY</maker>
        <maker lang="en">Sony</maker>
        <model>DSLR-A500</model>
        <model lang="en">Alpha 500</model>
        <mount>Sony Alpha</mount>
        <cropfactor>1.5</cropfactor>
    </camera>

    <camera>
        <maker>SONY</maker>
        <maker lang="en">Sony</maker>
        <model>DSLR-A550</model>
        <model lang="en">Alpha 550</model>
        <mount>Sony Alpha</mount>
        <cropfactor>1.5</cropfactor>
    </camera>

    <camera>
        <maker>SONY</maker>
        <maker lang="en">Sony</maker>
        <model>DSLR-A700</model>
        <model lang="en">Alpha 700</model>
        <mount>Sony Alpha</mount>
        <cropfactor>1.5</cropfactor>
    </camera>

    <camera>
        <maker>SONY</maker>
        <maker lang="en">Sony</maker>
        <model>DSLR-A850</model>
        <model lang="en">Alpha 850</model>
        <mount>Sony Alpha</mount>
        <cropfactor>1.5</cropfactor>
    </camera>

    <camera>
        <maker>SONY</maker>
        <maker lang="en">Sony</maker>
        <model>DSLR-A900</model>
        <model lang="en">Alpha 900</model>
        <mount>Sony Alpha</mount>
        <cropfactor>1.5</cropfactor>
    </camera>

</lensdatabase>
