<lensdatabase>

    <mount>
        <name>Hasselblad 500</name>
        <compat>Generic</compat>
    </mount>

    <mount>
        <name>HasselbladH3D</name>
        <compat>HasselbladHSystem</compat>
    </mount>

    <camera>
        <maker>Hasselblad</maker>
        <maker lang="en">Hasselblad</maker>
        <model>Hasselblad 500 mech.</model>
        <model lang="en">Hasselblad 500 mech.</model>
        <mount>Hasselblad 500</mount>
        <cropfactor>0.66</cropfactor>
    </camera>

    <camera>
        <maker>Hasselblad</maker>
        <maker lang="en">Hasselblad</maker>
        <model>Hasselblad H3D</model>
        <model lang="en">Hasselblad H3D</model>
        <mount>HasselbladHSystem</mount>
        <cropfactor>0.72</cropfactor>
    </camera>

</lensdatabase>
