<?xml version="1.0"?>

<gutenprint xmlns="http://gimp-print.sourceforge.net/xsd/gp.xsd-1.0"
xmlns:xsi="http://www.w3.org/2001/XMLSchema-instance"
xsi:schemaLocation="http://gimp-print.sourceforge.net/xsd/gp.xsd-1.0 gutenprint.xsd">
<copyright>
 *   Copyright 2008 Robert Krawitz (rlk@alum.mit.edu)
 *
 *   This program is free software; you can redistribute it and/or modify it
 *   under the terms of the GNU General Public License as published by the Free
 *   Software Foundation; either version 2 of the License, or (at your option)
 *   any later version.
 *
 *   This program is distributed in the hope that it will be useful, but
 *   WITHOUT ANY WARRANTY; without even the implied warranty of MERCHANTABILITY
 *   or FITNESS FOR A PARTICULAR PURPOSE.  See the GNU General Public License
 *   for more details.
 *
 *   You should have received a copy of the GNU General Public License
 *   along with this program; if not, write to the Free Software
 *   Foundation, Inc., 59 Temple Place - Suite 330, Boston, MA 02111-1307, USA.
</copyright>
<escp2:MediaSizes name="default">
 <MediaSize type="sheet" name="A4">
  <parameter type="integer" name="PaperMediaSize">0</parameter>
 </MediaSize>
 <MediaSize type="sheet" name="Letter">
  <parameter type="integer" name="PaperMediaSize">1</parameter>
 </MediaSize>
 <MediaSize type="sheet" name="Legal">
  <parameter type="integer" name="PaperMediaSize">2</parameter>
 </MediaSize>
 <MediaSize type="sheet" name="A5">
  <parameter type="integer" name="PaperMediaSize">3</parameter>
 </MediaSize>
 <MediaSize type="sheet" name="A6">
  <parameter type="integer" name="PaperMediaSize">4</parameter>
 </MediaSize>
 <MediaSize type="sheet" name="B5">
  <parameter type="integer" name="PaperMediaSize">5</parameter>
 </MediaSize>
 <MediaSize type="sheet" name="Executive">
  <parameter type="integer" name="PaperMediaSize">6</parameter>
 </MediaSize>
 <MediaSize type="sheet" name="Statement">
  <parameter type="integer" name="PaperMediaSize">7</parameter>
 </MediaSize>
 <MediaSize type="sheet" name="w324h495">
  <parameter type="integer" name="PaperMediaSize">9</parameter>
 </MediaSize>
 <MediaSize type="sheet" name="w288h432">
  <parameter type="integer" name="PaperMediaSize">10</parameter>
 </MediaSize>
 <MediaSize type="sheet" name="w360h576">
  <parameter type="integer" name="PaperMediaSize">11</parameter>
 </MediaSize>
 <MediaSize type="sheet" name="c8x10">
  <parameter type="integer" name="PaperMediaSize">12</parameter>
 </MediaSize>
 <MediaSize type="sheet" name="w283h425">
  <parameter type="integer" name="PaperMediaSize">13</parameter>
 </MediaSize>
 <MediaSize type="sheet" name="w566h850">
  <parameter type="integer" name="PaperMediaSize">14</parameter>
 </MediaSize>
 <MediaSize type="sheet" name="w252h360">
  <parameter type="integer" name="PaperMediaSize">15</parameter>
 </MediaSize>
 <MediaSize type="sheet" name="COM10_l">
  <parameter type="integer" name="PaperMediaSize">18</parameter>
 </MediaSize>
 <MediaSize type="sheet" name="C6_l">
  <parameter type="integer" name="PaperMediaSize">19</parameter>
 </MediaSize>
 <MediaSize type="sheet" name="DL_l">
  <parameter type="integer" name="PaperMediaSize">20</parameter>
 </MediaSize>
 <MediaSize type="sheet" name="w360h504">
  <parameter type="integer" name="PaperMediaSize">28</parameter>
 </MediaSize>
 <MediaSize type="sheet" name="COM10">
  <parameter type="integer" name="PaperMediaSize">29</parameter>
 </MediaSize>
 <MediaSize type="sheet" name="C6">
  <parameter type="integer" name="PaperMediaSize">30</parameter>
 </MediaSize>
 <MediaSize type="sheet" name="DL">
  <parameter type="integer" name="PaperMediaSize">31</parameter>
 </MediaSize>
 <MediaSize type="sheet" name="SuperB">
  <parameter type="integer" name="PaperMediaSize">61</parameter>
 </MediaSize>
 <MediaSize type="sheet" name="A3">
  <parameter type="integer" name="PaperMediaSize">62</parameter>
 </MediaSize>
 <MediaSize type="sheet" name="B4">
  <parameter type="integer" name="PaperMediaSize">63</parameter>
 </MediaSize>
 <MediaSize type="sheet" name="Tabloid">
  <parameter type="integer" name="PaperMediaSize">64</parameter>
 </MediaSize>
 <MediaSize type="sheet" name="w792h1008">
  <parameter type="integer" name="PaperMediaSize">65</parameter>
 </MediaSize>
 <MediaSize type="sheet" name="B3">
  <parameter type="integer" name="PaperMediaSize">66</parameter>
 </MediaSize>
 <MediaSize type="sheet" name="A2">
  <parameter type="integer" name="PaperMediaSize">67</parameter>
 </MediaSize>
 <MediaSize type="sheet" name="EngineeringC">
  <parameter type="integer" name="PaperMediaSize">68</parameter>
 </MediaSize>
 <MediaSize type="default">
  <parameter type="integer" name="PaperMediaSize">99</parameter>
 </MediaSize>
</escp2:MediaSizes>
</gutenprint>
