<?xml version="1.0" encoding="utf-8"?>
<mime-type xmlns="http://www.freedesktop.org/standards/shared-mime-info" type="application/mbox">
  <!--Created automatically by update-mime-database. DO NOT EDIT!-->
  <comment>mailbox file</comment>
  <comment xml:lang="ara">ملف صندوق البريد</comment>
  <comment xml:lang="be@latin">fajł paštovaj skryni</comment>
  <comment xml:lang="bg">Файл — Mailbox</comment>
  <comment xml:lang="ca">fitxer mailbox</comment>
  <comment xml:lang="cs">Soubor mailbox</comment>
  <comment xml:lang="da">postkassefil</comment>
  <comment xml:lang="de">Mailbox-Datei</comment>
  <comment xml:lang="es">archivo de buzón de correo</comment>
  <comment xml:lang="eu">mailbox fitxategia</comment>
  <comment xml:lang="fi">mailbox-tiedosto</comment>
  <comment xml:lang="fr">fichier boîte aux lettres</comment>
  <comment xml:lang="ga">comhad bhosca poist</comment>
  <comment xml:lang="hu">mailbox fájl</comment>
  <comment xml:lang="id">berkas kotak surat</comment>
  <comment xml:lang="it">File mailbox</comment>
  <comment xml:lang="ko">메일함 파일</comment>
  <comment xml:lang="lt">pašto dėžutės failas</comment>
  <comment xml:lang="lv">pastakastītes fails</comment>
  <comment xml:lang="nb">postboksfil</comment>
  <comment xml:lang="nl">mailbox-bestand</comment>
  <comment xml:lang="nn">mailbox-fil</comment>
  <comment xml:lang="pl">Plik poczty (Mailbox)</comment>
  <comment xml:lang="pt_BR">Arquivo de caixa de correio</comment>
  <comment xml:lang="ru">файл почтового ящика</comment>
  <comment xml:lang="sq">File mailbox</comment>
  <comment xml:lang="sv">brevlådefil</comment>
  <comment xml:lang="vi">tập tin hộp thư</comment>
  <comment xml:lang="zh_CN">mailbox 文件</comment>
  <generic-icon name="text-x-generic"/>
  <sub-class-of type="text/plain"/>
  <glob pattern="*.mbox"/>
</mime-type>
