<?xml version="1.0" encoding="utf-8"?>
<mime-type xmlns="http://www.freedesktop.org/standards/shared-mime-info" type="application/metalink+xml">
  <!--Created automatically by update-mime-database. DO NOT EDIT!-->
  <comment>Metalink file</comment>
  <comment xml:lang="bg">Изтегляне — Metalink</comment>
  <comment xml:lang="cs">Soubor metalink</comment>
  <comment xml:lang="fr">fichier metalink</comment>
  <comment xml:lang="it">File Metalink</comment>
  <comment xml:lang="pl">Plik Metalink</comment>
  <sub-class-of type="application/xml"/>
  <glob pattern="*.metalink"/>
</mime-type>
