<?xml version="1.0" encoding="utf-8"?>
<mime-type xmlns="http://www.freedesktop.org/standards/shared-mime-info" type="application/mxf">
  <!--Created automatically by update-mime-database. DO NOT EDIT!-->
  <comment>MXF video</comment>
  <comment xml:lang="bg">Видео — MXF</comment>
  <comment xml:lang="cs">Video MXF</comment>
  <comment xml:lang="fr">vidéo MXF</comment>
  <comment xml:lang="it">Video MXF</comment>
  <comment xml:lang="pl">Plik wideo MXF</comment>
  <acronym>MXF</acronym>
  <expanded-acronym>Material Exchange Format</expanded-acronym>
  <generic-icon name="video-x-generic"/>
  <glob pattern="*.mxf"/>
</mime-type>
