<?xml version="1.0" encoding="utf-8"?>
<mime-type xmlns="http://www.freedesktop.org/standards/shared-mime-info" type="application/pkix-pkipath">
  <!--Created automatically by update-mime-database. DO NOT EDIT!-->
  <comment>PkiPath certification path</comment>
  <comment xml:lang="ara">مسار شهادة PkiPath</comment>
  <comment xml:lang="bg">Сертификационна верига — PkiPath</comment>
  <comment xml:lang="ca">ruta de certificació PkiPath</comment>
  <comment xml:lang="cs">Cesta k certifikátu PkiPath</comment>
  <comment xml:lang="da">PkiPath-certifikationssti</comment>
  <comment xml:lang="de">PkiPath-Zertifikatspfad</comment>
  <comment xml:lang="es">ruta de certificación PkiPath</comment>
  <comment xml:lang="eu">PkiPath ziurtagirien bide-izena</comment>
  <comment xml:lang="fi">PkiPath-varmennepolku</comment>
  <comment xml:lang="fr">chemin de certification PkiPath</comment>
  <comment xml:lang="hu">PkiPath tanúsítványútvonal</comment>
  <comment xml:lang="id">Alamat sertifikasi PkiPath</comment>
  <comment xml:lang="it">Percorso certificazione PkiPath</comment>
  <comment xml:lang="ko">PkiPath 인증서 요청</comment>
  <comment xml:lang="lt">PkiPath liudijimų maršrutas</comment>
  <comment xml:lang="lv">PkiPath sertifikāta ceļš</comment>
  <comment xml:lang="nl">PkiPath-certificatiepad</comment>
  <comment xml:lang="pl">Ścieżka certyfikacji PkiPath</comment>
  <comment xml:lang="pt_BR">Pedido de certificação PkiPath</comment>
  <comment xml:lang="sv">PkiPath-certifikatsekvens</comment>
  <comment xml:lang="vi">Đường dẫn cấp chứng nhận PkiPath</comment>
  <comment xml:lang="zh_CN">PkiPath 证书目录</comment>
  <glob pattern="*.pkipath"/>
</mime-type>
