<?xml version="1.0" encoding="utf-8"?>
<mime-type xmlns="http://www.freedesktop.org/standards/shared-mime-info" type="application/postscript">
  <!--Created automatically by update-mime-database. DO NOT EDIT!-->
  <comment>PS document</comment>
  <comment xml:lang="ara">مستند PS</comment>
  <comment xml:lang="be@latin">Dakument PS</comment>
  <comment xml:lang="bg">Документ — PS</comment>
  <comment xml:lang="ca">document PS</comment>
  <comment xml:lang="cs">Dokument PS</comment>
  <comment xml:lang="da">PS-dokument</comment>
  <comment xml:lang="de">PS-Dokument</comment>
  <comment xml:lang="en_GB">PS document</comment>
  <comment xml:lang="es">documento PS</comment>
  <comment xml:lang="eu">PS dokumentua</comment>
  <comment xml:lang="fi">PS-asiakirja</comment>
  <comment xml:lang="fr">document PS</comment>
  <comment xml:lang="ga">cáipéis PS</comment>
  <comment xml:lang="hu">PS dokumentum</comment>
  <comment xml:lang="id">Dokumen PS</comment>
  <comment xml:lang="it">Documento PS</comment>
  <comment xml:lang="ja">PS ドキュメント</comment>
  <comment xml:lang="ko">PS 문서</comment>
  <comment xml:lang="lt">PS dokumentas</comment>
  <comment xml:lang="lv">PS dokuments</comment>
  <comment xml:lang="nb">PS-dokument</comment>
  <comment xml:lang="nl">PS-document</comment>
  <comment xml:lang="nn">PS-dokument</comment>
  <comment xml:lang="pl">Dokument PS</comment>
  <comment xml:lang="pt_BR">Documento PS</comment>
  <comment xml:lang="ru">документ PS</comment>
  <comment xml:lang="sq">Dokument PS</comment>
  <comment xml:lang="sv">PS-dokument</comment>
  <comment xml:lang="uk">Документ PS</comment>
  <comment xml:lang="vi">Tài liệu PS</comment>
  <comment xml:lang="zh_CN">PS 文档</comment>
  <acronym>PS</acronym>
  <expanded-acronym>PostScript</expanded-acronym>
  <sub-class-of type="text/plain"/>
  <generic-icon name="x-office-document"/>
  <glob pattern="*.ps"/>
</mime-type>
