<?xml version="1.0" encoding="utf-8"?>
<mime-type xmlns="http://www.freedesktop.org/standards/shared-mime-info" type="application/vnd.openxmlformats-officedocument.presentationml.presentation">
  <!--Created automatically by update-mime-database. DO NOT EDIT!-->
  <comment>PowerPoint 2007 presentation</comment>
  <comment xml:lang="ara">عرض تقديمي PowerPoint 2007</comment>
  <comment xml:lang="bg">Презентация — PowerPoint 2007</comment>
  <comment xml:lang="ca">presentació de PowerPoint 2007</comment>
  <comment xml:lang="cs">Prezentace PowerPoint 2007</comment>
  <comment xml:lang="da">PowerPoint 2007-præsentation</comment>
  <comment xml:lang="de">PowerPoint-2007-Präsentation</comment>
  <comment xml:lang="es">presentación de PowerPoint 2007</comment>
  <comment xml:lang="eu">PowerPoint 2007 aurkezpena</comment>
  <comment xml:lang="fi">PowerPoint 2007 -esitys</comment>
  <comment xml:lang="fr">présentation PowerPoint 2007</comment>
  <comment xml:lang="hu">PowerPoint 2007 prezentáció</comment>
  <comment xml:lang="id">Presentasi PowerPoint 2007</comment>
  <comment xml:lang="it">Presentazione PowerPoint 2007</comment>
  <comment xml:lang="ko">파워포인트 2007 프리젠테이션</comment>
  <comment xml:lang="lt">PowerPoint 2007 pateiktis</comment>
  <comment xml:lang="lv">PowerPoint 2007 prezentācija</comment>
  <comment xml:lang="nl">PowerPoint 2007-presentatie</comment>
  <comment xml:lang="pl">Prezentacja PowerPoint 2007</comment>
  <comment xml:lang="pt_BR">Apresentação do PowerPoint 2007</comment>
  <comment xml:lang="sv">PowerPoint 2007-presentation</comment>
  <comment xml:lang="vi">Trình diễn PowerPoint 2007</comment>
  <comment xml:lang="zh_CN">Microsoft PowerPoint 2007 演示文稿</comment>
  <glob pattern="*.pptx"/>
  <glob pattern="*.pptm"/>
  <alias type="application/vnd.ms-powerpoint.presentation.macroEnabled.12"/>
  <sub-class-of type="application/zip"/>
  <generic-icon name="x-office-document"/>
</mime-type>
