<?xml version="1.0" encoding="utf-8"?>
<mime-type xmlns="http://www.freedesktop.org/standards/shared-mime-info" type="application/vnd.openxmlformats-officedocument.spreadsheetml.sheet">
  <!--Created automatically by update-mime-database. DO NOT EDIT!-->
  <comment>Excel 2007 spreadsheet</comment>
  <comment xml:lang="ara">جدول Excel 2007</comment>
  <comment xml:lang="bg">Таблица — Excel 2007</comment>
  <comment xml:lang="ca">full de càlcul d'Excel 2007</comment>
  <comment xml:lang="cs">Sešit Excel 2007</comment>
  <comment xml:lang="da">Excel 2007-regneark</comment>
  <comment xml:lang="de">Excel-2007-Tabelle</comment>
  <comment xml:lang="es">hoja de cálculo de Excel 2007</comment>
  <comment xml:lang="eu">Excel 2007 kalkulu-orria</comment>
  <comment xml:lang="fi">Excel 2007 -taulukko</comment>
  <comment xml:lang="fr">feuille de calcul Excel 2007</comment>
  <comment xml:lang="hu">Excel 2007 táblázat</comment>
  <comment xml:lang="id">Lembar sebar Excel 2007</comment>
  <comment xml:lang="it">Foglio di calcolo Excel 2007</comment>
  <comment xml:lang="ko">엑셀 2007 스프레드시트</comment>
  <comment xml:lang="lt">Excel 2007 skaičialentė</comment>
  <comment xml:lang="lv">Excel 2007 izklājlapa</comment>
  <comment xml:lang="nl">Excel 2007-rekenblad</comment>
  <comment xml:lang="pl">Arkusz Excel 2007</comment>
  <comment xml:lang="pt_BR">Planilha do Excel 2007</comment>
  <comment xml:lang="sv">Excel 2007-kalkylblad</comment>
  <comment xml:lang="vi">Bảng tính Excel 2007</comment>
  <comment xml:lang="zh_CN">Microsoft Excel 2007 工作簿</comment>
  <glob pattern="*.xlsx"/>
  <glob pattern="*.xlsm"/>
  <alias type="application/vnd.ms-excel.sheet.macroEnabled.12"/>
  <sub-class-of type="application/zip"/>
  <generic-icon name="x-office-document"/>
</mime-type>
