<?xml version="1.0" encoding="utf-8"?>
<mime-type xmlns="http://www.freedesktop.org/standards/shared-mime-info" type="application/vnd.sun.xml.draw.template">
  <!--Created automatically by update-mime-database. DO NOT EDIT!-->
  <comment>OpenOffice Draw template</comment>
  <comment xml:lang="ara">قالب Draw المكتب المفتوح</comment>
  <comment xml:lang="be@latin">Šablon OpenOffice Draw</comment>
  <comment xml:lang="bg">Шаблон за чертежи — OpenOffice Draw</comment>
  <comment xml:lang="ca">plantilla d'OpenOffice Draw</comment>
  <comment xml:lang="cs">Šablona OpenOffice Draw</comment>
  <comment xml:lang="da">OpenOffice Draw-skabelon</comment>
  <comment xml:lang="de">OpenOffice-Draw-Vorlage</comment>
  <comment xml:lang="en_GB">OpenOffice Draw template</comment>
  <comment xml:lang="es">plantilla de OpenOffice.org Draw</comment>
  <comment xml:lang="eu">OpenOffice Draw txantiloia</comment>
  <comment xml:lang="fi">OpenOffice Draw -malli</comment>
  <comment xml:lang="fr">modèle OpenOffice Draw</comment>
  <comment xml:lang="ga">teimpléad OpenOffice Draw</comment>
  <comment xml:lang="hu">OpenOffice Draw sablon</comment>
  <comment xml:lang="id">Templat OpenOffice Draw</comment>
  <comment xml:lang="it">Modello OpenOffice Draw</comment>
  <comment xml:lang="ja">OpenOffice Draw テンプレート</comment>
  <comment xml:lang="ko">OpenOffice Draw 그림 문서 틀</comment>
  <comment xml:lang="lt">OpenOffice Draw šablonas</comment>
  <comment xml:lang="lv">OpenOffice Draw veidne</comment>
  <comment xml:lang="nb">OpenOffice Draw-mal</comment>
  <comment xml:lang="nl">OpenOffice.org Draw-sjabloon</comment>
  <comment xml:lang="nn">OpenOffice Draw-mal</comment>
  <comment xml:lang="pl">Szablon rysunku OpenOffice.org Draw</comment>
  <comment xml:lang="pt_BR">Modelo do OpenOffice Draw</comment>
  <comment xml:lang="ru">шаблон OpenOffice Draw</comment>
  <comment xml:lang="sq">Model OpenOffice Draw</comment>
  <comment xml:lang="sv">OpenOffice Draw-mall</comment>
  <comment xml:lang="uk">Шаблон малюнку OpenOffice Draw</comment>
  <comment xml:lang="vi">Mẫu bản vẽ Draw của OpenOffice.org</comment>
  <comment xml:lang="zh_CN">OpenOffice.org Draw 绘图模板</comment>
  <sub-class-of type="application/zip"/>
  <generic-icon name="image-x-generic"/>
  <glob pattern="*.std"/>
</mime-type>
