<?xml version="1.0" encoding="utf-8"?>
<mime-type xmlns="http://www.freedesktop.org/standards/shared-mime-info" type="application/vnd.oasis.opendocument.spreadsheet-flat-xml">
  <!--Created automatically by update-mime-database. DO NOT EDIT!-->
  <comment>ODS spreadsheet (Flat XML)</comment>
  <acronym>FODS</acronym>
  <expanded-acronym>OpenDocument Spreadsheet (Flat XML)</expanded-acronym>
  <sub-class-of type="application/xml"/>
  <generic-icon name="x-office-spreadsheet"/>
  <glob pattern="*.fods"/>
</mime-type>
