<?xml version="1.0" encoding="utf-8"?>
<mime-type xmlns="http://www.freedesktop.org/standards/shared-mime-info" type="application/vnd.openofficeorg.extension">
  <!--Created automatically by update-mime-database. DO NOT EDIT!-->
  <comment>OpenOffice.org extension</comment>
  <comment xml:lang="ara">امتداد OpenOffice.org</comment>
  <comment xml:lang="be@latin">Pašyreńnie OpenOffice.org</comment>
  <comment xml:lang="bg">Разширение — OpenOffice</comment>
  <comment xml:lang="ca">extensió d'OpenOffice.org</comment>
  <comment xml:lang="cs">Rozšíření OpenOffice.org</comment>
  <comment xml:lang="da">OpenOffice.org-udvidelse</comment>
  <comment xml:lang="de">OpenOffice.org-Erweiterung</comment>
  <comment xml:lang="es">extensión de OpenOffice</comment>
  <comment xml:lang="eu">OpenOffice.org luzapena</comment>
  <comment xml:lang="fi">OpenOffice.org-laajennus</comment>
  <comment xml:lang="fr">extension OpenOffice.org</comment>
  <comment xml:lang="ga">eisínteacht OpenOffice.org</comment>
  <comment xml:lang="hu">OpenOffice.org kiterjesztés</comment>
  <comment xml:lang="id">Ekstensi OpenOffice.org</comment>
  <comment xml:lang="it">Estensione OpenOffice.org</comment>
  <comment xml:lang="ko">OpenOffice.org 확장</comment>
  <comment xml:lang="lt">OpenOffice.org plėtinys</comment>
  <comment xml:lang="lv">OpenOffice.org paplašinājums</comment>
  <comment xml:lang="nl">OpenOffice.org-uitbreiding</comment>
  <comment xml:lang="nn">OpenOffice Writer-utviding</comment>
  <comment xml:lang="pl">Rozszerzenie OpenOffice.org</comment>
  <comment xml:lang="pt_BR">Extensão do OpenOffice</comment>
  <comment xml:lang="ru">расширение OpenOffice.org</comment>
  <comment xml:lang="sq">Shtojcë për OpenOffice.org</comment>
  <comment xml:lang="sv">OpenOffice.org-tillägg</comment>
  <comment xml:lang="vi">Phần mở rộng của OpenOffice.org</comment>
  <comment xml:lang="zh_CN">OpenOffice.org 扩展</comment>
  <sub-class-of type="application/zip"/>
  <generic-icon name="x-office-document"/>
  <glob pattern="*.oxt"/>
</mime-type>
