<?xml version="1.0" encoding="utf-8"?>
<mime-type xmlns="http://www.freedesktop.org/standards/shared-mime-info" type="application/vnd.google-earth.kmz">
  <!--Created automatically by update-mime-database. DO NOT EDIT!-->
  <comment>KML geographic compressed data</comment>
  <comment xml:lang="bg">Географски данни — KML, компресирани</comment>
  <comment xml:lang="cs">Komprimovaná geografická data KML</comment>
  <comment xml:lang="fr">données géographiques KML compressées</comment>
  <comment xml:lang="it">Dati geografici KML compressi</comment>
  <comment xml:lang="pl">Skompresowane dane geograficzne KML</comment>
  <acronym>KML</acronym>
  <expanded-acronym>Keyhole Markup Language</expanded-acronym>
  <sub-class-of type="application/zip"/>
  <glob pattern="*.kmz"/>
</mime-type>
