<?xml version="1.0" encoding="utf-8"?>
<mime-type xmlns="http://www.freedesktop.org/standards/shared-mime-info" type="application/vnd.google-earth.kml+xml">
  <!--Created automatically by update-mime-database. DO NOT EDIT!-->
  <comment>KML geographic data</comment>
  <comment xml:lang="bg">Географски данни — KML</comment>
  <comment xml:lang="cs">Geografická data KML</comment>
  <comment xml:lang="fr">données géographiques KML</comment>
  <comment xml:lang="it">Dati geografici KML</comment>
  <comment xml:lang="pl">Dane geograficzne KML</comment>
  <acronym>KML</acronym>
  <expanded-acronym>Keyhole Markup Language</expanded-acronym>
  <sub-class-of type="application/xml"/>
  <glob pattern="*.kml"/>
</mime-type>
