<?xml version="1.0" encoding="utf-8"?>
<mime-type xmlns="http://www.freedesktop.org/standards/shared-mime-info" type="application/vnd.oasis.opendocument.presentation-flat-xml">
  <!--Created automatically by update-mime-database. DO NOT EDIT!-->
  <comment>ODP presentation (Flat XML)</comment>
  <acronym>FODP</acronym>
  <expanded-acronym>OpenDocument Presentation (Flat XML)</expanded-acronym>
  <sub-class-of type="application/xml"/>
  <generic-icon name="x-office-presentation"/>
  <glob pattern="*.fodp"/>
</mime-type>
