<?xml version="1.0" encoding="utf-8"?>
<mime-type xmlns="http://www.freedesktop.org/standards/shared-mime-info" type="application/vnd.ms-cab-compressed">
  <!--Created automatically by update-mime-database. DO NOT EDIT!-->
  <comment>Microsoft Cabinet archive</comment>
  <comment xml:lang="ara">أرشيف Microsoft Cabinet</comment>
  <comment xml:lang="bg">Архив — Microsoft Cabinet</comment>
  <comment xml:lang="ca">arxiu Cabinet de Microsoft</comment>
  <comment xml:lang="cs">Archiv Microsoft Cabinet</comment>
  <comment xml:lang="da">Microsoft Cabinet-arkiv</comment>
  <comment xml:lang="de">Microsoft-Cabinet-Archiv</comment>
  <comment xml:lang="es">archivador Microsoft Cabinet</comment>
  <comment xml:lang="eu">Microsoft Cabinet artxiboa</comment>
  <comment xml:lang="fi">Microsoft Cabinet -arkisto</comment>
  <comment xml:lang="fr">archive Cab Microsoft</comment>
  <comment xml:lang="hu">Microsoft Cabinet archívum</comment>
  <comment xml:lang="id">Arsip Microsoft Cabinet</comment>
  <comment xml:lang="it">Archivio Microsoft Cabinet</comment>
  <comment xml:lang="ko">Microsoft 캐비넛 묶음</comment>
  <comment xml:lang="lt">Microsoft Cabinet archyvas</comment>
  <comment xml:lang="lv">Microsoft kabineta arhīvs</comment>
  <comment xml:lang="nl">Microsoft Cabinet-archief</comment>
  <comment xml:lang="pl">Archiwum Microsoft Cabinet</comment>
  <comment xml:lang="pt_BR">Pacote do Microsoft Cabinet</comment>
  <comment xml:lang="sv">Microsoft Cabinet-arkiv</comment>
  <comment xml:lang="vi">Kho lưu Cabinet Microsoft</comment>
  <comment xml:lang="zh_CN">Microsoft CAB 归档文件</comment>
  <generic-icon name="package-x-generic"/>
  <glob pattern="*.cab"/>
</mime-type>
