<?xml version="1.0" encoding="utf-8"?>
<mime-type xmlns="http://www.freedesktop.org/standards/shared-mime-info" type="application/vnd.openxmlformats-officedocument.wordprocessingml.document">
  <!--Created automatically by update-mime-database. DO NOT EDIT!-->
  <comment>Word 2007 document</comment>
  <comment xml:lang="ara">مستند Word 2007</comment>
  <comment xml:lang="bg">Документ — Word 2007</comment>
  <comment xml:lang="ca">document de Word 2007</comment>
  <comment xml:lang="cs">Dokument Word 2007</comment>
  <comment xml:lang="da">Word 2007-dokument</comment>
  <comment xml:lang="de">Word-2007-Dokument</comment>
  <comment xml:lang="es">documento de Word 2007</comment>
  <comment xml:lang="eu">Word 2007 dokumentua</comment>
  <comment xml:lang="fi">Word 2007 -asiakirja</comment>
  <comment xml:lang="fr">document Word 2007</comment>
  <comment xml:lang="hu">Word 2007 dokumentum</comment>
  <comment xml:lang="id">Dokumen Word 2007</comment>
  <comment xml:lang="it">Documento Word 2007</comment>
  <comment xml:lang="ko">Word 2007 문서</comment>
  <comment xml:lang="lt">Word 2007 dokumentas</comment>
  <comment xml:lang="lv">Word 2007 dokuments</comment>
  <comment xml:lang="nl">Word 2007-document</comment>
  <comment xml:lang="pl">Dokument Word 2007</comment>
  <comment xml:lang="pt_BR">Documento do Word 2007</comment>
  <comment xml:lang="sv">Word 2007-dokument</comment>
  <comment xml:lang="vi">Tài liệu Word 2007</comment>
  <comment xml:lang="zh_CN">Microsoft Word 2007 文档</comment>
  <glob pattern="*.docx"/>
  <glob pattern="*.docm"/>
  <alias type="application/vnd.ms-word.document.macroEnabled.12"/>
  <sub-class-of type="application/zip"/>
  <generic-icon name="x-office-document"/>
</mime-type>
