<?xml version="1.0" encoding="utf-8"?>
<mime-type xmlns="http://www.freedesktop.org/standards/shared-mime-info" type="application/vnd.oasis.opendocument.graphics-flat-xml">
  <!--Created automatically by update-mime-database. DO NOT EDIT!-->
  <comment>ODG drawing (Flat XML)</comment>
  <acronym>FODG</acronym>
  <expanded-acronym>OpenDocument Drawing (Flat XML)</expanded-acronym>
  <sub-class-of type="application/xml"/>
  <generic-icon name="image-x-generic"/>
  <glob pattern="*.fodg"/>
</mime-type>
