<?xml version="1.0" encoding="utf-8"?>
<mime-type xmlns="http://www.freedesktop.org/standards/shared-mime-info" type="application/vnd.mozilla.xul+xml">
  <!--Created automatically by update-mime-database. DO NOT EDIT!-->
  <comment>XUL interface document</comment>
  <comment xml:lang="ara">مستند واجهة XUL</comment>
  <comment xml:lang="be@latin">Interfejsny dakument XUL</comment>
  <comment xml:lang="bg">Документ — интерфейс за XUL</comment>
  <comment xml:lang="ca">document d'interfície XUL</comment>
  <comment xml:lang="cs">Dokument rozhraní XUL</comment>
  <comment xml:lang="da">XUL-grænsefladedokument</comment>
  <comment xml:lang="de">XUL-Oberflächendokument</comment>
  <comment xml:lang="es">documento de interfaz XUL</comment>
  <comment xml:lang="eu">XUL interfazedaren dokumentua</comment>
  <comment xml:lang="fi">XUL-käyttöliittymäasiakirja</comment>
  <comment xml:lang="fr">document d'interface XUL</comment>
  <comment xml:lang="ga">cáipéis chomhéadan XUL</comment>
  <comment xml:lang="hu">XUL felületdokumentum</comment>
  <comment xml:lang="id">Dokumen antarmuka XUL</comment>
  <comment xml:lang="it">Documento interfaccia XUL</comment>
  <comment xml:lang="ja">XUL インターフェイスドキュメント</comment>
  <comment xml:lang="ko">XUL 인터페이스 문서</comment>
  <comment xml:lang="lt">XUL sąsajos dokumentas</comment>
  <comment xml:lang="lv">XUL interfeisa dokuments</comment>
  <comment xml:lang="nb">XUL-grensesnittdokument</comment>
  <comment xml:lang="nl">XUL-interface-document</comment>
  <comment xml:lang="nn">XUL-grensesnitt-dokument</comment>
  <comment xml:lang="pl">Dokument interfejsu XUL</comment>
  <comment xml:lang="pt_BR">Documento de interface XUL</comment>
  <comment xml:lang="ru">документ интерфейса XUL</comment>
  <comment xml:lang="sq">Dokument interfaqe XUL</comment>
  <comment xml:lang="sv">XUL-gränssnittsdokument</comment>
  <comment xml:lang="uk">Документ інтерфейсу XUL</comment>
  <comment xml:lang="vi">Tài liệu giao diện XUL</comment>
  <comment xml:lang="zh_CN">XUL 界面文档</comment>
  <acronym>XUL</acronym>
  <expanded-acronym>XML User interface markup Language</expanded-acronym>
  <sub-class-of type="application/xml"/>
  <generic-icon name="x-office-document"/>
  <glob pattern="*.xul"/>
</mime-type>
