<?xml version="1.0" encoding="utf-8"?>
<mime-type xmlns="http://www.freedesktop.org/standards/shared-mime-info" type="application/vnd.oasis.opendocument.chart-template">
  <!--Created automatically by update-mime-database. DO NOT EDIT!-->
  <comment>ODC template</comment>
  <comment xml:lang="ara">قالب ODC</comment>
  <comment xml:lang="bg">Шаблон — ODC</comment>
  <comment xml:lang="ca">plantilla ODC</comment>
  <comment xml:lang="cs">Šablona ODC</comment>
  <comment xml:lang="da">ODC-skabelon</comment>
  <comment xml:lang="de">ODC-Vorlage</comment>
  <comment xml:lang="es">plantilla ODC</comment>
  <comment xml:lang="eu">ODC txantiloia</comment>
  <comment xml:lang="fi">ODC-malli</comment>
  <comment xml:lang="fr">modèle ODC</comment>
  <comment xml:lang="hu">ODC-sablon</comment>
  <comment xml:lang="id">Templat ODC</comment>
  <comment xml:lang="it">Modello ODC</comment>
  <comment xml:lang="ko">ODC 문서 틀</comment>
  <comment xml:lang="lt">ODC šablonas</comment>
  <comment xml:lang="lv">ODC veidne</comment>
  <comment xml:lang="nl">ODC-sjabloon</comment>
  <comment xml:lang="pl">Szablon ODC</comment>
  <comment xml:lang="pt_BR">Modelo ODC</comment>
  <comment xml:lang="sv">ODC-mall</comment>
  <comment xml:lang="vi">Mẫu ODC</comment>
  <comment xml:lang="zh_CN">ODC 模板</comment>
  <acronym>ODC</acronym>
  <expanded-acronym>OpenDocument Chart</expanded-acronym>
  <sub-class-of type="application/zip"/>
  <generic-icon name="x-office-spreadsheet"/>
  <glob pattern="*.otc"/>
</mime-type>
