<?xml version="1.0" encoding="utf-8"?>
<mime-type xmlns="http://www.freedesktop.org/standards/shared-mime-info" type="application/vnd.oasis.opendocument.text-flat-xml">
  <!--Created automatically by update-mime-database. DO NOT EDIT!-->
  <comment>ODT document (Flat XML)</comment>
  <acronym>FODT</acronym>
  <expanded-acronym>OpenDocument Text (Flat XML)</expanded-acronym>
  <sub-class-of type="application/xml"/>
  <generic-icon name="x-office-document"/>
  <glob pattern="*.fodt"/>
</mime-type>
