<?xml version="1.0" encoding="utf-8"?>
<mime-type xmlns="http://www.freedesktop.org/standards/shared-mime-info" type="application/vnd.oasis.opendocument.formula-template">
  <!--Created automatically by update-mime-database. DO NOT EDIT!-->
  <comment>ODF template</comment>
  <comment xml:lang="ara">قالب ODF</comment>
  <comment xml:lang="bg">Шаблон — ODF</comment>
  <comment xml:lang="ca">plantilla ODF</comment>
  <comment xml:lang="cs">Šablona ODF</comment>
  <comment xml:lang="da">ODF-skabelon</comment>
  <comment xml:lang="de">ODF-Vorlage</comment>
  <comment xml:lang="es">plantilla ODF</comment>
  <comment xml:lang="eu">ODF txantiloia</comment>
  <comment xml:lang="fi">ODF-malli</comment>
  <comment xml:lang="fr">modèle ODF</comment>
  <comment xml:lang="hu">ODG-sablon</comment>
  <comment xml:lang="id">Templat ODF</comment>
  <comment xml:lang="it">Modello ODF</comment>
  <comment xml:lang="ko">ODF 문서 틀</comment>
  <comment xml:lang="lt">ODF šablonas</comment>
  <comment xml:lang="lv">ODF veidne</comment>
  <comment xml:lang="nl">ODF-sjabloon</comment>
  <comment xml:lang="pl">Szablon ODF</comment>
  <comment xml:lang="pt_BR">Modelo ODF</comment>
  <comment xml:lang="sv">ODF-mall</comment>
  <comment xml:lang="vi">Mẫu ODF</comment>
  <comment xml:lang="zh_CN">ODF 模板</comment>
  <acronym>ODF</acronym>
  <expanded-acronym>OpenDocument Formula</expanded-acronym>
  <sub-class-of type="application/zip"/>
  <generic-icon name="x-office-document"/>
  <glob pattern="*.otf"/>
</mime-type>
