<?xml version="1.0" encoding="utf-8"?>
<mime-type xmlns="http://www.freedesktop.org/standards/shared-mime-info" type="application/vnd.ms-wpl">
  <!--Created automatically by update-mime-database. DO NOT EDIT!-->
  <comment>WPL playlist</comment>
  <comment xml:lang="ara">قائمة تشغيل WPL</comment>
  <comment xml:lang="bg">Списък за изпълнение — WPL</comment>
  <comment xml:lang="ca">llista de reproducció WPL</comment>
  <comment xml:lang="cs">Seznam skladeb WPL</comment>
  <comment xml:lang="da">WPL-afspilningsliste</comment>
  <comment xml:lang="de">WPL-Wiedergabeliste</comment>
  <comment xml:lang="es">lista de reproducción WPL</comment>
  <comment xml:lang="eu">WPL erreprodukzio-zerrenda</comment>
  <comment xml:lang="fi">WPL-soittolista</comment>
  <comment xml:lang="fr">liste de lecture WPL</comment>
  <comment xml:lang="hu">WPL-lejátszólista</comment>
  <comment xml:lang="id">Senarai putar WPL</comment>
  <comment xml:lang="it">Scaletta WPL</comment>
  <comment xml:lang="ko">WPL 연주목록</comment>
  <comment xml:lang="lt">WPL grojaraštis</comment>
  <comment xml:lang="lv">WPL repertuārs</comment>
  <comment xml:lang="nl">WPL-afspeellijst</comment>
  <comment xml:lang="pl">Lista odtwarzania WPL</comment>
  <comment xml:lang="pt_BR">Lista de reprodução do WPL</comment>
  <comment xml:lang="sv">WPL-spellista</comment>
  <comment xml:lang="vi">Danh mục nhạc WPL</comment>
  <comment xml:lang="zh_CN">WPL 播放列表</comment>
  <acronym>WPL</acronym>
  <expanded-acronym>Windows Media Player Playlist</expanded-acronym>
  <generic-icon name="video-x-generic"/>
  <glob pattern="*.wpl"/>
</mime-type>
