<?xml version="1.0" encoding="utf-8"?>
<mime-type xmlns="http://www.freedesktop.org/standards/shared-mime-info" type="application/x-aportisdoc">
  <!--Created automatically by update-mime-database. DO NOT EDIT!-->
  <comment>AportisDoc document</comment>
  <comment xml:lang="ara">مستند AportisDoc</comment>
  <comment xml:lang="bg">Документ — AportisDoc</comment>
  <comment xml:lang="ca">document AportisDoc</comment>
  <comment xml:lang="cs">Dokument AportisDoc</comment>
  <comment xml:lang="da">AportisDoc-dokument</comment>
  <comment xml:lang="de">AportisDoc-Dokument</comment>
  <comment xml:lang="es">documento AportisDoc</comment>
  <comment xml:lang="eu">AportisDoc dokumentua</comment>
  <comment xml:lang="fi">AportisDoc-asiakirja</comment>
  <comment xml:lang="fr">document AportisDoc</comment>
  <comment xml:lang="hu">AportisDoc-dokumentum</comment>
  <comment xml:lang="id">Dokumen AportisDoc</comment>
  <comment xml:lang="it">Documento AportisDoc</comment>
  <comment xml:lang="ko">AportisDoc 문서</comment>
  <comment xml:lang="lt">AportisDoc dokumentas</comment>
  <comment xml:lang="lv">AportisDoc dokuments</comment>
  <comment xml:lang="nl">AportisDoc-document</comment>
  <comment xml:lang="pl">Dokument AportisDoc</comment>
  <comment xml:lang="pt_BR">Documento do AportisDoc</comment>
  <comment xml:lang="sv">AportisDoc-dokument</comment>
  <comment xml:lang="vi">Tài liệu AportisDoc</comment>
  <comment xml:lang="zh_CN">AportisDoc 文档</comment>
  <sub-class-of type="application/x-palm-database"/>
  <generic-icon name="x-office-document"/>
  <glob pattern="*.pdb"/>
  <glob pattern="*.pdc"/>
</mime-type>
