<?xml version="1.0" encoding="utf-8"?>
<mime-type xmlns="http://www.freedesktop.org/standards/shared-mime-info" type="application/x-bzip-compressed-tar">
  <!--Created automatically by update-mime-database. DO NOT EDIT!-->
  <comment>Tar archive (bzip-compressed)</comment>
  <comment xml:lang="ara">أرشيف Tar (مضغوط-bzip)</comment>
  <comment xml:lang="be@latin">Archiŭ tar (bzip-skampresavany)</comment>
  <comment xml:lang="bg">Архив — tar, компресиран с bzip</comment>
  <comment xml:lang="ca">arxiu tar (comprimit amb bzip)</comment>
  <comment xml:lang="cs">Archiv tar (komprimovaný pomocí bzip)</comment>
  <comment xml:lang="da">Tar-arkiv (bzip-komprimeret)</comment>
  <comment xml:lang="de">Tar-Archiv (bzip-komprimiert)</comment>
  <comment xml:lang="es">archivador Tar (comprimido con bzip)</comment>
  <comment xml:lang="eu">Tar artxiboa (bzip-ekin konprimitua)</comment>
  <comment xml:lang="fi">Tar-arkisto (bzip-pakattu)</comment>
  <comment xml:lang="fr">archive tar (compressée bzip)</comment>
  <comment xml:lang="ga">cartlann Tar (comhbhrúite le bzip)</comment>
  <comment xml:lang="hu">Tar archívum (bzip-pel tömörítve)</comment>
  <comment xml:lang="id">Arsip Tar (terkompresi bzip)</comment>
  <comment xml:lang="it">Archivio tar (compresso con bzip)</comment>
  <comment xml:lang="ja">Tar アーカイブ (bzip 圧縮)</comment>
  <comment xml:lang="ko">tar 묶음파일 (bzip으로 압축)</comment>
  <comment xml:lang="lt">Tar archyvas (suglaudintas su bzip)</comment>
  <comment xml:lang="lv">Tar arhīvs (bzip-saspiests)</comment>
  <comment xml:lang="nb">Tar-arkiv (bzip-komprimert)</comment>
  <comment xml:lang="nl">Tar-archief (ingepakt met bzip)</comment>
  <comment xml:lang="nn">Tar-arkiv (pakka med bzip)</comment>
  <comment xml:lang="pl">Archiwum tar (kompresja bzip)</comment>
  <comment xml:lang="pt_BR">Pacote tar (compactado com bzip)</comment>
  <comment xml:lang="ru">архив Tar (сжатый bzip)</comment>
  <comment xml:lang="sq">Arkiv tar (i kompresuar me bzip)</comment>
  <comment xml:lang="sv">Tar-arkiv (bzip-komprimerat)</comment>
  <comment xml:lang="vi">Kho nén tar (đã nén bzip)</comment>
  <comment xml:lang="zh_CN">Tar 归档文件(bzip 压缩)</comment>
  <generic-icon name="package-x-generic"/>
  <sub-class-of type="application/x-bzip"/>
  <glob pattern="*.tar.bz"/>
  <glob pattern="*.tar.bz2"/>
  <glob pattern="*.tbz"/>
  <glob pattern="*.tbz2"/>
</mime-type>
