<?xml version="1.0" encoding="utf-8"?>
<mime-type xmlns="http://www.freedesktop.org/standards/shared-mime-info" type="application/x-bzpdf">
  <!--Created automatically by update-mime-database. DO NOT EDIT!-->
  <comment>PDF document (bzip-compressed)</comment>
  <comment xml:lang="ara">مستند PDF (مضغوط-bzip)</comment>
  <comment xml:lang="be@latin">Dakument PDF (bzip-skampresavany)</comment>
  <comment xml:lang="bg">Документ — PDF, компресиран с bzip</comment>
  <comment xml:lang="ca">document PDF (comprimit amb bzip)</comment>
  <comment xml:lang="cs">Dokument PDF (komprimovaný pomocí bzip)</comment>
  <comment xml:lang="da">PDF-dokument (bzip-komprimeret)</comment>
  <comment xml:lang="de">PDF-Dokument (bzip-komprimiert)</comment>
  <comment xml:lang="es">documento PDF (comprimido con bzip)</comment>
  <comment xml:lang="eu">PostScript dokumentua (bzip-ekin konprimitua)</comment>
  <comment xml:lang="fi">PDF-asiakirja (bzip-pakattu)</comment>
  <comment xml:lang="fr">document PDF (compressé bzip)</comment>
  <comment xml:lang="ga">cáipéis PDF (comhbhrúite le bzip)</comment>
  <comment xml:lang="hu">PDF dokumentum (bzip-tömörítésű)</comment>
  <comment xml:lang="id">Dokumen PDF (terkompresi bzip)</comment>
  <comment xml:lang="it">Documento PDF (compresso con bzip)</comment>
  <comment xml:lang="ja">PDF ドキュメント (bzip 圧縮)</comment>
  <comment xml:lang="ko">PDF 문서 (bzip으로 압축)</comment>
  <comment xml:lang="lt">PDF dokumentas (suglaudintas su bzip)</comment>
  <comment xml:lang="lv">PDF dokuments (bzip-saspiests)</comment>
  <comment xml:lang="nb">PDF-dokument (bzip-komprimert)</comment>
  <comment xml:lang="nl">PDF-document (ingepakt met bzip)</comment>
  <comment xml:lang="nn">PDF-dokument (pakka med bzip)</comment>
  <comment xml:lang="pl">Dokument PDF (kompresja bzip)</comment>
  <comment xml:lang="pt_BR">Documento PDF (compactado com bzip)</comment>
  <comment xml:lang="ru">документ PDF (сжатый bzip)</comment>
  <comment xml:lang="sq">Dokument PDF (i kompresuar me bzip)</comment>
  <comment xml:lang="sv">PDF-dokument (bzip-komprimerat)</comment>
  <comment xml:lang="uk">Документ PDF (стиснений bzip)</comment>
  <comment xml:lang="vi">Tài liệu PDF (đã nén bzip)</comment>
  <comment xml:lang="zh_CN">PDF 文档(bzip 压缩)</comment>
  <generic-icon name="x-office-document"/>
  <glob pattern="*.pdf.bz2"/>
</mime-type>
