<?xml version="1.0" encoding="utf-8"?>
<mime-type xmlns="http://www.freedesktop.org/standards/shared-mime-info" type="application/x-bzpostscript">
  <!--Created automatically by update-mime-database. DO NOT EDIT!-->
  <comment>PostScript document (bzip-compressed)</comment>
  <comment xml:lang="ara">مستند PostScript (مضغوط-bzip)</comment>
  <comment xml:lang="be@latin">Dakument PostScript (bzip-skampresavany)</comment>
  <comment xml:lang="bg">Документ — PostScript, компресиран с bzip</comment>
  <comment xml:lang="ca">document PostScript (comprimit amb bzip)</comment>
  <comment xml:lang="cs">Dokument PostScript (komprimovaný pomocí bzip)</comment>
  <comment xml:lang="da">PostScript-dokument (bzip-komprimeret)</comment>
  <comment xml:lang="de">PostScript-Dokument (bzip-komprimiert)</comment>
  <comment xml:lang="es">documento PostScript (comprimido con bzip)</comment>
  <comment xml:lang="eu">PostScript dokumentua (bzip-ekin konprimitua)</comment>
  <comment xml:lang="fi">PostScript-asiakirja (bzip-pakattu)</comment>
  <comment xml:lang="fr">document PostScript (compressé bzip)</comment>
  <comment xml:lang="ga">cáipéis PostScript (comhbhrúite le bzip)</comment>
  <comment xml:lang="hu">PostScript dokumentum (bzip-tömörítésű)</comment>
  <comment xml:lang="id">Dokumen PostScript (terkompresi bzip)</comment>
  <comment xml:lang="it">Documento PostScript (compresso con bzip)</comment>
  <comment xml:lang="ja">(bzip 圧縮された) PostScript ドキュメント</comment>
  <comment xml:lang="ko">포스트스크립트 문서 (bzip으로 압축)</comment>
  <comment xml:lang="lt">PostScript dokumentas (suglaudintas su bzip)</comment>
  <comment xml:lang="lv">PostScript dokuments (bzip-saspiests)</comment>
  <comment xml:lang="nb">PostScript-dokument (bzip-komprimert)</comment>
  <comment xml:lang="nl">PostScript-document (ingepakt met bzip)</comment>
  <comment xml:lang="nn">PostScript-dokument (pakka med bzip)</comment>
  <comment xml:lang="pl">Dokument Postscript (kompresja bzip)</comment>
  <comment xml:lang="pt_BR">Documento PostScript (compactado com bzip)</comment>
  <comment xml:lang="ru">документ PostScript (сжатый bzip)</comment>
  <comment xml:lang="sq">Dokument PostScript (i kompresuar me bzip)</comment>
  <comment xml:lang="sv">Postscript-dokument (bzip-komprimerat)</comment>
  <comment xml:lang="uk">Документ PostScript (стиснене bzip)</comment>
  <comment xml:lang="vi">Tài liệu PostScript (đã nén bzip)</comment>
  <comment xml:lang="zh_CN">PostScript 文档(bzip 压缩)</comment>
  <generic-icon name="x-office-document"/>
  <glob pattern="*.ps.bz2"/>
</mime-type>
