<?xml version="1.0" encoding="utf-8"?>
<mime-type xmlns="http://www.freedesktop.org/standards/shared-mime-info" type="application/x-cbt">
  <!--Created automatically by update-mime-database. DO NOT EDIT!-->
  <comment>comic book archive</comment>
  <comment xml:lang="ara">أرشيف comic book</comment>
  <comment xml:lang="be@latin">archiŭ komiksaŭ</comment>
  <comment xml:lang="bg">Архив — комикси</comment>
  <comment xml:lang="ca">arxiu comic book</comment>
  <comment xml:lang="cs">Archiv knihy komiksů</comment>
  <comment xml:lang="da">comic book-arkiv</comment>
  <comment xml:lang="de">Comic-Book-Archiv</comment>
  <comment xml:lang="es">archivador de libro de cómic</comment>
  <comment xml:lang="eu">komiki artxiboa</comment>
  <comment xml:lang="fi">sarjakuva-arkisto</comment>
  <comment xml:lang="fr">archive Comic Book</comment>
  <comment xml:lang="ga">cartlann chartúin</comment>
  <comment xml:lang="hu">képregényarchívum</comment>
  <comment xml:lang="id">arsip buku komik</comment>
  <comment xml:lang="it">Archivio comic book</comment>
  <comment xml:lang="ja">コミックブックアーカイブ</comment>
  <comment xml:lang="ko">코믹북 묶음파일</comment>
  <comment xml:lang="lt">komiksų knygos archyvas</comment>
  <comment xml:lang="lv">komiksu grāmatas arhīvs</comment>
  <comment xml:lang="nb">Tegneseriearkiv</comment>
  <comment xml:lang="nl">stripboek-archief</comment>
  <comment xml:lang="nn">teikneseriearkiv</comment>
  <comment xml:lang="pl">Archiwum komiksu</comment>
  <comment xml:lang="pt_BR">Pacote de livro de revista em quadrinhos</comment>
  <comment xml:lang="ru">архив комиксов</comment>
  <comment xml:lang="sq">Arkiv comic book</comment>
  <comment xml:lang="sv">serietidningsarkiv</comment>
  <comment xml:lang="vi">Kho nén sách tranh chuyện vui</comment>
  <comment xml:lang="zh_CN">漫画书归档文件</comment>
  <sub-class-of type="application/x-tar"/>
  <generic-icon name="x-office-document"/>
  <glob pattern="*.cbt"/>
</mime-type>
