<?xml version="1.0" encoding="utf-8"?>
<mime-type xmlns="http://www.freedesktop.org/standards/shared-mime-info" type="application/x-cdrdao-toc">
  <!--Created automatically by update-mime-database. DO NOT EDIT!-->
  <comment>CD Table Of Contents</comment>
  <comment xml:lang="ara">جدول محتويات الـCD</comment>
  <comment xml:lang="be@latin">Źmieściva CD</comment>
  <comment xml:lang="bg">Съдържание на CD</comment>
  <comment xml:lang="ca">taula de continguts de CD</comment>
  <comment xml:lang="cs">Obsah CD</comment>
  <comment xml:lang="da">Cd-indholdsfotegnelse</comment>
  <comment xml:lang="de">CD-Inhaltsverzeichnis</comment>
  <comment xml:lang="es">Índice de contenidos de CD</comment>
  <comment xml:lang="eu">CDaren edukien aurkibidea</comment>
  <comment xml:lang="fi">CD-sisällysluettelo</comment>
  <comment xml:lang="fr">table des matières de CD</comment>
  <comment xml:lang="ga">clár ábhar dlúthdhiosca</comment>
  <comment xml:lang="hu">CD tartalomjegyzék</comment>
  <comment xml:lang="id">Tabel Isi CD</comment>
  <comment xml:lang="it">Indice CD</comment>
  <comment xml:lang="ko">CD 내용 목록</comment>
  <comment xml:lang="lt">CD turinys</comment>
  <comment xml:lang="lv">CD satura rādītājs</comment>
  <comment xml:lang="nb">Innholdsfortegnelse for CD</comment>
  <comment xml:lang="nl">CD-inhoudsopgave</comment>
  <comment xml:lang="nn">CD innhaldsliste</comment>
  <comment xml:lang="pl">Plik zawartości płyty CD</comment>
  <comment xml:lang="pt_BR">Sumário de CD</comment>
  <comment xml:lang="ru">таблица содержания CD</comment>
  <comment xml:lang="sq">Tregues CD</comment>
  <comment xml:lang="sv">Cd-innehållsförteckning</comment>
  <comment xml:lang="vi">Mục Lục của đĩa CD</comment>
  <comment xml:lang="zh_CN">CD 索引</comment>
  <sub-class-of type="text/plain"/>
  <generic-icon name="text-x-generic"/>
  <glob pattern="*.toc"/>
</mime-type>
