<?xml version="1.0" encoding="utf-8"?>
<mime-type xmlns="http://www.freedesktop.org/standards/shared-mime-info" type="application/x-chm">
  <!--Created automatically by update-mime-database. DO NOT EDIT!-->
  <comment>CHM document</comment>
  <comment xml:lang="ara">مستند CHM</comment>
  <comment xml:lang="be@latin">Dakument CHM</comment>
  <comment xml:lang="bg">Документ — CHM</comment>
  <comment xml:lang="ca">document CHM</comment>
  <comment xml:lang="cs">Dokument CHM</comment>
  <comment xml:lang="da">CHM-dokument</comment>
  <comment xml:lang="de">CHM-Dokument</comment>
  <comment xml:lang="es">documento CHM</comment>
  <comment xml:lang="eu">CHM dokumentua</comment>
  <comment xml:lang="fi">CHM-asiakirja</comment>
  <comment xml:lang="fr">document CHM</comment>
  <comment xml:lang="ga">cáipéis CHM</comment>
  <comment xml:lang="hu">CHM dokumentum</comment>
  <comment xml:lang="id">Dokumen CHM</comment>
  <comment xml:lang="it">Documento CHM</comment>
  <comment xml:lang="ja">CHM ドキュメント</comment>
  <comment xml:lang="ko">CHM 문서</comment>
  <comment xml:lang="lt">CHM dokumentas</comment>
  <comment xml:lang="lv">CHM dokuments</comment>
  <comment xml:lang="nb">CHM-dokument</comment>
  <comment xml:lang="nl">CHM-document</comment>
  <comment xml:lang="nn">CHM-dokument</comment>
  <comment xml:lang="pl">Dokument CHM</comment>
  <comment xml:lang="pt_BR">Documento CHM</comment>
  <comment xml:lang="ru">документ CHM</comment>
  <comment xml:lang="sq">Dokument CHM</comment>
  <comment xml:lang="sv">CHM-dokument</comment>
  <comment xml:lang="vi">Tài liệu CHM</comment>
  <comment xml:lang="zh_CN">CHM 文档</comment>
  <acronym>CHM</acronym>
  <expanded-acronym>Compiled Help Modules</expanded-acronym>
  <generic-icon name="x-office-document"/>
  <glob pattern="*.chm"/>
</mime-type>
