<?xml version="1.0" encoding="utf-8"?>
<mime-type xmlns="http://www.freedesktop.org/standards/shared-mime-info" type="application/x-fictionbook+xml">
  <!--Created automatically by update-mime-database. DO NOT EDIT!-->
  <comment>FictionBook document</comment>
  <comment xml:lang="ara">مستند FictionBook</comment>
  <comment xml:lang="bg">Документ — FictionBook</comment>
  <comment xml:lang="ca">document FictionBook</comment>
  <comment xml:lang="cs">Dokument FictionBook</comment>
  <comment xml:lang="da">FictionBook-dokument</comment>
  <comment xml:lang="de">FictionBook-Dokument</comment>
  <comment xml:lang="es">documento FictionBook</comment>
  <comment xml:lang="eu">FictionBook dokumentua</comment>
  <comment xml:lang="fi">FictionBook-asiakirja</comment>
  <comment xml:lang="fr">document FictionBook</comment>
  <comment xml:lang="hu">FictionBook-dokumentum</comment>
  <comment xml:lang="id">Dokumen FictionBook</comment>
  <comment xml:lang="it">Documento FictionBook</comment>
  <comment xml:lang="ko">FictionBook 문서</comment>
  <comment xml:lang="lt">FictionBook dokumentas</comment>
  <comment xml:lang="lv">FictionBook dokuments</comment>
  <comment xml:lang="nl">FictionBook-document</comment>
  <comment xml:lang="pl">Dokument FictionBook</comment>
  <comment xml:lang="pt_BR">Documento FictionBook</comment>
  <comment xml:lang="sv">FictionBook-dokument</comment>
  <comment xml:lang="vi">Tài liệu FictionBook</comment>
  <comment xml:lang="zh_CN">FictionBook 文档</comment>
  <sub-class-of type="application/xml"/>
  <glob pattern="*.fb2"/>
</mime-type>
