<?xml version="1.0" encoding="utf-8"?>
<mime-type xmlns="http://www.freedesktop.org/standards/shared-mime-info" type="application/x-fluid">
  <!--Created automatically by update-mime-database. DO NOT EDIT!-->
  <comment>FLTK Fluid file</comment>
  <comment xml:lang="ara">ملف FLTK Fluid</comment>
  <comment xml:lang="be@latin">Fajł FLTK Fluid</comment>
  <comment xml:lang="bg">Интерфейс — FLTK Fluid</comment>
  <comment xml:lang="ca">fitxer Fluid FLTK</comment>
  <comment xml:lang="cs">Soubor FLTK Fluid</comment>
  <comment xml:lang="da">FLTK Fluid-fil</comment>
  <comment xml:lang="de">FLTK-Fluid-Datei</comment>
  <comment xml:lang="es">Archivo FLTK Fluid</comment>
  <comment xml:lang="eu">FLTK Fluid fitxategia</comment>
  <comment xml:lang="fi">FLTK Fluid -tiedosto</comment>
  <comment xml:lang="fr">fichier Fluid FLTK</comment>
  <comment xml:lang="ga">comhad FLTK Fluid</comment>
  <comment xml:lang="hu">FLTK Fluid fájl</comment>
  <comment xml:lang="id">Berkas FLTK Fluid</comment>
  <comment xml:lang="it">File FLTK Fluid</comment>
  <comment xml:lang="ko">FLTK 파일</comment>
  <comment xml:lang="lt">FLTK Fluid failas</comment>
  <comment xml:lang="lv">FLTK Fluid fails</comment>
  <comment xml:lang="nb">FLTK Fluid-fil</comment>
  <comment xml:lang="nl">FLTK FLUID-bestand</comment>
  <comment xml:lang="nn">FLTK Fluid-fil</comment>
  <comment xml:lang="pl">Plik Fluid FLTK</comment>
  <comment xml:lang="pt_BR">Arquivo Fluid do FLTK</comment>
  <comment xml:lang="ru">файл FLTK Fluid</comment>
  <comment xml:lang="sq">File FLTK Fluid</comment>
  <comment xml:lang="sv">FLTK Fluid-fil</comment>
  <comment xml:lang="vi">Tập tin Fluid FLTK</comment>
  <comment xml:lang="zh_CN">FLTK 流体文档</comment>
  <sub-class-of type="text/plain"/>
  <generic-icon name="x-office-document"/>
  <glob pattern="*.fl"/>
</mime-type>
