<?xml version="1.0" encoding="utf-8"?>
<mime-type xmlns="http://www.freedesktop.org/standards/shared-mime-info" type="application/x-font-bdf">
  <!--Created automatically by update-mime-database. DO NOT EDIT!-->
  <comment>BDF font</comment>
  <comment xml:lang="ara">خط BDF</comment>
  <comment xml:lang="az">BDF yazı növü</comment>
  <comment xml:lang="be@latin">Šryft BDF</comment>
  <comment xml:lang="bg">Шрифт — BDF</comment>
  <comment xml:lang="ca">tipus de lletra BDF</comment>
  <comment xml:lang="cs">Písmo BDF</comment>
  <comment xml:lang="cy">Ffont BDF</comment>
  <comment xml:lang="da">BDF-skrifttype</comment>
  <comment xml:lang="de">BDF-Schrift</comment>
  <comment xml:lang="el">γραμματοσειρά BDF</comment>
  <comment xml:lang="en_GB">BDF font</comment>
  <comment xml:lang="eo">BDF-tiparo</comment>
  <comment xml:lang="es">tipografía BDF</comment>
  <comment xml:lang="eu">BDF letra-tipoa</comment>
  <comment xml:lang="fi">BDF-kirjasin</comment>
  <comment xml:lang="fr">police BDF</comment>
  <comment xml:lang="ga">cló BDF</comment>
  <comment xml:lang="hu">BDF-betűkészlet</comment>
  <comment xml:lang="id">Fonta BDF</comment>
  <comment xml:lang="it">Tipo carattere BDF</comment>
  <comment xml:lang="ja">BDF フォント</comment>
  <comment xml:lang="ko">BDF 글꼴</comment>
  <comment xml:lang="lt">BDF šriftas</comment>
  <comment xml:lang="lv">BDF fonts</comment>
  <comment xml:lang="ms">Font BDF</comment>
  <comment xml:lang="nb">BDF-skrifttype</comment>
  <comment xml:lang="nl">BDF-lettertype</comment>
  <comment xml:lang="nn">BDF-skrifttype</comment>
  <comment xml:lang="pl">Czcionka BDF</comment>
  <comment xml:lang="pt">tipo de letra BDF</comment>
  <comment xml:lang="pt_BR">Fonte BDF</comment>
  <comment xml:lang="ru">шрифт BDF</comment>
  <comment xml:lang="sq">Lloj gërme BDF</comment>
  <comment xml:lang="sr">BDF фонт</comment>
  <comment xml:lang="sv">BDF-typsnitt</comment>
  <comment xml:lang="uk">Шрифт BDF</comment>
  <comment xml:lang="vi">Phông chữ BDF</comment>
  <comment xml:lang="zh_CN">BDF 字体</comment>
  <comment xml:lang="zh_TW">BDF 字型檔</comment>
  <generic-icon name="font-x-generic"/>
  <glob pattern="*.bdf"/>
</mime-type>
